GEOID20,STATEFP,COUNTYFP,DISTRICT,G18USSDCAR,G18USSRARL,G18USSGTHE,G18USSLFRO,G18HALDROC,G18HALRWAL,G18ATGDJEN,G18ATGRPEP,G18TREDDAV,G18TRERSIM,G18TREGCHA,G18AUDDMCG,G18AUDRSPA
10001001-28,10,001,001-28,425.9584046736931,134.46369065858303,10.343360819891002,5.641833174486001,431.6002378481791,135.40399618766403,421.2568770282881,148.56827359479803,406.2119885629921,152.32949571112204,15.985193994377005,419.3762659701261,144.80705147847402
10001001-29,10,001,001-29,2216.7399831681782,2073.1538656417183,40.52128863914617,44.21100593677384,2320.1686485068735,1922.2025761841758,2208.723699672701,2101.225473425522,1937.6801559269531,2312.521699519206,79.25350765837521,2127.335384651135,2164.821519158326
10001001-30,10,001,001-30,813.9441504663429,1148.3648583973197,18.172947763059504,19.13600984473074,906.2899964481212,1003.9898222412112,885.8189514669943,1078.1603712474553,728.8084716678886,1225.4134053654,28.49600064569788,825.5302500178585,1141.4628896223253
10001001-31,10,001,001-31,47.730976172175254,59.17140661029977,1.0315142198308993,0.8439661798616449,51.01306687163721,53.920061491160645,49.981552651806304,57.29592621060723,38.16602613374327,68.07993850883936,1.9692544196771715,46.23059185242121,60.48424289008455
10001001-32,10,001,001-32,997.2969540241575,408.27609985437715,13.69903558024295,23.395957333635568,1026.7843320362942,370.79677147370103,1000.2765811138055,421.99225890083346,925.4357267583088,457.7801618645775,28.210783733540868,982.7664776053209,425.0414605205029
10001001-33,10,001,001-33,171,152,2,3,174,145,177,144,149,171,4,164,159
10001001-34,10,001,001-34,203.71664526726119,155.65790525161177,4.0530440592164965,4.229459721726475,216.01109027090146,133.81182135456987,201.63647310922312,155.95295632446536,171.89169657772004,182.43982524331358,4.965496124014917,193.72523318285133,163.20701221447996
10001002-28,10,001,002-28,735.2514611260921,492.9400340142653,14.536705013547508,14.007740508661998,757.9645333385066,458.3474628332719,736.1283799251169,502.59982022878796,626.2039834196623,582.3297883484975,27.468972652789365,720.2887487794311,510.0387284096714
10001002-29,10,001,002-29,2101.5604388910597,1264.7213894179458,34.86404191820542,38.822277199768884,2185.8571444401223,1156.2954335823179,2101.2843550791445,1295.6193830040768,1908.4570098186575,1447.9307867076534,48.095048998546396,2070.0472433259424,1315.0802599652613
10001002-30,10,001,002-30,112.11269286235235,122.5418887528219,2.2383148930890444,0.9807256766772791,120.63895383750022,111.0734507476422,116.30075582118938,119.8999818377377,102.21381747613863,131.87533377196007,2.0998831232218014,109.33235417740092,124.47993353096331
10001002-31,10,001,002-31,804.8038101582015,432.23325895087424,9.830154870940882,15.182361365528726,845.6532489592007,383.4211557035803,782.1053455453789,457.18895587010826,718.8985711906745,513.1101881765196,13.042464612822648,769.4657585345545,473.519620316403
10001002-32,10,001,002-32,627.1989659336425,390.3337973195246,15.636126329035864,16.73945763444907,666.6777162427877,349.1381831872444,639.0166566752248,389.5894801201133,548.5610228538746,457.5915051170566,29.45484715397661,619.3962857247001,410.27328256789974
10001002-33,10,001,002-33,926.2571633871445,835.0282262042175,11.755656579665324,18.879080838337522,979.8768298182986,755.9096250399043,935.002529849494,841.8939097604506,791.2400150116537,957.3331688021144,24.729986069447463,887.4551046356671,875.6218832345236
10001002-34,10,001,002-34,76.50508323527606,171.83512878187528,0.7292007865927035,4.726099775602285,91.3451711799691,153.25430211243366,83.15993873755606,168.1738535304618,57.18747375133744,194.2773518401413,1.8806444296802667,71.90276721605417,180.36827480581994
10001003-28,10,001,003-28,224.2399455622882,157.3827125064623,4.194181784831383,6.206039738231044,228.6076048829376,149.97437664864896,226.16054726109996,160.43242401698407,191.50207643302645,186.5594724911061,10.025859357683046,215.65370902085002,170.1661424905178
10001003-29,10,001,003-29,301.1128432831546,354.75950325806207,5.3575421256628015,5.128278888559442,318.4104604429739,325.5107509647863,308.88255249694527,346.02386651902407,247.9366548821199,400.5227666437313,12.853134860456152,291.60800301559334,362.68439778783744
10001003-30,10,001,003-30,374.57142857142856,893.3333333333334,10.80952380952381,12.746031746031745,431.4920634920635,803.7936507936507,424.8095238095238,845.0952380952381,282.1587301587301,965.8730158730159,31.555555555555554,356.07936507936506,917.8253968253969
10001003-31,10,001,003-31,1136,643,12,20,1162,592,1105,679,954,810,24,1090,682
10001003-32,10,001,003-32,500.1349099248198,334.6867759703377,10.640710898072648,16.167265668620065,534.6741423888784,294.8999687714231,507.6689480921851,340.0810952463345,431.45257715166883,397.7085610369249,14.942235530856147,494.89197243917454,352.6515786709229
10001003-33,10,001,003-33,516.3341426932602,646.1497211019627,4.880284902582799,9.760569805165598,573.9215045437372,551.4721939918563,559.2806498359888,602.2271569787174,427.5129574662532,727.1624504848371,14.640854707748398,505.597515907578,652.0060629850619
10001003-34,10,001,003-34,1005.6258094371158,1093.4419668677615,25.193590849877967,22.1466570203312,1074.3724870522885,1001.5681650392034,1045.1209735000753,1075.2528902993586,863.0229683754084,1228.937737620578,29.364407232810038,982.8762080917849,1133.9799199380534
10001004-28,10,001,004-28,22.964912280701753,30.719298245614034,0.2982456140350877,0,25.052631578947366,28.33333333333333,23.263157894736842,30.719298245614034,19.982456140350877,32.21052631578947,1.1929824561403508,23.561403508771928,29.82456140350877
10001004-29,10,001,004-29,263.30284396617986,326.412759415834,5.690238278247501,4.655649500384319,281.40814757878553,297.44427363566484,275.71790930053805,316.06687163720215,210.53881629515757,375.5557263643351,10.863182167563412,255.02613374327439,333.65488086087623
10001004-30,10,001,004-30,187.16084631980814,368.215579599137,5.0239564969802935,4.282058693786543,211.9003565900177,320.94674826156347,201.98859521498866,349.0087522557567,145.61971174437164,401.77633512724475,9.785365212021077,181.9353723502378,369.5946580473368
10001004-31,10,001,004-31,569.5693151910939,264.07396446288016,3.0052831759200114,6.342138626533353,589.9114538176273,237.74239218818684,567.2271765645605,271.4266694412535,501.8691884102671,316.4425189690136,15.678994077146694,544.2166102127205,285.4372357930936
10001004-32,10,001,004-32,163.8583192928194,60.02059913361865,4.3847558572281,1.9310644389422755,161.91794099025063,63.14932410718694,152.920279899892,73.38418693635576,150.66262760246596,70.53256711529887,5.343697876001874,156.76598947677527,67.57675935940749
10001004-33,10,001,004-33,654.8851190059848,840.9743676658112,17.18502556597564,22.025469128030746,715.9829584075384,761.8627561753802,670.3733206355355,840.9612573689374,542.8502520728078,951.4505350830468,29.25335872892892,619.9756804889728,896.3374654980388
10001004-34,10,001,004-34,1422.1307497162957,1054.9432202575017,21.448789587481148,36.54855334200259,1496.1228820923893,974.2848977524756,1432.1051848020095,1053.1118837472613,1213.194743084769,1254.2715905474802,38.177565108311704,1348.1562989482193,1137.8367565845256
10001005-28,10,001,005-28,1514.3795247817638,800.0404328734477,19.230569330874186,25.24421068406804,1537.978947319549,759.9498925779653,1501.9197697638429,827.8499880598324,1374.0718395655226,917.8606904512644,39.0520626712981,1471.551954362163,846.3830648758452
10001005-29,10,001,005-29,173.28132499989158,389.08762900915127,7.27737423561855,7.988457597034984,199.04457418394284,350.15088898578665,198.10791771042776,370.70517301218854,143.97018686068978,416.22808534311116,13.799278648995086,172.34176426855868,394.92238197648237
10001005-30,10,001,005-30,576.8391536801919,698.784420400863,4.9760435030197065,16.717941306213458,625.0996434099823,604.0532517384365,616.0114047850113,652.9912477442433,480.3802882556284,776.2236648727553,23.214634787978923,566.0646276497622,705.4053419526632
10001005-31,10,001,005-31,612,288,17,16,641,258,596,323,517,386,23,587,325
10001005-32,10,001,005-32,269.2626272246226,203.07326585951776,6.934087436762895,4.476565315923526,298.8198620811181,166.35545790001504,279.4225380658321,194.35225592140597,233.76155353759893,233.68250737324786,12.652915926085813,267.26719010051784,205.931253752308
10001005-33,10,001,005-33,301.00654548692523,517.8302741313773,6.959635470462366,7.350266748881463,334.17250642091403,469.3534349502368,336.0016481784379,485.6930073031352,255.0476797404609,554.6597996707902,12.51253926597565,293.4247393651994,522.6817340718856
10001005-34,10,001,005-34,287.71308310652574,358.29349958858154,7.89239825305399,7.2012152667890375,318.62244445851,313.29824672447626,301.07304259763276,351.85676308627126,223.4309766440914,421.88442306475093,15.33305905437053,281.5467434647762,372.1437432748908
10001006-28,10,001,006-28,345.72236985223515,292.65549545095877,5.278287240818733,6.73474456416276,351.02474864093585,279.15789951677095,336.1228937371482,304.54405425855015,288.9756665300286,344.16807937013016,12.009016547001167,322.61325202901946,310.5947379988245
10001006-29,10,001,006-29,249.89524864392007,521.7573283039981,7.856547884669954,9.633293631025682,281.88727381183645,477.5227510894415,271.2612583299095,511.54395547633504,189.0585029306962,579.4790140498491,13.770674502079363,240.1977236426652,539.896342736416
10001006-30,10,001,006-30,398.9718026183283,745.5881168177241,8.935548841893253,7.903323262839879,462.4400805639476,642.6354481369588,416.9395770392749,720.797583081571,316.0191339375629,816.7985901309164,14.822759315206445,371.42296072507554,775.2175226586103
10001006-31,10,001,006-31,735.4163197335554,170.1865112406328,13.13405495420483,11.646128226477934,761.6294754371357,161.43047460449625,715.0141548709408,205.28975853455455,686.3438800999168,216.99084096586176,20.402164862614487,730.0383014154871,191.83263946711074
10001006-32,10,001,006-32,86.46815041530212,14.734191118271877,1.3010702363440332,1.7677953841491152,90.55201224336795,13.324517810321462,86.99526905136794,16.184125648584885,85.75765608612929,14.949996051782591,2.4509678808038555,88.82152736832727,14.118601676497816
10001006-33,10,001,006-33,709.0926346892304,964.2903457237325,14.482486181965678,18.34083724163796,805.0007304788957,828.4966473556238,754.1183928539486,917.086955023044,605.6421812350015,1058.1857025746726,23.30348477831405,698.7094946672067,970.601824127129
10001006-34,10,001,006-34,829.1412781230449,671.6178765842606,20.85152624492189,10.677262990191739,885.9977202573386,599.9862373962939,849.4682973784284,651.0138728636559,714.2959612226174,769.2378364997747,23.496135011854687,811.8707342325954,687.1209656736738
10001007-28,10,001,007-28,62.59064495836399,37.722099606563674,0.3833605220228385,0.7262472144921046,62.02629306208617,35.841495271300474,61.909147128128026,37.30254080968983,53.96517715297103,44.826951987973004,1.5248909786862,59.721854375246565,39.332213799059595
10001007-29,10,001,007-29,433.96050318452643,569.6262620997329,8.57217762906871,11.04431522409087,473.55244072671775,515.3046647295354,453.8508784596871,559.3607567726219,333.41010642481876,669.0915894455695,14.71748407736785,409.524607554812,603.8171070998796
10001007-30,10,001,007-30,312,868,10,11,382,727,341,850,274,899,23,315,864
10001007-31,10,001,007-31,644.566783670239,221.89687294389043,10.438912922824276,14.549450129000565,671.7930836409424,203.85767638662568,642.0601100989545,230.1620900456344,585.8222385724481,263.8891407386945,24.21702450702146,643.4664786043294,234.82630690217027
10001007-32,10,001,007-32,16.248901903367496,19.91800878477306,0.5241581259150805,1.5724743777452417,18.08345534407028,17.821376281112737,16.510980966325036,20.1800878477306,13.366032210834554,23.325036603221083,1.048316251830161,15.986822840409957,21.228404099560763
10001007-33,10,001,007-33,490.46626977965553,416.83160804291515,11.281837044752123,10.465066156563115,538.2060742303636,356.01428116394453,512.8861766965043,404.44849219092634,428.42227335526974,471.4940753956211,18.541001804516803,497.2971594477171,419.0677831616306
10001007-34,10,001,007-34,728.2519129774316,549.7299582913868,17.793838542310983,10.240386553605163,758.8051948958417,492.1834279513451,733.7443124874807,546.4114707816133,602.5263612893195,663.555879671007,19.681043953686853,681.7525081848236,599.6055550107494
10001008-28,10,001,008-28,258.84297299489214,287.5864576972002,3.078702787275882,5.0638834494003,268.8643050932754,273.9598625378425,269.04415665614164,276.5486427089845,219.17769578438785,322.800681462032,7.223377662892175,246.6786178435565,298.4004727888145
10001008-32,10,001,008-32,15.321762856499033,14.009404173551317,0.34975284639493714,0.9806184307108113,16.792928301094154,12.379022481488386,15.696216465126792,14.006732534071313,13.390042825149536,16.188338044115433,0.7206925044813217,15.276955392165036,14.690156895600843
10001008-33,10,001,008-33,117.46183138372974,108.0231758814425,2.4755148757890444,3.1381569892011867,128.75393066826967,93.6717536237144,122.50155208670594,104.62658731418968,100.57829975776576,122.54379443837144,4.6572962581727415,118.55379447743472,108.37743717106027
10001008-34,10,001,008-34,573.545730591371,483.8557032851651,8.25580536122725,9.379979000513817,610.6968547168935,437.24365418554817,579.9219805505577,484.65609303012957,499.7828941828673,553.7694129251665,10.180368745478322,556.6653279923838,501.6533795940672
10001009-08,10,001,009-08,309.48662598081455,272.271135017853,6.640688364609968,7.584674841983778,322.824292188031,257.28745526810263,304.1200381383272,284.7362224978451,271.5390188740556,308.65500332856215,10.258770384411214,295.23381818813965,291.9376004003874
10001009-28,10,001,009-28,100.47146034099333,79.15048183839882,1.1682727946627132,0.2920681986656783,104.26834692364716,70.68050407709414,100.17939214232766,76.8139362490734,89.37286879169756,85.86805040770942,2.6286137879911045,99.5952557449963,78.56634544106745
10001009-32,10,001,009-32,509.9027811000052,358.5693667158877,12.792289640323876,5.766260078826907,526.6735971537856,331.7344995676003,510.77485751103075,363.3082793068276,436.28385136519154,418.5361278195736,20.656296384557535,488.6832539366401,380.42215939178277
10001009-34,10,001,009-34,108.21109123434704,94.90757304710792,1.9200954084675013,1.7829457364341086,116.85152057245081,84.62134764460346,108.896839594514,95.31902206320811,95.31902206320811,107.2510435301133,2.1943947525342873,105.87954680977937,98.33631484794275
10001010-08,10,001,010-08,277.0961908679117,167.79005617740924,6.076462239186202,10.32464937970239,284.9962878345382,161.70489324216734,274.06666044437424,178.71098287151747,245.4911626301759,195.74723491386067,14.583277355485398,269.19029343724804,186.0188628485641
10001010-28,10,001,010-28,44.43068480890614,13.926035537119837,0.9947168240799883,1.6578613734666472,46.088546182372795,14.257607811813166,42.7728234354395,17.573330558746463,38.130811589732886,20.557481030986423,2.3210059228533058,40.783389787279525,19.562764206906436
10001010-32,10,001,010-32,16.467575718315896,22.487979744366864,0.88535353324279,1.062424239891348,20.186060557935612,19.300707024692823,20.008989851287055,20.54020197123273,13.634444411938965,26.029393877338023,0.708282826594232,18.061212078152916,22.13383833106975
10001010-34,10,001,010-34,155.89068198689836,345.1621046659202,5.201934538157131,6.868427249353306,178.9696419226717,311.97128144529677,172.79719709479357,330.84870159219156,118.93682746789605,382.0831273996907,5.67590214539204,146.08395918926192,357.5884892592984
10001011-08,10,001,011-08,22.331753554502367,13.516587677725118,0.48973143759873616,0.8325434439178515,22.968404423380726,13.026856240126381,22.086887835703003,14.398104265402845,19.78515007898894,15.769352290679304,1.1753554502369667,21.695102685624015,14.985781990521325
10001011-28,10,001,011-28,407,109,9,5,421,104,402,125,391,119,14,410,110
10001012-08,10,001,012-08,45.58073038287759,23.174051096403353,0.7443296072660615,1.0461475043639663,47.48827140876662,21.438759390011928,44.172559748340774,25.43874234866594,41.433948203519726,26.73610140061441,1.408023710499772,43.94345174765912,25.346981609163638
10001012-28,10,001,012-28,147.0124624993445,67.57191294052058,3.3349853861291043,4.0604695482257736,152.01239005097605,62.4089544803451,146.31550367485724,72.75118125339817,134.8198450570893,79.44967736326578,3.4868074970951652,142.4292738327533,73.13939480082908
10001013-28,10,001,013-28,99.22731857633887,105.82837725492277,2.67711286133172,4.3215945301301,112.5283721899522,93.42174424934188,109.79050377067772,99.25019233699658,86.34588073253961,119.2702955764399,3.0855956520688617,103.20849978289439,104.53311199586744
10001014-28,10,001,014-28,692.0223474110387,400.9006526677143,10.713094548051357,11.075583902714559,698.428574611212,373.6967666187657,679.800814244188,407.7003449019527,605.998443695126,474.8882597031036,18.978498420530713,659.7358952530969,418.91906589143326
10003001-01,10,003,001-01,582.2503162826965,51.080376788021816,5.00401883940109,6.00746355888774,595.2606504411565,42.07865442827849,515.2434268437232,125.09645214562617,517.206683169199,100.12802874092046,9.00746355888774,526.2164432077444,100.12343578160493
10003001-02,10,003,001-02,692.6742889012828,27.906302286670385,12.956497490239821,5.979921918572225,719.5839375348578,24.91634132738427,593.0089235917457,140.5281650864473,669.7512548800892,33.88622420524261,16.943112102621306,676.7278304517569,35.87953151143335
10003001-03,10,003,001-03,430,26,10,15,451,32,409,68,425,28,15,425,46
10003001-04,10,003,001-04,916.3444018731375,257.44444444444446,17.754789272030653,11.836526181353769,957.7722435078757,219.96211153682418,939.0310770540656,260.4035759897829,674.6819923371647,493.18859088974034,24.659429544487015,693.4231587909749,492.2022137079608
10003001-05,10,003,001-05,838.7561497326203,189.35454545454544,9.17807486631016,11.079144385026739,856.8748663101604,176.37433155080214,799.716577540107,241.59197860962567,784.4791443850268,231.61176470588236,22.178074866310162,809.7561497326203,221.51283422459892
10003001-06,10,003,001-06,437.77828676133765,204.42510306917086,8.678424186898763,5.7856161245991755,457.06367384333487,189.96106275767292,432.9569399908383,215.99633531836923,391.4933577645442,239.13879981676592,16.392579019697664,391.4933577645442,255.5313788364636
10003001-07,10,003,001-07,606,333,17,13,616,331,610,340,525,402,29,525,430
10003001-08,10,003,001-08,339,435,3,6,341,424,329,449,255,506.99999999999994,15,285,488
10003001-09,10,003,001-09,472.4739195230999,441.618479880775,12.535022354694485,7.713859910581222,486.93740685543963,425.22652757078987,473.4381520119225,440.6542473919523,381.8360655737705,521.6497764530551,16.391952309985097,432.9403874813711,481.15201192250373
10003001-10,10,003,001-10,732.7187814090356,415.46155884357427,8.284032585779709,20.131502347118808,741.6971089356119,398.4769167075369,734.1187903261763,411.29639938599115,584.7056477347278,543.1580448532175,26.402384698186637,668.9225342513743,482.9601021649544
10003001-11,10,003,001-11,532,380,12,10,540,366,513,407,471,444,13,499,417
10003001-12,10,003,001-12,779,343,13,9,820,300,804,326,615,488,22,693,424
10003001-13,10,003,001-13,579.6178429925945,273.94745260966977,14.05388356073951,13.076335044380974,598.7256101140736,265.88009815874534,595.640294476236,268.99235557695266,509.3663863758102,340.1944189297258,20.076335044380976,535.501095277659,329.12257418207315
10003001-15,10,003,001-15,638.4965854480002,369.2781322197598,18.693259341638782,12.725944979732683,661.417179731571,357.35512399864604,628.4604596992511,391.5725682083542,559.8175819589231,437.7465102665754,28.803103038706983,607.6498834899133,411.6385866008816
10003001-16,10,003,001-16,611.5274310344828,201.06081570881227,11.700421072796935,8.131059770114943,607.6479643678161,204.75421915708813,588.8483712643679,226.40139118773948,555.1906727969349,237.19396666666665,24.92889846743295,589.5701536398467,221.55205785440614
10003001-17,10,003,001-17,363.1335286563326,143.49290906961102,3.5631469951467705,7.336453723958072,368.2417957630864,138.2010227311587,361.05959680379874,142.45569392699807,343.2698991639753,148.56309778071878,17.040218104743474,349.4578357067514,158.08323819644215
10003001-18,10,003,001-18,613.6496722505462,176.7181354697742,11.348871085214858,8.106336489439185,623.3772760378732,171.04369992716678,610.4071376547706,185.63510560815732,566.632920611799,217.24981791697013,11.348871085214858,597.4369992716679,199.41587764020395
10003001-19,10,003,001-19,567.9711637673806,278.98557527879404,14.10944146914123,16.085396092615753,588.1227143674747,275.91341272963246,586.021689440607,266.0228541987737,491.5406233925867,364.2850373085116,14.199641353145047,547.7751351651211,315.2501668891223
10003001-21,10,003,001-21,353,170,2,3,349,165,337.00000000000006,178,271,246.00000000000003,5,290,229.00000000000003
10003001-22,10,003,001-22,743.3613445378152,458.9439775910364,17.862745098039216,11.232492997198879,744.4565826330532,464.7114845938375,749.3473389355742,457.43697478991595,522.0392156862745,673.8963585434174,20.72549019607843,632.0364145658264,569.8851540616247
10003001-23,10,003,001-23,129,41,10,5,143,39,135,41,125,47,8,129,52
10003001-24,10,003,001-24,583,278,15,17,604,268,586,289,509,345,28,542,329
10003001-25,10,003,001-25,584.0137153334481,119.09431660704391,23.269440738879354,14.665023613677816,613.1081387475489,122.06132356120011,589.7601567375845,148.71450326419998,500.61592164378243,188.66701501042704,39.53577973626273,536.6894211448397,189.58548460890728
10003001-26,10,003,001-26,559,269,16,9,570,259,569,273,498,313,23.999999999999996,536,302
10003001-27,10,003,001-27,1028,367,22,19,1049,357,1004,398,917,478,28,966,446
10003002-01,10,003,002-01,938,36,22,5,980,28,836,160,909,51,18,918,51
10003002-02,10,003,002-02,200.14594594594593,5.249729729729729,3.281081081081081,1.3124324324324323,207.36432432432431,5.249729729729729,180.45945945945945,28.217297297297296,196.86486486486487,7.874594594594594,0.6562162162162162,198.8335135135135,7.874594594594594
10003002-03,10,003,002-03,709.620856099092,146.48816032173852,18.44853292865381,9.856101874737208,728.1291870134118,138.74081418898055,702.9577868301566,170.72477860533607,611.4107121438811,235.11129333770907,24.296416269263535,633.9272615923285,226.30956933396146
10003002-04,10,003,002-04,729.4081222872768,379.6194620834832,5.234196626860186,6.141037943497945,751.8882997227266,332.3444252858905,732.6729466349547,368.7629226680319,473.3400431763767,625.6454569578116,11.302375429496635,580.0193622105855,516.2510368876995
10003002-05,10,003,002-05,384.2438502673797,116.64545454545454,8.82192513368984,3.920855614973262,390.1251336898396,117.62566844919786,382.283422459893,128.40802139037433,370.5208556149733,129.38823529411764,8.82192513368984,384.2438502673797,124.48716577540107
10003002-06,10,003,002-06,687,392,20,12,726,356,692,395,539,543,18,621,474
10003002-07,10,003,002-07,747,377,16,13,787,328,751,373.00000000000006,614,501,16,681,445
10003002-08,10,003,002-08,759.0976790428286,383.9043998165097,9.401060088607572,8.476725634690899,755.8422465351185,377.3386389557832,738.2238550289212,407.09046533108466,672.841047291767,465.0845380727118,14.616625361317283,731.772581538648,412.3986395553524
10003002-09,10,003,002-09,555,252,12,12,566,247,539,277,486,322,15,527,290
10003002-10,10,003,002-10,548.3853606027988,272.762109795479,8.583423035522067,9.53713670613563,571.2744886975242,247.0118406889128,556.9687836383207,267.9935414424112,436.8008611410118,370.994617868676,17.166846071044134,490.20882669537133,326.1700753498385
10003002-11,10,003,002-11,795.9999999999999,366,10,15,826,348,787,383,690,452,29,757,414
10003002-12,10,003,002-12,556,266,16,12,602,230,568,269,461,343,31,515,316
10003002-13,10,003,002-13,387,180,12,11,397,185,400,180,344,229,12,378,207
10003002-15,10,003,002-15,809.2475289432964,437.5119029631861,8.969492315873975,15.945764117109288,831.1729546043217,414.5898670448415,789.3153237969098,460.4339388815307,717.559385269918,512.2576722621359,25.911866690302595,768.3865083932039,478.3729235132787
10003002-16,10,003,002-16,589.3762552064622,69.54022627599342,8.482840067614775,11.89080231123115,599.5471911638454,74.6362844093782,517.9043594827571,145.28531249758555,549.2506251450976,93.56540445639907,12.75603056550173,571.2805929496324,85.10374469817066
10003002-17,10,003,002-17,1187.7929952953475,113.07631991636174,12.78254051228437,12.78254051228437,1204.5086251960272,111.10977522216415,1120.9304756926294,191.73810768426554,1145.5122843700992,149.45739675901726,17.698902247778356,1160.2613695765813,135.69158389963408
10003002-18,10,003,002-18,501.18888888888887,178.71851851851852,5.8277777777777775,8.741666666666667,513.8157407407408,170.94814814814816,478.8490740740741,201.05833333333334,432.22685185185185,233.11111111111111,19.425925925925927,458.45185185185187,219.51296296296297
10003002-19,10,003,002-19,395.16130376508687,198.0758414862591,10.89417128174425,7.923033659450364,409.02661266912503,191.14318703424001,399.1228205948121,202.03735831598428,351.5846186381099,227.78721770919796,19.80758414862591,375.353719616461,223.82570087947278
10003002-21,10,003,002-21,497,303,14,5,506,291,523,287,422,361,23,454,349
10003002-22,10,003,002-22,518,319,4,11,524,305,520,316,387,449,10,444,395
10003002-23,10,003,002-23,694.3316782522344,301.1559086395233,23.23733862959285,14.871896722939423,713.8510427010923,295.57894736842104,673.8828202581926,342.98311817279045,538.1767626613704,462.8877855014896,24.166832174776562,606.9592850049652,407.1181727904667
10003002-24,10,003,002-24,595.3065134099617,239.07509578544062,12.382375478927203,16.192337164750956,617.2137931034482,220.02528735632185,596.2590038314177,246.69501915708813,543.872030651341,276.22222222222223,25.717241379310344,575.304214559387,271.45977011494256
10003002-25,10,003,002-25,580.6440217391304,320.2899456521739,11.065760869565217,12.041847826086956,600.7277173913044,301.30190217391305,563.6619565217391,337.3766304347826,486.4078804347826,408.48722826086953,18.11358695652174,508.5125,392.4902173913043
10003002-26,10,003,002-26,493,111,8,7,511,110,499,117,464,136,15,483,131
10003002-27,10,003,002-27,510,228,11,10,531,207,523,218,438,286,17,477,261
10003003-01,10,003,003-01,542,20,8,4,557,17,478,83,537,18,14,531,21
10003003-02,10,003,003-02,151,19,4,4,156,22,152,28,126,45,9,118,58
10003003-03,10,003,003-03,319,25,3,4,325,18,280,59.99999999999999,302,32,6,308,29.999999999999996
10003003-04,10,003,003-04,843,262,18,10,879,234,862,263,592,520,16,644,480
10003003-05,10,003,003-05,521,95,5,9,536,86.99999999999999,501.99999999999994,121,502.99999999999994,111.99999999999999,11,515,107
10003003-06,10,003,003-06,185,84,2,2,191,74,184,90,135,133,6,163,108
10003003-07,10,003,003-07,668,313,9,11,689,294,662,322,541,430,18,597,387
10003003-08,10,003,003-08,539.0872292457407,223.9732912873491,6.787069432949973,9.695813475642819,553.6309494592049,209.42957107388486,520.6651836420193,246.2736622813276,479.9427670443195,282.14817214120603,10.6653948232071,504.18230073342653,262.75654518992036
10003003-09,10,003,003-09,700.4893824107226,478.16284075094137,12.96161398574833,10.824318548978363,704.954280471226,461.42893886990123,696.4289497387786,489.3353046012125,569.5066142790478,609.9073206081158,14.467504359341484,639.7467918085655,542.7085026771315
10003003-10,10,003,003-10,558,305,11,5,567,277,555,305,455,403,9,493,368
10003003-11,10,003,003-11,309.99467509668455,592.9898139752707,10.999811051817838,8.999845406032778,328.9943487316427,565.9902777571724,305.99474380511447,596.9897452668409,257.99556830627296,638.9890238283272,16.999707989173025,287.9950529930489,613.9894532560139
10003003-12,10,003,003-12,519,235,10,7,535,220,525,234,428,314,16,475.00000000000006,279
10003003-13,10,003,003-13,180.87666034155598,23.81837896448902,3.635944700460829,7.299268094334508,193.10111141230684,22.11764705882353,187.53998373542964,28.304689617782596,182.51992409867174,24.95066413662239,6.710761724044456,185.0436432637571,27.72621306587151
10003003-15,10,003,003-15,901,282,11,5,925,256,850,330,832,334,23,869,315
10003003-16,10,003,003-16,775.8332506823347,33.90543339305715,9.340446299543029,6.932841088903699,793.4270917314382,32.66577745209686,676.6029399592875,136.75101651587633,761.3827556192946,43.67343900764825,7.126732590122787,760.921804064786,48.320694012695625
10003003-17,10,003,003-17,809,172,18,10,840,161,801,197,767,206,20,793,198
10003003-18,10,003,003-18,367,90,11,3,377,89,355,105.99999999999999,342,110.99999999999999,11,360,101
10003003-19,10,003,003-19,519.8914819136523,335.7553481135745,19.125243096071568,8.098405289770518,540.1240762349281,318.60326721120185,543.1330221703618,322.6479968883703,415.4710229482692,429.1400233372229,22.13418903150525,472.54259043173863,398.1489692726566
10003003-21,10,003,003-21,616.0907944514502,451.1374527112232,12.918032786885247,15.899117276166457,655.8385876418663,408.40857503152586,640.9331651954603,430.2698612862547,521.6897856242118,536.5952080706179,16.89281210592686,580.3177805800757,491.8789407313997
10003003-22,10,003,003-22,560,401,10.999999999999998,9,593,364,564,384,394,572,9,489,481
10003003-23,10,003,003-23,572,247,33,8,601,235,579,265,454,368,25,484,371
10003003-24,10,003,003-24,418.43660402450706,227.17600046362438,6.4448852339124665,10.338534896811407,434.0621569883647,216.54414005980476,430.1332040568525,223.71617517955505,385.1920431278447,254.93283578143965,14.856767962769718,404.6470033787773,249.91156731510551
10003003-25,10,003,003-25,609,201,33,18,652,187,624,222,526,279,40,585,260
10003003-26,10,003,003-26,475.7407407407407,169.54320987654322,7.148148148148148,12.222222222222221,487.0617283950617,167.34567901234567,464.1728395061728,187.11111111111111,433.98765432098764,207.92592592592592,9.493827160493828,448.65432098765433,195.58024691358025
10003003-27,10,003,003-27,388.8425196850394,116.43307086614173,5.858267716535433,2.9291338582677167,396.1653543307087,112.03937007874016,378.5905511811024,129.61417322834646,361.748031496063,143.5275590551181,5.125984251968504,373.46456692913387,134.74015748031496
10003004-01,10,003,004-01,768,30.999999999999996,12,8,785,27,703,100,710,57,17,740,56
10003004-02,10,003,004-02,45.644171779141104,12.932515337423313,2.2822085889570554,0.7607361963190185,47.92638036809816,12.932515337423313,46.40490797546012,15.214723926380367,38.03680981595092,22.822085889570552,0.7607361963190185,35.75460122699387,25.865030674846626
10003004-03,10,003,004-03,495,30,6,2,509,24,449,65,476,30,13,480,33
10003004-04,10,003,004-04,372,62,7,3,383,53,368,65,335,83,9,348,81
10003004-05,10,003,004-05,647,73,12,10,667,73,587,109,628,94.99999999999999,9,641,91
10003004-06,10,003,004-06,587,219,16,12,616,202,590,236,505,307,21,525,304
10003004-07,10,003,004-07,987,323,25,14,1021,306,982,344,914,386,31,907,419
10003004-08,10,003,004-08,644.560212514758,123.9917355371901,11.808736717827626,10.824675324675326,662.2733175914994,117.10330578512398,625.8630460448643,154.49763872491147,617.9905548996459,147.60920897284535,17.713105076741442,629.7992916174735,141.70484061393154
10003004-09,10,003,004-09,402.0999284385287,333.416630885931,3.9294690138829256,9.835437240589666,413.0177329325891,320.45173894375273,393.4645055102333,353.7228137970517,331.2753685415772,406.1471017604122,4.117704308000572,358.99341634464,384.3585515958208
10003004-10,10,003,004-10,770,274,13,15,802,258,782,286,706,335,24,752,311
10003004-11,10,003,004-11,289.87969990634366,302.85324613332426,5.9975704532316785,1.0012061974080066,298.87584543986037,281.86437637614824,301.8722139836721,284.8655782855682,245.89975814350643,339.8366177819951,13.994401106317513,270.8893548368641,319.846537539423
10003004-12,10,003,004-12,496.00000000000006,342,6,9,508,312,514,320,290,553,7,397,445
10003004-13,10,003,004-13,586.7120690953294,277.72105021692545,8.10123824805444,5.236222578793692,595.1845142529168,265.5860658861862,586.0495299221776,274.68730413424066,519.5095925992206,331.0247649610888,19.20247649610888,545.610830847275,322.1260032091432
10003004-15,10,003,004-15,463.9966866537625,184.99867894600445,8.999935732508325,7.999942873340733,468.99665094960045,189.99864324184242,449.99678662541623,207.99851470685905,400.99713652620426,249.9982147918979,7.999942873340733,425.99695800539405,228.99836474937848
10003004-16,10,003,004-16,292.4859166055908,73.70863497288326,1.0402828613562447,5.42968929412172,292.71327881031516,71.07499111322399,286.86134542170527,75.88664164047765,276.9772890648968,77.80480578838699,9.851576041847824,283.2848596455716,75.88664164047765
10003004-17,10,003,004-17,545.9550616090843,239.40275428847548,9.731819280019328,6.81227349601353,557.6332447451075,219.93911572843683,529.4109688330515,246.215027784489,448.63686880889105,323.0964000966417,18.490456632036725,498.2691471369896,285.14230490456634
10003004-18,10,003,004-18,891.5280522803761,235.31095440380616,7.7525049754988835,8.254174959164805,903.0330622313737,230.0601194119732,851.7722073375453,277.07347928130054,822.0130224273827,291.0734792813006,13.006679934663689,846.7688673702135,275.07013931396875
10003004-19,10,003,004-19,526,315,8,6,526,311,528,302,457,363,18,485,336
10003004-21,10,003,004-21,639,237,17,12,664,222,633,264,522,352,24,571,323
10003004-22,10,003,004-22,507.63865546218483,341.0560224089636,6.137254901960784,8.767507002801121,522.5434173669468,332.28851540616245,514.6526610644257,344.56302521008405,355.96078431372547,490.10364145658264,12.274509803921568,419.9635854341737,433.11484593837537
10003004-23,10,003,004-23,916,330,47,20,965,332,938,352,765,490,32,773,518
10003004-24,10,003,004-24,356.69348659003833,106.92490421455939,6.617624521072797,7.807662835249042,365.78620689655173,99.97471264367816,354.7409961685824,113.30498084291189,347.127969348659,107.77777777777779,9.282758620689656,345.69578544061307,118.54022988505747
10003004-25,10,003,004-25,363.98618352295495,228.4935293040576,13.629438590066595,7.215585135917609,376.0121587494843,218.07101744106552,361.58098847764904,235.70911443997522,316.68401429860614,266.9766500289515,16.836365317141087,328.7099895251355,266.1749183471829
10003004-26,10,003,004-26,676,228,9,11,683,225,648,266,609,274,22,649,258
10003004-27,10,003,004-27,863.1574803149606,349.56692913385825,14.141732283464567,8.070866141732283,877.8346456692913,332.96062992125985,850.4094488188975,359.38582677165357,757.251968503937,438.4724409448819,23.874015748031496,785.5354330708661,414.25984251968504
10003005-01,10,003,005-01,878.6033040604445,117.00357813464905,23.728805512152107,14.261699678829268,916.4130764012995,105.76094783986201,830.8910683355197,182.61877741580486,753.9411546705076,222.34386626287758,30.27745882969733,738.8028777714457,272.681718729493
10003005-02,10,003,005-02,417.6544454395715,43.13801783882898,8.823685467033199,4.902047481685111,427.4585404029417,39.21637985348089,392.1637985348089,79.41316920329879,402.94830299451615,55.883341291210265,10.784504459707245,410.7915789652123,58.82456978022133
10003005-03,10,003,005-03,49,3,2,1,50,4,49,5,48,4,2,48,6
10003005-04,10,003,005-04,83,10,3,0,88,10,85,12,82,11,2,83,12
10003005-05,10,003,005-05,657,76,12,8,670,74,623,119,628,100,9,644,88
10003005-06,10,003,005-06,714.9279519679786,158.97865243495664,8.567711807871914,5.711807871914609,718.7358238825884,157.07471647765178,692.0807204803202,181.82588392261508,640.6744496330887,211.33689126084056,16.183455637091395,650.1941294196131,220.85657104736492
10003005-07,10,003,005-07,471,90,19,8,500,80,490,93,417,146,24,454,123
10003005-08,10,003,005-08,1027.2134602311353,331.91298436437796,13.352821210061183,17.167912984364378,1049.1502379333785,316.65261726716517,941.3738953093134,433.01291638341263,908.9456152277363,440.643099932019,21.936777702243372,957.588035350102,404.3997280761387
10003005-09,10,003,005-09,530.5781254085283,300.6662621515235,5.119155908218573,9.345664808705408,543.2092754939966,281.34999875731575,531.2854244940116,305.18460394664646,453.35835044578744,377.21480067905276,12.429848550084163,493.42180750630064,343.19012300068755
10003005-10,10,003,005-10,685,362,16,12,725,310,687,373,508,530,21,594,460
10003005-12,10,003,005-12,804,460,6,11,820,416,811,445,513,736,13,666,576
10003005-13,10,003,005-13,510.531751586033,208.21496117289058,22.013704647533668,16.008628816512164,543.5460276057927,194.20841880497167,511.53747063624127,220.21311890061824,466.4804660773579,241.25809748628777,30.01826881842241,504.4978275962415,225.25169881229033
10003005-15,10,003,005-15,1133.417300714397,344.2037893478906,17.949550207743417,18.794164762464032,1177.474606665568,318.0621361776563,1087.5212828624637,409.874510337607,1044.2026841364489,424.4303617062033,23.92198467236484,1095.239501159088,403.2871385140867
10003005-16,10,003,005-16,821.0041796555267,44.000135224149396,6.000049172417961,6.000030732761226,828.0042780003627,38.000122931044906,710.0036387589291,142.0006945604037,783.0041304831087,50.000172103462866,15.000030732761225,802.0041058968998,41.000208982776336
10003005-17,10,003,005-17,461,206,9,11,466,211,465,213,415,251,12,433,239
10003005-18,10,003,005-18,494,216,18,11,507,225,505,231,466,251,16,485,244
10003005-19,10,003,005-19,440,280,11,8,448,275,458,262,390,325,10,402,317
10003005-21,10,003,005-21,749,484,9,13,779,426,772,455,600,625,14,663,570
10003005-22,10,003,005-22,848,631,15,14,864,614,843,641,623,851,23,732,750
10003005-23,10,003,005-23,563,133,22,7,585,136,560,154,511,179,31,525,196
10003005-24,10,003,005-24,582.5014442518775,277.42865395725016,19.74581166955517,19.74581166955517,617.056614673599,272.49220103986136,602.2472559214327,281.3778162911612,524.2512998266898,341.60254188330447,27.64413633737724,570.6539572501445,308.03466204506066
10003005-25,10,003,005-25,794.6009773636501,397.46914721223476,19.300665923937814,13.0163189345217,830.4989238871727,378.0963690687193,790.5683268344559,411.2201600243075,685.7615713779307,491.46094343444577,27.7183496227275,734.2717627994126,465.8922367954626
10003005-26,10,003,005-26,805,188,11,16,827,181,803,203,724,250,27,773,223
10003005-27,10,003,005-27,712,341,8,13,734,313,711,345,638,405,17,675,377
10003006-01,10,003,006-01,295,12,7,1,298,9,268,41,280,19,2,276,24
10003006-02,10,003,006-02,397,30,8,10,410,34,365,76,355,64,15,359,77
10003006-03,10,003,006-03,306,12,8,2,308,10,278,44,300,16,2,299,16
10003006-04,10,003,006-04,603,160,10,17,626,156,605,173,496,264,20,486,294
10003006-05,10,003,006-05,713,104,7,5,727,96,674,141,674,131,13,690,122
10003006-06,10,003,006-06,345.4086296422036,66.05207847875035,6.039058859062761,4.006509809843793,364.4476885012664,53.032549049218964,341.18078629767086,69.26690220359554,319.271923635484,90.07160790828173,6.078117718125523,328.3240021142343,82.09113733781311
10003006-07,10,003,006-07,482,180,8,7,502,157,496,170,431,228,8,452,213
10003006-08,10,003,006-08,698.7865397688647,449.08701563562204,8.647178789938817,16.832087015635622,724.8497620666213,420.34738273283483,671.6261046906866,491.9870836165873,590.0543847722638,548.356900067981,27.063222297756628,638.411964649898,513.6002719238613
10003006-09,10,003,006-09,621.3560229157245,545.3304186140007,9.231016634001708,17.38491884014272,643.0522136790794,522.0936730488969,624.3510477913463,554.4888687873763,496.42853912256896,681.2571486004322,12.15324890698025,568.58306950098,612.1800592994623
10003006-10,10,003,006-10,645,424,9,10,679,385,672,405,496,565,20,562,507
10003006-12,10,003,006-12,287.7529200359389,206.56244384546272,8.072327044025158,9.072327044025156,287.96990116801436,202.3041329739443,291.94923629829293,215.40745732255166,182.3683737646002,321.97798742138366,7.041329739442947,230.95732255166217,263.34770889487874
10003006-13,10,003,006-13,610.4284260996608,355.6669716718155,15.985032434688335,14.985967907520315,648.3928781320456,318.7015841665987,646.3947490777095,325.69503585677484,549.4854899424115,399.6258108672084,27.973806760704587,583.4536838661243,388.6361010683602
10003006-15,10,003,006-15,682.0072976733954,168.00223019966288,14.000115024624447,9.00012141488136,713.0075852349565,150.00205766272623,669.0069973313206,196.0026583468761,654.0067161600164,193.0027542007298,19.00015336616593,683.0070484533758,175.0026136150777
10003006-16,10,003,006-16,511.93502962793343,33.01603967250877,4.17731289975686,7.242155376369906,516.1814945516262,36.0411396695287,456.71828888620496,93.26292627560585,468.35289345626944,70.15049188932574,9.328203707949324,476.79705506296034,67.99141802168297
10003006-17,10,003,006-17,48.398510971786834,61.90164576802508,1.0811128526645768,1.0991379310344827,52.51567398119122,57.84757053291536,53.25431034482759,56.072884012539184,47.947884012539184,59.25313479623824,3.1532131661442007,52.191222570532915,58.126959247648905
10003006-18,10,003,006-18,725,159,7,5,731,154,706,174,683,180,15,705,171
10003006-19,10,003,006-19,111,34,3,2,119,27,107,36,103,35,6,102,43
10003006-21,10,003,006-21,714,317,21,16,760,289,720,317,596,421,30,660,384
10003006-22,10,003,006-22,283,194,5,2,284,185,287,193,220,256,5,243,233
10003006-23,10,003,006-23,652.328792065333,403.3943159906695,18.12006470609427,11.442941227284306,700.0044426298384,360.4863980326945,682.839312717141,389.0937511009053,527.3900705627282,532.1443991628659,19.074520784977008,584.6126754886311,496.85705032876103
10003006-24,10,003,006-24,603.8777111165937,298.3204040839783,12.387437231215163,8.70907933206183,626.5963547937697,275.5749613304397,620.6456006819434,288.7198639658792,519.8721503821158,370.10109486193454,24.071007210931185,551.4088425133219,351.3305726640557
10003006-25,10,003,006-25,544.2959427207637,237.15751789976136,14.579355608591886,10.691527446300716,568.5948687350835,215.7744630071599,558.8752983293556,237.15751789976136,490.8383054892601,284.78341288782815,18.467183770883057,514.1652744630071,272.14797136038186
10003006-26,10,003,006-26,678,266,10,8,703,247,653,294,607,323,17,668,289
10003006-27,10,003,006-27,523,123.00000000000001,8,10,540,117,516,143,484,152,18,507,145
10003007-01,10,003,007-01,292,26,5,3,301,22,265,52,261,40,5,274,39
10003007-02,10,003,007-02,330.58155822882964,26.42295206186326,5.076291125804976,5.0213209240185614,337.70604647983834,26.321198234345854,319.17217865663866,40.07643379588771,312.60723913070063,44.3502928817111,6.168761798677124,317.7107233785737,39.53247961272736
10003007-03,10,003,007-03,583,53,14,11,605,48,564,84,563,65,16,573,62
10003007-04,10,003,007-04,714,152,15,13,742,147,710,179,583,282,22,570,315
10003007-05,10,003,007-05,498.00331334623746,90.00132105399555,9.000064267491675,7.000057126659267,508.00334905039955,85.00135675815758,484.00321337458377,115.00148529314093,469.00286347379574,118.00178520810209,11.000057126659266,481.00304199460595,111.00163525062152
10003007-06,10,003,007-06,548,270,14,9,576,248,547,278,414,397,14,477,348
10003007-07,10,003,007-07,597,240,13,7,612,231,592,249,523,304,13,528,309
10003007-08,10,003,007-08,541,502,11,13,550,484,534,513,420,616,19,467,576
10003007-09,10,003,007-09,117.97979797979798,103.97306397306397,1.0774410774410774,2.154882154882155,119.05723905723906,101.27946127946129,117.97979797979798,102.35690235690235,92.12121212121211,128.21548821548822,3.2323232323232323,103.43434343434343,115.82491582491582
10003007-10,10,003,007-10,857,401,13,9,888,374,860,400,662,585,15.000000000000002,766,490
10003007-12,10,003,007-12,526,285,11,14,555,271,529,294,415,401,14,470,350
10003007-13,10,003,007-13,231.91549989326583,94.31158029467893,4.5427601416252115,7.1286609982510765,238.39410858436455,93.06110315986714,234.57203896491043,99.06625508136041,203.18223889166296,124.62749877066152,6.690523336154993,214.64174538648297,120.4379297041301
10003007-15,10,003,007-15,588.2461538461539,287.6076923076923,13.03076923076923,5.584615384615384,604.0692307692308,275.5076923076923,568.7,316.46153846153845,544.5,334.1461538461538,10.23846153846154,567.7692307692307,317.3923076923077
10003007-16,10,003,007-16,565.522765598651,81.93086003372682,2.9974704890387858,13.988195615514334,582.508431703204,81.93086003372682,541.5430016863406,109.90725126475547,538.5455311973019,108.90809443507588,5.9949409780775715,561.5261382799325,90.92327150084317
10003007-17,10,003,007-17,421.3793103448276,152.9080459770115,7.022988505747127,5.137931034482759,431.37931034482756,146.83908045977012,418.2413793103448,153.95402298850576,394.98850574712645,168,11.25287356321839,408.14942528735634,165.95402298850576
10003007-18,10,003,007-18,344.1063829787234,173.52373158756137,7.842880523731587,5.88216039279869,345.0867430441898,172.5433715220949,359.7921440261866,161.75941080196398,295.088379705401,215.67921440261864,9.803600654664484,329.40098199672667,187.24877250409165
10003007-19,10,003,007-19,368,194,13,6,375,189,388,185,327,232,11,350,214
10003007-21,10,003,007-21,51,81,1,6,62,73,57,76,41,93,4,47,91
10003007-22,10,003,007-22,1003,451,17,12,1039,417,1018,442,841,601,23,930,528
10003007-23,10,003,007-23,598.671207934667,288.60568400933045,15.879935293905731,4.557058772715694,603.9955573701616,284.5136019673055,594.160687282859,295.9062488990947,465.6099294372718,410.85560083713403,19.92547921502299,521.3873245113688,376.14294967123897
10003007-24,10,003,007-24,687,175,8,9,682,181,673,197,625,219,20,668,198
10003007-25,10,003,007-25,404.7551020408163,229.6530612244898,6.73469387755102,6.061224489795919,427.6530612244898,211.46938775510205,405.42857142857144,228.9795918367347,349.53061224489795,271.40816326530614,12.795918367346939,377.81632653061223,249.85714285714286
10003007-26,10,003,007-26,820,258,17,12,854,244,825,270,766,307,23,800,287
10003007-27,10,003,007-27,189,169,2,1,190,158,183,174,145,206,8,161,195
10003008-01,10,003,008-01,107,29,1,4,109,30,104,34,99,38,2,106,33
10003008-02,10,003,008-02,326,12,10,7,344,10,296,53,315,17,11,323,18
10003008-03,10,003,008-03,539,133,14,13,574,117,543,141,493,182,9,520,174
10003008-04,10,003,008-04,899.7524071526823,541.850894085282,17.995048143053644,23.993397524071526,968.7334250343879,473.86960110041264,945.7397524071527,513.8585969738652,722.8011004126547,721.8013755158184,21.9939477303989,816.7752407152682,637.8244841815681
10003008-05,10,003,008-05,998,306,17,9,1013,297,953,350,910,385,19,951,350
10003008-06,10,003,008-06,910,401,29,20,974,362,916,425,759,550,41,794,556
10003008-07,10,003,008-07,688,371,8,12,701,350,684,374,557,483,27,628,429
10003008-08,10,003,008-08,753.2548791966727,434.13057335895115,10.003133760614828,9.002785564990958,769.2534864141772,417.1284841852079,757.2479152841953,438.13823366267627,674.2256307642676,506.15808081323684,12.004874738734177,713.2458261104521,477.13997464079563
10003008-09,10,003,008-09,504,287,11,9,521,263,496,293,422,357,11,468,321
10003008-10,10,003,008-10,521.2041083916084,110.0861013986014,4.871066433566433,10.716346153846153,529.972027972028,108.13767482517483,514.3846153846155,121.77666083916084,494.90034965034965,131.5187937062937,11.69055944055944,502.69405594405595,131.5187937062937
10003008-12,10,003,008-12,664.600411946447,434.384140061792,18.288362512873327,9.9062821833161685,710.7950566426365,398.519052523172,662.1359423274974,448.54891864057674,481.55612770339854,616.5932028836252,16.98867147270855,582.3048403707518,523.091658084449
10003008-13,10,003,008-13,639.7698494894763,201.070524125264,16.35501870875353,7.696479392354602,645.5422090337423,208.7670035176186,631.1113101730774,213.5773031378402,579.1600742746838,255.90793979579053,18.27913855684218,592.6289132113044,250.1355802515246
10003008-15,10,003,008-15,257,200,7,9,268,200,268,198,239,219,10,254,211
10003008-16,10,003,008-16,827.477234401349,142.06913996627318,11.002529510961214,9.011804384485666,852.491568296796,133.06913996627318,779.4569983136594,200.09274873524453,790.4544688026981,167.09190556492413,16.005059021922428,816.4738617200675,155.07672849915684
10003008-17,10,003,008-17,348,74,4,8,350,72,329,98,332,91,4,338,82
10003008-18,10,003,008-18,564,143,4,7,570,133,540,167,518,168,17,532,170
10003008-19,10,003,008-19,484,273,11,17,515,252,521,244,425,324,17,456,315
10003008-21,10,003,008-21,771.4985557481225,326.57134604274984,15.25418833044483,15.25418833044483,788.943385326401,316.50779896013864,776.7527440785673,337.62218370883886,669.7487001733102,425.3974581166956,24.355863662622763,724.3460427498555,388.96533795493934
10003008-22,10,003,008-22,425,289,7,10,435,276,427,287,334,367.99999999999994,15,363,351
10003008-23,10,003,008-23,666.7413429371064,314.7253164918193,18.778212402136724,15.159205340519728,691.3360193875986,302.20378789530093,665.24203770358,330.87737224957937,535.6215236340811,436.30964394168774,20.84353517970982,591.9789605760525,399.9237463354148
10003008-24,10,003,008-24,487,286,17,21,526,266,497,293,459,322,18,475,324
10003008-25,10,003,008-25,312.7040572792363,133.84248210023867,8.420644391408114,5.308472553699284,328.40513126491646,123.22553699284009,320.1247016706444,131.84248210023867,277.1616945107399,172.21658711217185,10.532816229116944,292.83472553699283,161.85202863961814
10003008-26,10,003,008-26,183,77,3,3,184,79,167.99999999999997,94,160,91,3,176,83.99999999999999
10003008-27,10,003,008-27,780,443,12,12,783,438,766,464,676,535,19,711,503
10003009-01,10,003,009-01,677,58,5,10,702,50,607,138,623,104,14,647,89
10003009-02,10,003,009-02,307,123,13,1,315,119,313,120,277,147,12,292,141
10003009-03,10,003,009-03,598,47,11,9,606,54,551,103,568,65,19,569,79
10003009-04,10,003,009-04,398,49.99999999999999,13.999999999999998,4,425,37,396,68,352,99,13,346,114
10003009-05,10,003,009-05,565,64,9,11,578,63,527,110,545,85,11,560,80
10003009-06,10,003,009-06,927,373,17,14,964,342,927,386,740,539,30,810,492
10003009-07,10,003,009-07,551,268,10,14,577,249,569,264,482,328,19,479,349
10003009-08,10,003,009-08,95,85,1,0,98,77,101,79,75,102,3,88,94
10003009-09,10,003,009-09,355.6312900396244,445.32437498362583,18.241737303778084,9.955079266320181,381.4215868170646,417.7017716870514,371.8756060188521,444.0946205490144,303.2571498140947,491.10738769641455,26.801947330070597,343.6245708570446,467.99716270046696
10003009-10,10,003,009-10,479,303,15,7,489,298,491,302,391,380,15,442,346
10003009-12,10,003,009-12,539.5885714285714,290.0571428571429,5.457142857142857,7.548571428571429,560.8228571428572,272.54857142857145,538.6342857142857,288.10285714285715,411.51428571428573,410.04,12.868571428571428,484.3885714285714,343.5314285714286
10003009-13,10,003,009-13,576.0689841977699,208.52397598755672,11.856501238951738,16.799612398421957,599.7776332108128,193.712056368588,581.0120953572401,218.40584484163665,520.7226823781733,262.8873150795779,16.79743566599171,550.3661122079828,247.08154907088255
10003009-15,10,003,009-15,262,152,6,7,279,136,269,151,236,178,7,248,170
10003009-16,10,003,009-16,141,70,4,1,149,62,139,71,128,77,4,136,75
10003009-17,10,003,009-17,398,210,3,3,415,191,412,194,360,237,10,381,224
10003009-18,10,003,009-18,531.4719477196239,198.02237892952718,7.2474950245011165,8.41249170750186,546.9669377686262,192.9398805880268,518.8944593291213,216.25985405203275,489.98697757261726,239.25985405203275,8.659986732002977,509.56446596311986,225.92986068603128
10003009-19,10,003,009-19,431.1085180863477,305.2446518864255,13.874756903928432,10.901594710229483,456.875923765072,288.39673278879815,457.8669778296383,293.3520031116297,384.52897705173086,347.8599766627771,14.865810968494749,392.45740956826137,348.85103072734347
10003009-21,10,003,009-21,338,182,2,5,347,169,326,189,256,259,5,286,230
10003009-22,10,003,009-22,469,341,9,6,489,321,484,327,383,417,14,410,395
10003009-23,10,003,009-23,205.92697881065928,169.11877486865737,2.9844489682704243,5.9688979365408485,227.81293791130906,150.21726473627803,215.87514203822735,165.13950957763015,153.20171370454844,229.80257055682267,1.9896326455136162,180.06175441898228,199.95808087411842
10003009-24,10,003,009-24,249,177,10,10,260,180,261,174,222,201,19,243,190
10003009-26,10,003,009-26,847,133,15,14,862,127,825,163,800,156,30,829,152
10003009-27,10,003,009-27,665,464,5.999999999999999,8,677,432,654,469,554,545,18,601,511
10003010-01,10,003,010-01,736.3573819827925,14.30335707450844,15.98322145940803,9.028214068413009,761.3505811177547,14.296405126846969,680.3369021638398,79.30928109102634,711.269726570879,19.416009701202547,16.015034316324147,723.3373865885682,32.355125282532846
10003010-02,10,003,010-02,501.3815280018702,52.19016524136702,7.944798017069947,10.957287127760814,521.2255825827668,49.1920285000987,468.59578083512304,96.85364041780711,467.5246400742542,84.96156003869164,18.930789883675853,481.4657115738608,79.98619402404492
10003010-03,10,003,010-03,148.01627011588704,41.00796745770063,6.0004899084023045,1.0002578465275285,156.01704365546965,38.007529118603834,148.01663110102558,46.00794167304788,119.01013336853187,73.01425891297232,4.000386769791293,137.01335645012597,57.011267893253
10003010-04,10,003,010-04,130,24,1,5,131,21,129,24,118,35,1,113,41
10003010-05,10,003,010-05,621,59.00000000000001,2,7.000000000000001,625,53,596,83,600,67,13,602,67
10003010-06,10,003,010-06,676,360,14,21,715,334,694,369,521,521,21,599,454
10003010-07,10,003,010-07,766,246,12,7,781,240,758,252,712,276,22,713,295
10003010-08,10,003,010-08,606,240,7,9,626,227,567,287,557,287,13,572,272
10003010-09,10,003,010-09,517.0711793440335,275.3684577808793,9.49546406140963,6.905792044661549,536.9253314724355,256.37752965806004,501.533147243545,298.675505931612,466.1409630146546,321.98255408234473,13.811584089323098,497.21702721563156,300.40195394277737
10003010-10,10,003,010-10,432.69327467001887,93.34506599622878,7.778755499685732,4.861722187303583,433.66561910747953,95.28975487115022,430.7485857950974,98.20678818353237,405.46763042111877,113.76429918290383,8.75109993714645,421.02514142049023,109.87492143306096
10003010-12,10,003,010-12,626.5293511843461,394.61997940267764,6.545829042224511,20.572605561277033,653.6477857878476,374.9824922760041,638.6858908341916,398.3604531410917,466.62409886714727,558.2657054582904,22.44284243048404,551.719876416066,478.7806385169928
10003010-13,10,003,010-13,203,112,11,2,216,106,206,118,181,133,8,197,127
10003010-15,10,003,010-15,901.9636216653194,181.55780113177042,17.47615198059822,12.621665319320938,918.4688763136621,182.5286984640259,888.371059013743,209.71382376717867,869.9240097008893,205.83023443815682,21.35974130962005,890.3128536782539,213.59741309620048
10003010-16,10,003,010-16,612,192,9,15,638,186,607,207,571,244,10,597,226
10003010-17,10,003,010-17,414,148,11,6,425,137,401,158,388,168,9,399,161
10003010-18,10,003,010-18,222,48.666666666666664,2,3.3333333333333335,226,48,217.33333333333334,58.666666666666664,210,58.666666666666664,5.333333333333333,214.66666666666666,56
10003010-19,10,003,010-19,346,172,9,12,358,165,341,191,280,241,11,312,221
10003010-21,10,003,010-21,748.9092055485498,465.8625472887768,30.081967213114755,21.100882723833543,797.1614123581337,437.59142496847414,775.0668348045397,453.73013871374525,629.3102143757882,561.4047919293821,27.10718789407314,690.6822194199243,535.1210592686002
10003010-22,10,003,010-22,510.5780821917808,316.6876712328767,10.156164383561643,5.5397260273972595,528.1205479452054,292.68219178082194,535.5068493150685,300.0684931506849,406.24657534246575,420.0958904109589,10.156164383561643,459.7972602739726,371.1616438356164
10003010-24,10,003,010-24,425,201,13,10,457,182,449,189,389,229,23,419,212
10003010-27,10,003,010-27,802,488,9,13,812,479,797,494,649,626,24,717,576
10003011-01,10,003,011-01,465,32,9,12,483,31,423,89,418,69,16,431,79
10003011-02,10,003,011-02,585.8180568285976,14.841888175985334,6.1113657195233735,6.1113657195233735,584.0719523373052,13.095783684692943,504.62419798350135,85.55912007332722,555.2612282309807,15.71494042163153,6.98441796516957,552.6420714940422,23.572410632447298
10003011-04,10,003,011-04,630.9837298841129,308.99203254229934,18.999510091597696,9.999742153472472,660.9829563445303,291.9924708813962,644.9833688989744,307.99205832695213,392.98986663146815,552.9857410870277,14.999613230208706,517.986643549874,436.98873210674697
10003011-06,10,003,011-06,597,297,3,12,615,271,597,298,451,438,11,518,371
10003011-09,10,003,011-09,780.179104477612,661.9701492537314,18.71641791044776,13.791044776119403,795.9402985074627,635.3731343283582,783.134328358209,635.3731343283582,599.9104477611941,839.2835820895523,13.791044776119403,706.2985074626865,739.7910447761194
10003011-12,10,003,011-12,558.870236869207,466.9958805355304,8.165808444902163,11.521112255406798,573.557157569516,442.4984552008239,554.1781668383111,483.09062821833163,366.8197734294542,670.1410916580845,10.568486096807415,438.9752832131823,595.1277033985582
10003011-13,10,003,011-13,261,72,6,3,276,65,265,67,240,93,6,249,87
10003011-17,10,003,011-17,593.6014890282131,209.09835423197492,8.918887147335424,10.900862068965518,606.4843260188088,203.15242946708463,577.7456896551724,227.9271159874608,544.0521159874609,247.74686520376176,16.8467868338558,570.8087774294671,233.8730407523511
10003011-19,10,003,011-19,106.54877585547693,49.446697083562334,2.90544850962372,6.765003458418602,120.08393252659594,45.56268080192881,116.22244641994538,48.462335837985485,100.7192109769579,58.16046773529258,5.8083221421065305,103.63624643371571,61.048535824215165
10003011-21,10,003,011-21,726,388,18,23,755,372,739,390,622,492,26,680,449
10003011-22,10,003,011-22,804,422,14,9,817,408,811,417,631,582,23,728,508
10003012-01,10,003,012-01,229.36112750928314,53.59271493565415,1.0176614661284464,6.958296015655325,234.36082862462558,52.60022325495137,213.3967462288207,69.57069248710327,209.4786212171503,73.44158822997301,5.978748859516954,223.3868599619423,66.51788162747067
10003012-02,10,003,012-02,557.9088580911771,12.960231605371987,8.567611414796307,2.583181954132067,567.4046250947238,9.72530915456002,501.00190786670777,68.07670684765033,530.8536354806411,17.48125914431658,13.287464924647589,539.4761663276995,21.588850525141478
10003012-04,10,003,012-04,695,418,11,14,738,375,732,394,552,572,8,621,505
10003012-06,10,003,012-06,731,393,26,16,773,351,763,375,564,559,32,660,481
10003012-09,10,003,012-09,506.6641791044776,350.69651741293535,3.691542288557214,6.460199004975125,527.8905472636816,315.6268656716418,482.66915422885575,369.1542288557214,425.4502487562189,424.5273631840796,4.614427860696518,454.98258706467664,394.9950248756219
10003012-12,10,003,012-12,492.4114285714286,376.9428571428571,9.542857142857143,11.45142857142857,518.1771428571428,345.4514285714286,493.36571428571426,377.89714285714285,386.48571428571427,480.96,18.13142857142857,425.6114285714286,449.4685714285714
10003012-13,10,003,012-13,5.776816817277758,1.728830786356101,0.09832213002973086,0.1392896842087854,5.97346107733722,1.6059281238189373,5.8177843714568125,1.81076589471421,5.317980210472346,2.1794738823257003,0.1392896842087854,5.563785535546673,2.048377708952726
10003012-19,10,003,012-19,417,112,9,8,441,99,406,133,397,121,16,412,122
10003012-22,10,003,012-22,447.4219178082192,338.3123287671233,4.843835616438356,10.460273972602739,458.8794520547945,323.31780821917806,446.4931506849315,342.9315068493151,348.75342465753425,433.9041095890411,10.843835616438357,390.2027397260274,400.8383561643836
10003013-01,10,003,013-01,512,66,11,8,529,71,491,99,480,95,10,490,97
10003013-02,10,003,013-02,0,0,0,0,0,0,0,0,0,0,0,0,0
10003013-04,10,003,013-04,112,30,5,5.999999999999999,116,31,116,33,100,40,8,101,45
10003013-09,10,003,013-09,738,375.00000000000006,12,12,754,363,711,412.00000000000006,631,479,16,680,441
10003013-12,10,003,013-12,490,287,5,2.9999999999999996,479.99999999999994,281.99999999999994,458,317.99999999999994,326,440,9,396.99999999999994,369
10003013-13,10,003,013-13,66,7,1,0,64,7,61,9,56.99999999999999,10,4,61.99999999999999,9
10003014-01,10,003,014-01,435.7496837173035,139.91962321197818,6.99598116059891,12.99253644111226,453.73934955884357,136.9213455717215,423.7565731562768,167.90354785437384,359.793316830801,222.87197125907954,12.99253644111226,376.7835567922556,214.8765642183951
10003014-04,10,003,014-04,149,29.000000000000004,5,6,159,27,156,33,129,56,4,132,55
10003014-12,10,003,014-12,467.1429379522268,252.21388751548403,7.060217334673068,7.259033902720405,488.05850119884957,227.207109629606,485.96318973721003,237.30260184904597,332.1251173596602,389.86934985672286,4.389439491326284,389.9113165015923,328.5221135903284
10003014-13,10,003,014-13,2.2291666666666665,0.5763888888888888,0.006944444444444444,0.041666666666666664,2.2291666666666665,0.5555555555555556,2.1875,0.5902777777777778,2.111111111111111,0.6041666666666666,0.0763888888888889,2.1597222222222223,0.5902777777777778
10003015-04,10,003,015-04,241.24759284731775,137.149105914718,1.004951856946355,3.006602475928473,249.2665749656121,129.13039889958733,239.26024759284732,144.1414030261348,156.19889958734524,220.19862448418158,5.006052269601101,195.22475928473176,185.1755158184319
10003016-04,10,003,016-04,59,14,0,1,61,12,57,16,54,19,1,53,20
10005001-14,10,005,001-14,1408.9389881056218,1043.209575333408,18.827510659163956,18.64779486115761,1451.708400363183,965.5934908727992,1447.2672339362878,998.6309555959555,1142.1622766780217,1288.7494074186882,19.97184450474471,1375.311712060462,1049.2069462836312
10005001-20,10,005,001-20,579,369,16,13,620,313,582,371,495,444,12,558,387
10005001-35,10,005,001-35,560,1293,14,30,679,1071,632,1224,486,1366,27,588,1273
10005001-36,10,005,001-36,580.2455570130955,571.6071361661728,9.667377390742605,24.33704313467998,628.6555764355861,515.412335908292,597.0627000782841,556.3936114413049,473.3014703510667,659.6552987510383,26.46217991049642,581.9937180760097,572.5702467925195
10005001-37,10,005,001-37,492,451,5,5,524,376,518,403,401,505,26,486,430
10005001-38,10,005,001-38,638.1966966966967,1191.3573573573574,9.251501501501501,13.251501501501501,701.8063063063063,1069.5908408408409,721.5548048048048,1095.6974474474475,552.5307807807808,1256.5202702702702,19.3521021021021,671.0518018018018,1138.301051051051
10005001-39,10,005,001-39,344.23390199637026,760.0668602540835,5.041669691470054,14.032087114337568,376.38424682395646,666.6730308529945,370.3123049001815,717.949110707804,282.783666061706,797.4013793103449,18.1102722323049,347.0985843920145,737.1330671506352
10005001-40,10,005,001-40,290.28018167004836,490.8064254735374,4.1986340212191875,4.205943684917388,332.12995316841915,414.52576904445664,327.70833535705606,438.54179953926376,269.8705774853901,503.98358376850103,12.292485941267554,305.33963250114516,463.7981053707466
10005001-41,10,005,001-41,308,978,10,12,393,836,366,908,238,1033,22,316,963
10005002-14,10,005,002-14,1136,914,18,9,1211,805,1200,834,952,1066,25,1140,897
10005002-20,10,005,002-20,1060,1152,12,23,1136,1030,1119,1076,902,1272,27,1064,1113
10005002-35,10,005,002-35,794.7576884597345,1292.7105271513706,14.359426022667643,11.341490832561814,862.1007643895412,1168.2704912325266,856.6976204880017,1215.0725735561996,704.1958398647919,1357.7902986812303,16.47703321936008,807.2914896627484,1253.7943208898605
10005002-36,10,005,002-36,402.6867572156197,832.490662139219,10.093378607809846,18.242784380305604,509.14431239388796,655.9770797962649,455.83616298811546,779.3599320882852,313.6409168081494,913.3497453310696,20.261460101867574,420.7054329371817,817.5
10005002-37,10,005,002-37,372,645,5,5,442,515,398,604,287,710,5,365,637
10005002-38,10,005,002-38,953.8949752164426,1369.579160986083,9.631966121394337,11.32175942959286,992.7220755922749,1244.01644293568,996.5265547530436,1288.2363608584783,830.2826597695503,1459.9214768531688,18.33689396415965,967.7465361736893,1328.5312718421399
10005002-39,10,005,002-39,680.0593103448276,759.4468965517241,13.284137931034483,14.100689655172413,724.1958620689655,663.688275862069,697.8110344827586,727.5944827586206,559.2827586206896,843.1048275862069,31.11862068965517,666.1062068965517,754.3820689655172
10005002-40,10,005,002-40,375,1098,6,6,450,929,446,1012,293,1149,22,370,1080
10005002-41,10,005,002-41,756,1088,4,11,850,942,814,1009,680,1142,24,765,1050
10005003-14,10,005,003-14,1350.3059805285118,794.6091794158554,14.073713490959666,15.073713490959666,1375.9471488178026,751.0180806675938,1370.6509040333797,757.5730180806676,1076.681502086231,1045.8636995827537,21.172461752433936,1312.751043115438,811.1029207232267
10005003-20,10,005,003-20,1012.1707132116379,1125.1265612914563,21.380097398874554,19.11957890077956,1075.225460475194,1021.075493432944,1025.2237230371393,1105.0294674086363,815.7368566747324,1306.5326864472631,27.346131529112036,989.1431180264382,1128.2459699473623
10005003-35,10,005,003-35,254.54358195768842,284.51088845661496,4.627869803103682,2.651249639307515,267.16602326926096,254.03440894896158,260.58731599112724,273.1796950463413,220.19980441832976,302.38211511187313,14.483039375921228,246.0333742210992,284.4270947181251
10005003-36,10,005,003-36,730.0799494285432,845.8700490449581,11.032463316588926,12.33637255474866,789.1616078454164,719.700890409295,754.03474647229325,813.0917471244123,583.077615510006,966.8681714945626,22.224470647788365,702.544841581912,861.6471313898037
10005003-37,10,005,003-37,861,1207,13,19,958,1075,933,1125,765,1300,23,902,1160
10005003-38,10,005,003-38,860.4291975261261,1107.502162625807,20.188841506199605,13.459227670799738,899.8455071334682,1031.553663626294,896.9613869182969,1034.4377838414655,735.4506548687,1209.4077435618622,17.304721291028233,839.2789826148694,1110.3862828409783
10005003-39,10,005,003-39,301.4055172413793,449.2648275862069,5.686896551724138,4.87448275862069,324.1531034482759,388.3337931034483,313.591724137931,432.2041379310345,231.53793103448277,505.3213793103448,13.81103448275862,279.4703448275862,462.26344827586206
10005003-40,10,005,003-40,363.17180244263994,239.23221906935805,4.803859820669841,5.764631784803809,386.2303295818552,206.56597228880315,373.7402940481136,230.58527139215235,335.3094154827549,253.6437985313676,10.56849160547365,371.8187501198457,230.58527139215235
10005003-41,10,005,003-41,380.3367198838897,405.2278664731495,9.95645863570392,7.965166908563135,431.11465892597965,342.5021770682148,408.2148040638607,357.4368650217707,328.5631349782293,428.1277213352685,18.917271407837447,384.31930333817127,377.3497822931785
10005004-14,10,005,004-14,1210.142857142857,915.0967741935484,22.695852534562214,26.327188940092167,1278.2304147465438,829.7603686635945,1292.7557603686637,843.3778801843318,1048.5483870967741,1073.0599078341013,20.880184331797235,1216.4976958525347,907.8341013824885
10005004-20,10,005,004-20,1082,1159,8,15,1156,1027,1135,1084,913,1288,24,1108,1107
10005004-35,10,005,004-35,555.7631164742917,603.1461175236096,13.820041972717734,10.858604407135362,623.8761804826862,492.5857817418678,569.5831584470094,559.7116998950681,493.5729275970619,654.477701993704,15.79433368310598,561.6859916054565,584.3903462749213
10005004-36,10,005,004-36,342,368,18,8,390,312,358,362,308,402,19,341,379
10005004-37,10,005,004-37,839.8340960715285,955.4472019272273,11.857684928116386,17.78200868174796,893.1882557955403,883.3159644214703,891.2123515333898,881.3448048052678,759.7990155816482,1012.75655920836,17.78607552113192,881.32311499522,901.1113032989768
10005004-38,10,005,004-38,900.6165299138152,895.874974588624,6.171994428961327,13.203417355477155,912.3599237009921,837.4533724440241,897.4575596140066,859.3241415039978,753.381338318048,1010.4915165172742,13.342789200681866,854.9703681009015,896.037543860155
10005004-39,10,005,004-39,486.0097130929108,418.6479090525232,8.94483427048279,11.927355508602323,507.88744930085164,377.8565341285993,477.0826202076208,415.6421875414593,396.559323305176,483.2564651403593,15.899728873291668,448.26022481140535,440.4908448510474
10005004-40,10,005,004-40,340.6650960737437,783.3154029055551,4.3722896308012515,9.369094906879024,376.4594470382715,711.4317246624123,375.7612695358371,738.3735028564213,273.999733904201,837.674046473931,10.543905016407724,341.7802669389159,774.1834981216483
10005004-41,10,005,004-41,327.6632801161103,513.7721335268506,6.043541364296082,7.034833091436865,391.88534107402035,439.4978229317852,372.78519593613936,464.5631349782293,296.4368650217707,541.8722786647315,10.082728592162555,345.68069666182873,490.6502177068215
10005005-14,10,005,005-14,1087.4718647328566,1106.1899044278964,17.01288527380277,15.92099616476057,1138.1703014633079,1020.8576889976179,1144.1843072141835,1026.9570105479002,960.3698700768011,1204.7760304053384,26.96524069853839,1112.6555807494444,1058.062246695386
10005005-20,10,005,005-20,1571.0172062514494,1323.32981454747,29.962184480320076,14.981092240160038,1672.8886334845374,1176.5151105939017,1644.923927969572,1230.4470426584778,1312.3436802380193,1560.0310719419986,34.95588189370675,1612.9642645238973,1258.4117481734431
10005005-35,10,005,005-35,114.2368835257083,283.85388247639037,1.1799580272822665,2.141395592864638,144.12381951731373,233.41421825813222,137.41684155299055,255.2883001049318,99.4270724029381,292.5222980062959,2.205666316894019,131.31400839454355,261.6096537250787
10005005-36,10,005,005-36,419.1185623501407,651.2701110738053,14.120090381133823,8.386818337550014,504.3607866157372,531.1619548016529,468.9269392358727,598.2668423506029,353.1145429405768,714.3067345756925,15.456248890196015,427.43279777001607,648.6841477395976
10005005-37,10,005,005-37,758.5588009668114,917.8985997622724,16.034920677130764,4.056899726122768,806.7213664664118,833.6831531694424,805.7151697943544,853.6722118514372,669.3187936212735,983.0701695731675,22.05283288673881,757.6939016614849,896.7267226998067
10005005-38,10,005,005-38,527.9190587796702,747.4428225773191,8.800424189013684,8.51013105469964,524.2330941122921,725.4032577508244,548.5729784837241,717.3637986812362,423.16266432177684,845.1200372571078,6.953899493512403,500.34116864274915,756.9946818322295
10005005-39,10,005,005-39,297.82859792060515,613.9334002893621,10.733647175806075,9.822212916308267,346.6154014775562,532.4883770396872,328.94410355929995,589.3099465482422,213.62873169905666,697.9132928484561,11.74569457821129,292.85305243483003,619.589855893243
10005005-40,10,005,005-40,236.27075630409635,403.1783553431746,3.003581432593867,2.0042977191126403,256.2879471805469,361.15400160153627,258.2786354558028,373.1719087645056,197.2499839950519,428.18909964095616,2.0078791517065073,223.2772028827653,398.1719087645056
10005005-41,10,005,005-41,813.3543198529412,832.2233455882352,12.910386029411764,8.937959558823529,891.8097426470588,709.078125,860.0303308823529,782.5680147058823,730.9264705882352,892.8028492647059,26.813878676470587,831.2302389705883,796.4715073529412
10005006-14,10,005,006-14,959.4055816937553,598.7828134054472,10.431944866028312,9.714020116449129,986.7882426391457,560.3804671762466,973.1553160959187,574.0746640359833,755.0953737685918,793.0497185352797,18.1281078396203,957.9046400286984,598.2620760782582
10005006-20,10,005,006-20,722.6940439932212,659.7156529837397,14.326978622302187,14.204920428600728,776.7612784882025,583.0984402060737,752.713426462631,636.1145124520242,546.0691301781814,836.1019846583569,11.603862102467065,690.2259317348883,690.0002429311046
10005006-35,10,005,006-35,142,349,3,7,160,283,157,325,121,364,5,138,342
10005006-36,10,005,006-36,452,582,9,10,521,479,482,544,420,605,11,464,554
10005006-37,10,005,006-37,390.67863798401476,551.4470448082649,4.1699875393132055,15.201330042203788,418.26474435503746,515.65960073993665,422.28261280042267,522.6372307352474,350.0684799177937,577.815596106699,12.214742858895292,401.95168677101486,538.9637623767753
10005006-38,10,005,006-38,741.6492356277624,1355.293135462064,18.565659389891284,8.794259711001136,784.6433942148791,1260.5105585768295,827.6375528019958,1256.6019987052732,685.9522574580885,1386.5616144345122,13.67995955044621,784.6433942148791,1292.7561775171669
10005006-39,10,005,006-39,441.7738524959557,701.8862878664896,7.9431536484269865,11.906463479376548,479.38947225249944,603.977621234505,459.48474183626973,664.3753833579556,359.38223412836953,769.3397135964289,10.941814833641608,433.6708703110927,689.1805156066567
10005006-40,10,005,006-40,259.775880097595,742.7797141861275,7.108051585918439,7.172882537469501,277.0892296967584,702.5528058556988,312.25130707563613,686.4231439525967,231.1167654234925,751.3848030672708,16.1728825374695,260.7650749390031,734.7689090275358
10005006-41,10,005,006-41,306.7442499944798,498.60541837793676,4.763434160263205,4.75883857202791,337.2254032525172,446.2294716591592,332.44014004813636,467.20788343490545,256.31480745451336,539.5125881856121,6.678918118486133,322.90982503643346,478.6203643901254
10005007-14,10,005,007-14,760.89574738085,454.1053935312178,14.892154175819746,9.89280228347924,785.9917500370459,420.37716817152824,793.5218997179101,420.9656328059273,548.6563951213707,657.2955753891048,13.110910083412621,736.6533577350729,456.2772583293623
10005007-20,10,005,007-20,1146.4012990931785,627.5479504723811,19.833789919915738,16.06122214600661,1201.2077579317213,555.7201594481539,1164.3802867849436,602.0360629068444,905.5535217950996,849.5318290306714,26.43045134143082,1085.034551062149,660.6154869706376
10005007-35,10,005,007-35,342,530,8,7,390,439,358,503,290,565,19,331,533
10005007-36,10,005,007-36,322.3562209602478,267.5684047496128,10.830149716055757,3.185338151781105,351.661331956634,240.17449664429532,321.08208569953536,268.205472379969,287.3175012906556,302.607124419205,9.556014455343314,319.8079504388229,273.939081053175
10005007-37,10,005,007-37,455.021676300578,719.2919075144508,3.9739884393063583,4.967485549132948,488.8005780346821,640.8056358381504,503.7030346820809,662.6625722543353,390.4443641618497,768.9667630057803,4.967485549132948,469.9241329479769,685.5130057803468
10005007-38,10,005,007-38,948.4317055925674,1326.264041960617,17.63391642109503,14.695609234299225,997.123511672829,1210.0861836723461,1020.7894687142802,1245.0342026134904,853.8850782201346,1398.3183483083799,26.366140956041388,956.0154371423718,1290.2491406506037
10005007-39,10,005,007-39,356,495,7,9,411,421,378,468,319,521,14,361,485
10005007-40,10,005,007-40,437.22411990240505,712.2202858138725,9.891948414081561,15.827117462530499,465.9107703032415,691.4471941443012,480.7486929243639,679.5768560474033,376.8832345765075,767.6151969327292,15.827117462530499,436.2349250609969,711.2310909724642
10005007-41,10,005,007-41,338.16698883587804,520.3752661201876,7.00275256322876,7.004128844843139,365.18442173632684,480.34636420628556,381.1835042152506,474.3582919802768,293.14405080897177,531.3963691049413,16.005505126457518,340.1734114834118,495.36838471211564
10005008-20,10,005,008-20,112,211,4,2,132,169,129,192,83,238,6,119,200
10005008-36,10,005,008-36,45,110,2,2,61,92,54,102,35,117,7,52,104
10005008-38,10,005,008-38,363.83301116412196,817.6247338798125,5.997247436771241,8.99587115515686,401.81557826367316,754.6536357937144,399.8164957847494,780.6417080197232,313.8559491910283,863.6036308950587,11.994494873542482,377.8265885165882,802.6316152878844
10005008-40,10,005,008-40,218,369,6,5,257,295,237,343,172,413,5,229,355
10005008-41,10,005,008-41,214.70473345588235,313.81387867647055,6.074678308823529,6.051700367647059,284.1585477941176,231.1015625,236.97472426470588,295.5266544117647,180.22794117647058,348.16429227941177,8.155101102941176,221.80813419117646,300.6070772058823
10005009-20,10,005,009-20,80,163,2,2,104,128,101,136,68,168,2,95,142
10005009-36,10,005,009-36,23,55,0,0,23,49,22,53,17,61,0,20,56
10005010-20,10,005,010-20,81.59574468085106,131.80851063829786,2.6899696048632222,0.8966565349544072,94.14893617021276,112.08206686930092,89.66565349544072,125.53191489361701,65.45592705167174,145.25835866261397,2.6899696048632222,80.69908814589665,134.49848024316108
10005010-36,10,005,010-36,38,47,0,0,39,43,39,44,29,54,0,37,46
10005011-36,10,005,011-36,106,132,6,2,126,113,125,121,97,144,6,114,131
NA,NA,NA,NA,417.5686548269843,267.6879827271407,10.012175562677312,8.707469345075044,435.44988620587617,250.7795290234242,417.89799533626626,272.5026343771681,358.34718054368057,321.35970297671196,14.521569010563844,397.52018990451853,291.7034084570641
