GEOID20,STATEFP,COUNTYFP,DISTRICT,G20PRERTRU,G20PREDBID,G20PRELJOR,G20PREGJAN,G20PRECBLA,G20PREIPIE,G20PREOFUE,G20USSRSUL,G20USSDGRO,G20USSOHOW,G20HALRYOU,G20HALDGAL
0201337-700,02,013,37-700,28,29,2,2,1,0,0,37,19,4,39,22
0201337-712,02,013,37-712,20,11,0,0,0,0,0,17,11,1,18,11
0201337-720,02,013,37-720,132,62,0,3,3,0,1,137,45,13,150,40
0201337-744,02,013,37-744,156,73,2.9999999999999996,7,0,1,1,140,76,23,162,76
0201637-704,02,016,37-704,15,18,0,1,0,0,0,20,16,0,14,22
0201637-706,02,016,37-706,505,465,15,1,1,3,1,494,426,56,511,462
0201637-750,02,016,37-750,5.999999999999999,11,0,1,1,0,0,10,8,1,11.999999999999998,5.999999999999999
0201637-752,02,016,37-752,24,179,5,0,0,0,0,76,91,32,97,99
0202012-225,02,020,12-225,914.8778720200112,537.3697865363282,35.79003433482706,4.9770078410457295,0.012513273437237056,2.990584350330471,0,950.5552868939031,469.978418814897,51.70957712578292,931.6952128463657,528.5982458603327
0202012-230,02,020,12-230,1444.4195597862185,624.9607527988219,67.13638418691924,4.936498837273474,1.9745995349093897,1.9745995349093897,0,1478.975051647133,576.5830641935418,59.23798604728169,1428.6227635069433,691.1098372182864
0202012-233,02,020,12-233,821,365,39,7,6,0,1,829,336,59,827,383
0202013-235,02,020,13-235,744.0601105580073,332.13407079868153,21.94279146417716,9.973996120080526,5.984397672048316,1.9947992240161054,0,744.0601105580073,280.2692909742628,50.86738021241069,749.0471086180476,315.17827739454464
0202013-240,02,020,13-240,1022,572,60,2,2,14,3,1094,443,57,1039,570
0202013-245,02,020,13-245,987.822176148458,690.7753041225313,95.44726543176753,12.273506286678515,3.213693899027042,2.0169164610590675,2.002818096429882,964.4062800448148,665.3098781934757,99.3960989512514,957.7210828387676,738.4320716776735
0202013-250,02,020,13-250,1123,659,87,9,2,7,1,1088,653,124,1091,745
0202013-255,02,020,13-255,778,384,46,7,3,0,0,801,351,40,776,416
0202013-260,02,020,13-260,33.59033325860555,59.91789175859368,0,0,0,0,0,32.68248641377837,36.31387379308708,3.631387379308708,31.774639568951194,49.02372962066756
0202014-940,02,020,14-940,872,590,68,5,5,0,3,899,552,84,880,660
0202014-945,02,020,14-945,705,471,35,13,20,4,0,750.9999999999999,447,48,723,510
0202014-950,02,020,14-950,1075,610,45,2,0,2,0,1116,575,63,1095,647
0202014-955,02,020,14-955,398.12063134160087,263.05975197294254,17.65501691093574,1.765501691093574,4.413754227733935,1.765501691093574,0,399.0033821871477,266.59075535512966,28.248027057497183,394.58962795941375,287.7767756482525
0202014-960,02,020,14-960,1022,701,60,12,3,0,0,1102,615,59,1066,712
0202014-965,02,020,14-965,1668.1323594510845,968.7070975357829,72.28508189464365,9.49992622104176,8.35709015788697,2,3,1786.7742363877821,873.3510402833112,78.85657370517929,1709.8460970931092,1022.7075402095322
0202014-970,02,020,14-970,935.9877357384385,643.4593020686411,55.523299649052355,6.445139302755056,4.992807898736155,0.24493629498911137,0.010437986082685223,1017.5457402549464,550.9664894772021,52.05158696381394,980.8310505792276,609.0128919003358
0202015-300,02,020,15-300,615.6326837977374,376.2582859856141,74.73031874036818,1.1562632971089029,3.149225735332127,0.25660746543619756,0.3283972703084893,596.9926288526163,369.4411613401231,86.03725874077313,600.7986496660353,443.9148187366843
0202015-305,02,020,15-305,743,650,21,14,0,3,4,732,627,52,739,650
0202015-310,02,020,15-310,514,633,17,11,0,7,2,491,576,65,484,650
0202015-315,02,020,15-315,398.0066130256734,376.0045281962945,24.000398375040568,3.000046477088066,5.000033197920048,0,2,389.00723050698633,358.0038443191415,28.00035853753651,388.0069582840419,382.00424933376604
0202015-320,02,020,15-320,404.283161125905,615.8597985450601,60.326777760502694,7.202926682197653,1.8008316763037082,2.70109750582412,1.8007316705494132,408.7843235972499,544.7309642288612,77.434028647985,414.18661861465245,626.6664220302025
0202016-325,02,020,16-325,376,507,23,6,6,0,0,384,484,48,376,540
0202016-330,02,020,16-330,541,709,20,8,6,5,9,531,679,79,553,724
0202016-335,02,020,16-335,549.0316418904536,685.0160162655383,40.0037947946223,5,1.6741740980733726e-4,2,3,537.0305257743883,689.0161278771448,67.00429704685172,543.030693191798,734.0197552543573
0202016-340,02,020,16-340,429,500,25,17,3,0,0,434,474,56,446,508
0202016-345,02,020,16-345,405,424,24,12,2,5,0,413.00000000000006,431.00000000000006,34,408,466.00000000000006
0202016-350,02,020,16-350,796,935,60,12,8,0,0,824,899,73,840,949
0202016-355,02,020,16-355,420,524,18,4,2,3,0,422,464,53,411,540
0202017-400,02,020,17-400,320,538,11,6,5,2,0,348,496,24,327,531
0202017-405,02,020,17-405,174,288,2,8,2,2,0,169,289,18,193,265
0202017-410,02,020,17-410,336,480,40,2,0,2,0,381,416,30,364,444
0202017-415,02,020,17-415,407,636,25,23,0,2,0,409,624,55,404,696
0202017-420,02,020,17-420,862,1158,57,5,9,8,9,912,1085,75,868,1229
0202017-425,02,020,17-425,430,598,29,17,0,1,0,418,598,69,446,626
0202017-430,02,020,17-430,280.9470713330903,447.9156155061369,19.996232835095395,2.999434925264309,1.9996232835095396,0.9998116417547698,0,265.94989670676875,452.9146737149107,43.99171223720987,294.94443431765706,443.9163689391177
0202018-435,02,020,18-435,253,339,7,0,3,2,0,270,316,7,247,356
0202018-440,02,020,18-440,224,411,12,12,3,1,0,239,404,20,235,441
0202018-445,02,020,18-445,421,637,43,12,5,5,0,438,624,52,447,652
0202018-450,02,020,18-450,343,633,19,19,0,0,0,357,577,60,376,613
0202018-455,02,020,18-455,282,467.00000000000006,14,3,2,1,0,255,473,53,264,526
0202018-460,02,020,18-460,314,715,22,7,5,5,4,318,711,34,327,722.0000000000001
0202018-465,02,020,18-465,156,335,2,11,5,0,0,138,356,24,157,337
0202018-470,02,020,18-470,150,291,5,5,0,0,0,139,311,7,137,325
0202018-475,02,020,18-475,201,270,14,3,0,0,0,212,231,22,222,252
0202018-480,02,020,18-480,416,596,19,6.999999999999999,1,1,0,441,562,10,420,586
0202019-500,02,020,19-500,285,470,20,4,4,0,7,273,453,48,291,483
0202019-505,02,020,19-505,367,562,28,7,7,0,0,317,574,71,352,599
0202019-510,02,020,19-510,424,547,25,10,9,0,1,431,531,51,452,555
0202019-515,02,020,19-515,235.0529286669097,279.0843844938632,15.003767164904605,3.000565074735691,1.0003767164904604,1.8835824523028314e-4,0,196.05010329323127,307.0853262850893,42.00828776279013,227.05556568234294,317.0836310608822
0202019-520,02,020,19-520,332,475,7,9,1,0,0,312,469,36,319,494
0202019-525,02,020,19-525,332,792,15,19,0,11,5,347,719,62,381,736
0202020-530,02,020,20-530,353.4201416604495,803.5634706063665,36.838343257930006,11.528023233955707,0.014688368400158794,0,3.842674411318569,372.53559126104125,753.6184955048252,55.13511181689369,380.2356284520786,806.773516642459
0202020-535,02,020,20-535,465,887,38,9,2,6,0,476,888,48,461,933
0202020-540,02,020,20-540,135.9617270613612,214.9394949867107,7.9977486506683055,8.997467232001844,0.9997185813335382,0,0,155.95609868803197,212.94005782404363,11.99662297600246,156.9558172693655,219.93808789337842
0202020-545,02,020,20-545,186,250,8,5,0,0,0,195,244,5,198,250
0202020-550,02,020,20-550,116,211,3,0,0,0,0,109,213,12,114,220
0202020-555,02,020,20-555,346,839,19,8,1,6,0,391.00000000000006,761,37,362,826.0000000000001
0202020-560,02,020,20-560,263,635,17,3,0,0,0,305,596,11,281,626
0202020-565,02,020,20-565,183,350,8,2,0,0,0,204,323,4,215,299
0202020-570,02,020,20-570,323,673,14,5,4,3,0,305,649,57,315,690
0202021-600,02,020,21-600,336,709,18,5,0,0,0,389,680,10,371,680
0202021-605,02,020,21-605,676.8228793288717,669.9764051160074,26.407829106762335,14.671016170423519,2.934203234084704,0,0.9780677446949013,710.0771826484984,643.568576009245,38.14464204310115,703.230708435634,693.450030988685
0202021-610,02,020,21-610,518,795,37,5,8,0,1,594,696,52,570,772
0202021-615,02,020,21-615,485.99999999999994,528,19,6.999999999999999,12,8,0,522,525,27,504,580
0202021-620,02,020,21-620,381,496,25,13,0,2,0,406,475,39,406,506
0202021-625,02,020,21-625,502,806,25,11,0,1,1,525,761,46,512,816
0202021-630,02,020,21-630,281,509.00000000000006,18,9,3,3,0,272,525,40,277,552
0202021-635,02,020,21-635,494,899,34,5,3,5,1,546,834,43,532,876
0202022-640,02,020,22-640,811,850,23,11,3,5,0,850,772,63,828,869
0202022-645,02,020,22-645,1141,837,39,9,3,9,0,1258,706,67,1231,787
0202022-650,02,020,22-650,516,558,18,6,0,0,0,516,538,57.99999999999999,515,608
0202022-655,02,020,22-655,498,627,33,3,8,0,3,509,640,38,517,637
0202022-660,02,020,22-660,853,846,42,2,2,0,0,926,764,43,872,856
0202022-665,02,020,22-665,597,571,36,15,0,0,0,615,570,47,618,601
0202022-670,02,020,22-670,269,275,9,0,0,4,0,304,223,20,298,260
0202023-735,02,020,23-735,322,327,14,5,5,0,0,310,345,25,311,363
0202023-740,02,020,23-740,552,631,13,2,4,4,0,542,620,42,546,640
0202023-745,02,020,23-745,274,272,21,0,2,3,5,260,280,41,275,296
0202023-750,02,020,23-750,545,544,47,17,3,6,4,582,522,65,577,582
0202023-755,02,020,23-755,583,676,30,4,0,2,1,622,603,40,603,649
0202023-760,02,020,23-760,362,266,9,7,2,1,0,360,255,28,349,298
0202023-765,02,020,23-765,609,584,30,11,6,0,3,636,556,52,629,622
0202023-770,02,020,23-770,408,520,6,7,0,0,0,422,466,42,416,516
0202024-700,02,020,24-700,680,716,36,5,0,0,0,703,709,46,712,719
0202024-705,02,020,24-705,665,653,31,5,9,9,0,727,596,40,695,664
0202024-710,02,020,24-710,784,683,33,2,0,3,0,862,637,16,838,664
0202024-715,02,020,24-715,663,546,19,0,0,2,0,726,472.99999999999994,19,684,548
0202024-720,02,020,24-720,669,553,25,20,0,5,2,705,513,52,686,604
0202024-725,02,020,24-725,816,700,45,5,0,0,0,908,630,35,865,725
0202024-730,02,020,24-730,1102,897,33,9,6,5,5,1205,816,30,1184,829
0202025-840,02,020,25-840,213,275,6,6,0,0,0,208,259,29,225,258
0202025-845,02,020,25-845,1019,1089,60.00000000000001,21,2,0,8,1062,1014.0000000000001,83,1029,1149
0202025-850,02,020,25-850,610,720,28,6,0,0,0,669,640,19,625,694
0202025-855,02,020,25-855,725,737,14,10,8,2,0,733,738,48,731,768
0202025-860,02,020,25-860,679,759,34,10,5,7,7,685,731,81,688,792
0202025-865,02,020,25-865,510,450,20,4,2,2,0,524,447,29,493,513
0202025-870,02,020,25-870,652,582,39,10,4,3,0,676,549,61,671,612
0202026-800,02,020,26-800,729,696,16,2,6,2,0,740,640,69,754,672
0202026-805,02,020,26-805,699,688,36,0,9,6,0,790,635,17,767,649
0202026-810,02,020,26-810,794,515,34,17,0,3,0,880,442,25,847,490
0202026-815,02,020,26-815,923,658,31,12,6,1,0,1017,570,34,966,661
0202026-820,02,020,26-820,754.9999999999999,561,29.999999999999996,11,0,8,0,823,514,20,795,572
0202026-825,02,020,26-825,647,669,28,4,0,0,2,653,628,69,648,705
0202026-830,02,020,26-830,380,291,14,7,0,0,0,416,263,13,392,298
0202026-835,02,020,26-835,317,492,18,2,2,3,0,333,491,20,325,508
0202027-900,02,020,27-900,776,827,33,8,3,2,0,821,745,57,808,822
0202027-905,02,020,27-905,471,489,24,8,2,0,0,463,491.00000000000006,41,465,533
0202027-910,02,020,27-910,702.5526303752004,860.8021023251874,29.33449580573496,15.03902451066908,9.027874650477914,5,2,729.0710988740896,858.2278845253425,54.301046225161464,726.8425267401707,901.5679552611729
0202027-915,02,020,27-915,365.0044507826195,416.00304762424344,17.000268119434907,6.000031280600739,2.2343286242244974e-5,2,0,373.00486636774355,401.00258735254687,33.000241307491414,373.00468315279636,422.00285994063904
0202027-920,02,020,27-920,559.0084285380267,758.0057713483276,39.00050774325462,6.00005923671304,4.2311937885176215e-5,2,0,592.0092155400714,723.0048997224071,44.000456968929164,580.0088685821808,752.0054159280494
0202027-925,02,020,27-925,551,548,28,2,5,7,0,569,531,48,570,573
0202027-930,02,020,27-930,767,839,50,14,2,6,2,835,767,60,792,878
0202027-935,02,020,27-935,138.00427127785537,121.00292471033872,8.000257305894902,3.001902107191794e-5,2.1442157908512816e-5,0,2,158.00467010199247,106.0024830018858,5.000231575305412,151.0044942762976,117.00274459621228
0202028-105,02,020,28-105,623,532,17,2,4,0,0,676,492,21,650,532
0202028-110,02,020,28-110,1172.9136212624585,781.1129568106312,37.69767441860465,11.249169435215947,0,4,0,1298.6544850498337,663.172757475083,37.99667774086379,1234.0598006644518,789.8139534883721
0202028-115,02,020,28-115,759,389,34,5,0,3,0,819,380,24,798,423
0202028-120,02,020,28-120,853,567,17,6,0,3,3,912,538,25,879,602
0202028-125,02,020,28-125,494.097577637599,497.86965983010623,13.305584702111656,4.750708575681814,4.4562997556639385e-4,0,0,546.3567979860208,441.80948046676053,19.0051515786002,515.9526017804386,492.16581490585224
0202028-130,02,020,28-130,134.87008448804366,236.77192610123222,5.994225977246385,0,1.998075325748795,2.9971129886231926,0,125.87874552217409,258.750754684469,17.982677931739154,139.86527280241566,250.75845338147377
0202028-135,02,020,28-135,430.00020521726265,1967.000528325293,35.00000873264947,28.000008732649473,10,4.3663247365188636e-06,0,479.0001746529895,1917.000593820164,57.00002619794842,465.0002139499121,1932.0005195926435
0202028-140,02,020,28-140,1113,854,40,8,0,0,0,1260,678,33,1192,793
0202028-145,02,020,28-145,584,454,19,4,0,3,0,638,422,9,628,430
0205037-746,02,050,37-746,3.0262068900030443,43.49819301003669,0,0.9999585669893221,2.471429855157355e-7,0.02631578947368421,0,12.13108593561693,22.288557990653075,12.078440998157763,19.183422774982247,26.31470366341602
0205038-800,02,050,38-800,107.94277819804672,106.83541746272056,0.9812471001376231,1.3151344756079324,4.370171567844237,1.2038386837844959,0.05564789591171822,74.11477859980049,110.83646878545608,34.97619038611901,111.86776659859721,112.85461088164304
0205038-802,02,050,38-802,50.050667702515135,81.21428304140176,0,5.666112875306834,7.554816916298636,3.7774084163531274,0.9443521040882819,25.497511909518856,99.15697368781817,27.386212105261126,50.050667284553235,100.1013260426836
0205038-804,02,050,38-804,40.03272057226114,79.04338414337212,0.002399816336159187,1.0009619006891364,1.002389210690199,0.9999884337094435,0,54.03834301981042,48.03647099569186,15.007091735587084,66.05072292996286,48.03170089123193
0205038-806,02,050,38-806,18.15736304640118,26.093407554790485,0.08339041263595795,2,4.017722603158989,5.03022260315899,1.0531678094769685,12.629965776903411,30.194520570585432,12.630565078974737,24.101198665355117,34.334075364267456
0205038-808,02,050,38-808,292,433,17,7,1,7,5,289,408,56,323,425
0205038-810,02,050,38-810,309.18476629225904,361.1971568834802,17.33746353040705,5.779154510135684,3.852769673423789,0.9631924183559473,0,308.22157387390314,341.9333085163613,48.15962091779736,338.08053884293747,352.5284251182767
0205038-812,02,050,38-812,26,153,9,9,1,3,1,35,134,27,43,154
0205038-814,02,050,38-814,13.97325993737806,13.973321626371945,0.9980854761867929,1.581769073977975e-6,0.9980870579558668,1.581769073977975e-6,0,14.971367558331886,13.973272591530652,0.9981092027229026,18.96372844430795,10.979016162970273
0205038-816,02,050,38-816,0.9736842105263158,18.5,0,0,0,0.9736842105263158,0,4.868421052631579,10.710526315789473,2.9210526315789473,6.815789473684211,11.68421052631579
0205038-818,02,050,38-818,56.35552444378073,90.50183967573199,10.873789621507223,2.6798970953712327,0.20093604926050557,1.3276505384736013,0.05215403485647848,57.77185819149012,88.4438795814184,15.507156144446089,60.292281504090205,102.4786556559849
0205038-820,02,050,38-820,26.002544992616482,79.00221827059138,1.000206350752688,1.0000171958960573,6.878358422930147e-5,1.719589605732537e-5,3.439179211465074e-5,48.002201074695336,44.00230425007168,11.000619052258063,47.002854518745515,60.00221827059139
0205038-822,02,050,38-822,11.421479263112222,84.89298056272435,0.07289637246729344,5,1.0182240931168234,2.018224093116823,0.05467227935047009,25.020549214542108,67.98410102830846,10.455602327920584,24.530823821813165,77.94765284207482
0205038-824,02,050,38-824,76,125,3,3,2,0,0,37,149,25,60,150
0205038-826,02,050,38-826,73,94,3.0000000000000004,14,2,0,1,64,84,40,86,107
0205038-828,02,050,38-828,23.972902136377495,179.6779765627946,1.01722298400343,4.012633236426589,2.0719517677316137,9.004983657131852,0.9984700841410529,44.321928207881164,143.78931223330383,31.59017120369345,134.87809307548386,78.92626256386015
0205038-830,02,050,38-830,45,46,1,1,1,0,0,34,56,8,49,45
0205038-832,02,050,38-832,27.98588755842945,58.97021029421993,2.998445161882516,3.997936867031504,1.9989734257764933,0.9994917051489879,0.9994817206275054,31.98395422424023,49.974565288406424,16.99133901848983,56.971117054185655,39.97974808213137
0205038-836,02,050,38-836,36,57,0,3,1,0,0,48,35,13,60,39
0205038-838,02,050,38-838,61.225,96.775,0.9875,0,0,0.9875,0,50.3625,97.7625,14.8125,48.3875,111.5875
0205038-840,02,050,38-840,17.7600387795172,64.58195919824436,0.8072744899780545,1.614548979956109,0,0.8072744899780545,0,25.832783679297744,52.47284184857354,5.650921429846381,20.18186224945136,65.3892336882224
0205038-842,02,050,38-842,23,24,1,6,3,8,1,19,32,17,26,43
0205038-844,02,050,38-844,33.08560999050859,43.29785142531113,1.0053506244067867,1,0.005350624406786749,0,1.0035670829378578,18.078475824632875,54.29785142531112,9.032103746440722,21.105228946666806,60.28893371796648
0205038-846,02,050,38-846,75.1961576904866,47.23861188248517,3.8562132148967487,0,0.9640533037241872,0.9640533037241872,2.8921599111725613,53.98698500855448,52.05887840110611,24.10133259310468,80.98047751283173,50.130771793657736
0205038-848,02,050,38-848,73.73493975903614,116.99277108433735,0.983132530120482,3.932530120481928,2.9493975903614458,4.9156626506024095,2.9493975903614458,44.24096385542169,153.3686746987952,15.730120481927711,78.65060240963855,132.72289156626505
0205038-852,02,050,38-852,47.91439000949141,166.70214857468886,2.9946493755932133,0,2.9946493755932133,0,1.9964329170621422,43.92152417536713,166.70214857468886,17.967896253559278,58.894771053333194,161.7110662820335
0205038-854,02,050,38-854,26.739669421487605,97.05509641873279,0.990358126721763,1.980716253443526,0,3.961432506887052,0,54.46969696969697,63.382920110192835,9.90358126721763,53.47933884297521,74.27685950413223
0205038-856,02,050,38-856,45,121,4,6,1,1,1,50,91,31.000000000000004,62.00000000000001,115
0205038-858,02,050,38-858,16,146,1,8,0,2,0,28,117,25,41,131
0205038-860,02,050,38-860,13.268533598143868,36.95801153341812,1.0107114188727686,2.0203862790005482,1.000551266222037,0.039085772485442274,5.182793724946137e-4,21.536696827240863,21.632802715449902,11.099891264362304,31.535159013045472,23.732709942739657
0206037-722,02,060,37-722,140.97443365171748,72.98676352181117,2.999456035142925,0.9998186783809749,0,0,0,139.9746149733365,67.98767012990629,6.998730748666825,142.97407100847943,73.98658220019215
0206037-734,02,060,37-734,132.53900709219857,82.60992907801419,0,0,2.723404255319149,0,0,138.8936170212766,68.08510638297872,6.3546099290780145,137.07801418439715,77.16312056737588
0206037-748,02,060,37-748,10.453918827220452,17.921003703806488,0,0,0,0,0,0,11.94733580253766,0.7467084876586038,16.42758672848928,10.453918827220452
0206309-650,02,063,09-650,511,357,42,8,0,1,0,503,369,53,468,456
0206309-655,02,063,09-655,288,197,17,5,4,3,0,274,194,34,258,252
0206309-660,02,063,09-660,546.0122043505861,308.4419947793987,24.954853946553296,9.981941578621319,0,0.9981941578621318,0,533.0356802983785,288.4781116221561,41.92415463020954,531.0392919826542,331.40046041022777
0206309-665,02,063,09-665,126.98469846984699,90.55625562556256,1.045004500450045,0.018001800180018002,0,3.0018001800180016,0,126.96129612961296,61.520252025202524,16.075607560756076,119.95769576957696,88.5976597659766
0206332-805,02,063,32-805,377.4300171053583,392.40739873652325,25.960794827352686,10.983413196187675,3.993968434977336,0,0,339.4873169730736,428.3531146513193,42.93516067600637,354.4646986042386,439.336527847507
0206332-850,02,063,32-850,14.333668331741762,18.944181846276766,2.791942260067323,1.851744862092331,0.006031565022663697,0,0.9175790291400029,16.111526522306463,16.245728844060732,5.570313498833652,14.298986832861447,26.355684968413087
0206606-020,02,066,06-020,108,14,0,1,1,0,2,92,18,9,98,26
0206606-025,02,066,06-025,372.5967741935484,196.8548387096774,12.96774193548387,6.209677419354839,1,5,1.2419354838709677,349.33870967741933,194.7258064516129,35.04838709677419,355.51612903225805,220.90322580645162
0206606-035,02,066,06-035,121.99755028312954,52.9989357787366,7.999839362828166,0,0,0,0,110.99777115924081,64.99869482297886,5.999879522121125,104.99789163711968,75.99847394686758
0206606-047,02,066,06-047,155.40322580645162,37.14516129032258,3.032258064516129,3.7903225806451615,0,0,0.7580645161290323,132.66129032258064,49.274193548387096,18.951612903225804,139.48387096774192,56.096774193548384
0206606-053,02,066,06-053,9.560975609756097,36.19512195121951,2.731707317073171,0.6829268292682927,0,1.3658536585365855,0,8.195121951219512,34.829268292682926,8.195121951219512,18.4390243902439,29.365853658536587
0206606-060,02,066,06-060,3.3689306995461092,4.491907599394812,0,0.2552220226928871,0,0,0,3.675197126777574,3.5731083177004193,0.45939964084719676,4.083552363086193,3.471019508623264
0206606-090,02,066,06-090,0,0,0,0,0,0,0,0,0,0,0,0
0206609-632,02,066,09-632,293.9750395841795,62.99465133946704,11.99898120751753,0,0,0.9999151006264609,0,279.97622817540906,83.99286845262273,12.998896308143992,271.9769073703974,95.99184966014025
0206806-005,02,068,06-005,90.54800389659587,17.715913805855717,0.9842174336586509,0.9842174336586509,0,0.9842174336586509,0,80.70582956000938,23.62121840780762,11.81060920390381,86.61113416196127,25.589653275124924
0206806-012,02,068,06-012,115.99827690141737,70.99894367935588,5.99991051438074,0.9999852238893431,2.999955281571409,0,0,111.99833659100493,58.999122601832326,13.999791476540166,106.99841164184808,80.99879411405244
0206806-024,02,068,06-024,60.616553272577676,26.519742056752737,0,0,0,0,0,56.82801869304157,27.46687570163676,0,57.775152337925604,26.519742056752737
0206806-026,02,068,06-026,11.209733109587459,141.11552237123485,1.0056105559303072,3.0031394221273544,0.002037108286963731,8.46890564849466e-4,0,13.214010852852672,139.0938637559926,0.02163425908912689,12.203836836196423,141.12066252095448
0206806-040,02,068,06-040,363.0525747401967,223.09855537973232,20.004016191122943,3.0024340312247366,3.0004844680701743,2.999562758245927,0,357.06030373949443,202.10210243976965,30.001669902418225,334.0585108666541,263.10303498474923
0207037-702,02,070,37-702,73.99989980475075,24.999966150253634,0,2.9999959380304357,0.9999986460101453,0,0,60.99991740661886,32.9999553183348,12.99998239813189,68.99990657470002,35.99995125636523
0207037-710,02,070,37-710,59.63302752293578,64.37308868501529,2.5993883792048926,0.9174311926605504,1.6819571865443423,0.1529051987767584,0,53.97553516819571,70.64220183486238,4.892966360856269,58.56269113149847,68.34862385321101
0207037-714,02,070,37-714,330.3669724770642,356.6269113149847,14.400611620795106,5.08256880733945,9.318042813455657,0.8470948012232415,0,299.02446483180427,391.3577981651376,27.10703363914373,324.43730886850153,378.651376146789
0207037-718,02,070,37-718,34,23,3,0,1,3,0,26.999999999999996,36,3,38,23
0207037-724,02,070,37-724,39,40,0,0,1,0,0,38,39,1,38,39
0207037-732,02,070,37-732,92.88887250202787,72.75591770518399,2.383452547747216,2.9521421724061647,1.1184278445542364,0.03664921465968586,0.07329842931937172,71.74743750460881,86.54479758129932,11.03768158690362,93.54855836590222,79.55873460659244
0207037-736,02,070,37-736,43,254,5,3,8,2,2,55,237,24,113,199
0207037-754,02,070,37-754,145.10697601279134,126.2404637705706,11.616210845346234,1.0478297770182894,3.88145995314358,0.9633227347647683,1.9266454695295365,125.24897202172133,131.45144364157753,34.961308592376724,162.44678523855717,126.43764686916215
0209001-446,02,090,01-446,826.2105325040636,701.8954296530995,70.62308314742143,4.919843836209912,7.832813640624155,3.9224906480170314,0.006083827704953759,822.2393712344069,688.0663292279081,93.28843422913477,812.4605218390367,775.5166561928045
0209001-455,02,090,01-455,162,141,3,3,0,0,0,151,134,17,166,134
0209001-465,02,090,01-465,223,253.00000000000003,21,2,3,0,1,216,224,47,219,266
0209001-470,02,090,01-470,380,380,18,4,0,6,1,382,366,26,393,378
0209001-475,02,090,01-475,234.58008658008657,320.3636363636364,10.246753246753247,2.0865800865800868,7.138528138528138,1.0692640692640691,0,240.5108225108225,271.1212121212121,34.64502164502164,242.33766233766232,310.6623376623377
0209001-480,02,090,01-480,685.5952652544689,621.6330247642561,36.978170283404296,12.992330099574483,1.9988200153191513,0.9994100076595757,0,724.5722555531923,538.6819941285113,57.96578044425539,675.6011651778732,656.6123750323412
0209001-485,02,090,01-485,343.05043508993816,416.05277847217064,28.001048740411964,0.0022600391706988124,2.0011624476754766,3.000911025502957,0,335.04519055208607,425.0531325600788,41.00943729631282,342.0455716866191,447.0611615073076
0209001-490,02,090,01-490,452.9092495822549,480.2997165041723,11.738727104223711,18.58571838150245,9.781984089520918,7.825606204254158,0,408.8903347027232,484.2126210311427,82.16899361613689,412.80321218306875,552.6866178442887
0209001-495,02,090,01-495,192,161,16,2,2,1,0,196,159,13,201,159
0209002-345,02,090,02-345,1575.6353013957744,568.0302274719479,105.24152245467877,0.0067539899438052425,4.9632464934528775,4.961962253122806,0.006991486420679893,1387.0900123122874,463.82374147909803,196.5807795519006,1420.8415516610967,647.5020502939467
0209002-355,02,090,02-355,641.0649864974351,547.1325035816478,31.956411713618365,10.652137237872788,0.9683761125338899,8.71538501280501,3.8735044501355596,585.8675480830034,549.0692558067155,49.38718173922838,555.8478885944528,602.3299419960795
0209002-365,02,090,02-365,1053.899292324442,740.4202504082743,81.70332063146434,18.01034295046271,12,0,5,1020.7441480675013,646.2961350027218,86.39303211758302,1014.682090364725,714.5753946652151
0209002-375,02,090,02-375,393.83593476095757,243.24333402388424,68.53314675875583,1.131091185954384,0.05147503017221194,0.1544071086921052,0.051466039259946625,376.7920262580858,230.5835731801381,39.78835337031261,370.71834492431316,259.43785507889703
0209003-130,02,090,03-130,1369.6679726368159,509.6363450604122,67.29227967306326,14.209905828002842,4.048214285714286,0.03214285714285714,4.0321428571428575,1344.6249289267946,485.92668798862826,107.83870824449183,1338.4175373134328,573.7389836531628
0209003-135,02,090,03-135,1296.2159696620715,362.22201557981003,62.86497830087832,11.974281284435127,7.9828542566167044,2.993570414420859,0,1256.3016989819278,363.21987276743573,118.74495700616174,1251.3124149100406,448.0376997213154
0209003-165,02,090,03-165,1505.7797483200738,452.0100163337232,91.64484795795174,7.01541121838646,7.014483506143721,5.004167373121616,0.07767857142857143,1491.784054320044,465.58360945717396,103.81511628215996,1481.3098800732903,558.6706134038893
0209003-175,02,090,03-175,698.280858852717,293.99425003273154,48.85056446856182,6.2288895745047554,5.1038895745047554,3.074206838931968,2.375,708.9480797037075,238.46687054952747,75.63881951421214,689.1746660258435,345.19243501808927
0209003-183,02,090,03-183,1250.3531249999999,305.26383928571425,48.199553571428574,2.835267857142857,2.835267857142857,1.8901785714285715,1.8901785714285715,1245.6276785714285,275.9660714285714,80.33258928571428,1230.50625,359.13392857142856
0209004-230,02,090,04-230,274,679,24,8,4,1,0,292,651,32,284,673
0209004-240,02,090,04-240,713.016277744221,1022.5577462106578,45.257923987629354,24.017911388029816,2.028658220847706,10.014329110423853,1,765.0019486337972,987.5075943241743,56.340316372566505,729.9661258577376,1076.826417031105
0209004-250,02,090,04-250,358,731,41,9,1,4,0,365,757,41,364,759
0209004-260,02,090,04-260,424.6395293841106,1067.6269038051053,41.82597673611784,12.989707999404272,1.1141141486934023,0.9896328208925725,0.9896328208925725,426.63123062892384,1086.5357553253227,46.15173420157655,428.72254199548166,1081.7431615562311
0209004-265,02,090,04-265,1439.4460242468324,780.3844081915291,62.07410852395148,16.717205063317312,11.644286513846728,7.005249080691648,1.0129069323434385,1465.0910604326402,769.675045921946,100.55336139036378,1448.8922511020644,885.3606989133405
0209004-270,02,090,04-270,1383.5907225266726,863.6384001506462,92.93251954129607,21.282892408230445,6.355713486153272,5.994750919308352,0.9870930676565614,1391.9442242676482,867.3465927616563,120.45034252845105,1386.1424487689376,1031.6635715020514
0209004-280,02,090,04-280,98.05809128630705,207.49792531120332,15.759336099585063,0.8755186721991701,0.8755186721991701,0,0,112.06639004149378,187.3609958506224,11.381742738589212,98.93360995850622,223.2572614107884
0209005-580,02,090,05-580,140,72,11,1,0,2,0,139,83,9,137,98
0209005-582,02,090,05-582,1494.433503944756,1519.682321874071,94.41285286539495,31.15750584039807,13.05097816463476,4.058066477426085,0,1554.0305180620633,1496.878308142264,99.85938060796813,1473.6261517736332,1673.4842080704536
0209005-586,02,090,05-586,535.4047347455311,679.3669752357439,36.0218297165957,7.007669900425516,5.0011799846808485,3.0005899923404242,3,556.4277444468077,671.3180058714887,44.034219555744606,558.3988348221269,681.3876249676588
0209005-587,02,090,05-587,194.4576993328507,112.24542339654181,6.879217617851402,1.6183527334892094,0.2356108404547294,0.34229916910299596,0.07502951060449387,185.41268822412042,116.3696795369655,14.778195347757586,189.91795090205704,126.91930954740253
0209005-588,02,090,05-588,253.61839099980554,220.4372791216602,16.832235565822284,3.979865508672117,1.9844895194993555,0.008709175738724729,0,267.4423215243259,212.56246256776853,20.755491432192688,273.1345148106622,210.9916588958586
0209005-590,02,090,05-590,253.94682581719402,86.39428094811755,17.4533900905288,0.87266950452644,0,0,2.61800851357932,246.09280027645607,81.15826392095892,35.77944968558404,255.69216482624694,111.70169657938432
0209005-592,02,090,05-592,295.19310317162876,460.18318777260646,20.872239618195973,3.975664689180185,0,0.9939161722950463,0.9939161722950463,286.2478576209733,440.3048643267055,44.72622775327708,288.23568996556344,490.99458911375285
0209005-594,02,090,05-594,30,78,3,3,0,0,0,31,80,1,27,88
0209005-596,02,090,05-596,875,994,51,16,1,7,1,916,942,60,895,1008
0209006-145,02,090,06-145,454.1915830045289,200.1979848735289,57.75027845674743,3.9835617686757763,2.9887237820396746,2.203073453191468e-6,0,444.2238761755008,218.1208202167961,31.874439337967964,440.2537171101282,247.98693181896513
0209006-150,02,090,06-150,317.99831605364864,93.99950222969488,14.999920568568333,8.999952341141,0,0.9999947045712222,0.9999947045712222,283.9984960982271,92.99950752512366,62.999666387987,330.99824721307454,105.99943868454956
0209006-155,02,090,06-155,262.64446397891436,64.50493529164777,6.847692710291859,3.7421606285919182,0.9537296445656398,1.8566136635076333,0,247.71969715862178,72.91209247060827,17.023155244445093,254.16960456768936,74.13102460843433
0209006-160,02,090,06-160,679.4836550437273,153.60159386051185,20.26398396722999,8.153710390807372,3.0363633318529364,2.081362002917424,0,654.8504079746269,166.96135718932425,30.708999939333633,674.105107933228,186.96130403639003
0209006-170,02,090,06-170,529.3041377527945,282.25083026426313,38.3647657814822,12.967139626542611,0.19324675324675322,0,0,531.139551592686,265.7521431802029,39.10554500226142,536.1848652839698,297.35413322995413
0209006-180,02,090,06-180,622.0641050197352,261.2088776910241,25.153447481357876,3.8697611509781353,5.804641726467203,0,0,588.2036949486766,269.9158402807249,47.404574099482154,621.0966647319907,269.9158402807249
0210033-545,02,100,33-545,842.0572504204049,1327.7864623789608,25.878914149291695,17.916333959495116,11.944083780562506,2.9860313595731944,6.248659540659004e-5,870.922050127214,1272.0475887246444,57.72997433319032,869.9266924547794,1298.9220896638872
0210033-550,02,100,33-550,140,245,2,0,0,0,0,133,243,8,127,263
0210533-505,02,105,33-505,178.23317164017533,545.0981689929006,14.099364613055034,5.068790885961177,2.045860590640785,0.011465147660196205,0,176.34400140089056,576.8841529032436,14.22165952143046,184.34017968500382,553.9873392321854
0210533-530,02,105,33-530,17.83251888049756,37.8560639715682,0.36517103509551313,0.42603287427809866,0,0.18258551754775657,0,17.954242558862727,36.5779653487339,1.7041314971123946,17.771657041314974,38.89071523767215
0210533-555,02,105,33-555,0,0,0,0,0,0,0,0,0,0,0,0
0210535-700,02,105,35-700,67.13826637448193,411.4330166324457,4.017816690849967,6.005349866677727,5.001551968712249,0.0015191591861910836,0,87.1501729564643,308.4151343225436,51.01413300616397,134.14364905068572,304.44155556067165
0210535-720,02,105,35-720,265,418,7,6,2,2,3,256,353,54,266,421
0210535-750,02,105,35-750,43,57,0,2,0,0,0,36,48,7,44,46
0210535-755,02,105,35-755,0,0,0,0,0,0,0,0,0,0,0,0
0210535-775,02,105,35-775,15.711858700152014,83.12248168558249,2.0218774541417877,0.015145929790468367,0.010097286526978912,0.002524321631744728,0,11.736260475925546,95.07536101512325,2.048803551547065,15.735419035381632,86.09807990980896
0211033-500,02,110,33-500,320.9364107731879,1156.7708014472848,28.994255178886135,9.998019027202115,4.999009513601058,1.9996038054404233,0,322.9360145786283,1121.7777348520774,42.9914818169691,333.93383550855066,1141.7737729064816
0211033-510,02,110,33-510,265.92532285233017,725.7961819202695,42.987928130263896,11.996631106120157,1.999438517686693,3.998877035373386,0,306.9138124649074,686.807130825379,19.994385176866928,275.9225154407636,766.7846715328467
0211033-515,02,110,33-515,183,713,23,7,0,7,0,173,782,23,163,797
0211033-520,02,110,33-520,134,364,14,3,0,0,0,142,364,8,132,385
0211033-525,02,110,33-525,471,1028,23,13,2,2,3,427,1013,83,455,1086
0211033-530,02,110,33-530,275.16748111950244,584.1439360284318,5.634828964904487,6.573967125721901,0,2.8174144824522434,0,277.04575744113725,564.4220346512661,26.295868502887604,274.228342958685,600.1092847623278
0211034-400,02,110,34-400,498.8036951501155,694.5866050808314,37.38568129330254,6.886836027713626,0,0,1.9676674364896074,523.3995381062356,715.2471131639724,25.579676674364897,526.35103926097,684.7482678983833
0211034-410,02,110,34-410,493.19630484988454,729.4133949191686,31.61431870669746,4.113163972286374,3,6,3.0323325635103924,508.6004618937644,688.7528868360278,57.4203233256351,510.64896073903003,736.2517321016167
0211034-420,02,110,34-420,456,641,18,3,3,0,0,478,627,19,461,648
0211034-430,02,110,34-430,676,840,50,18,8,11,0,673,826,84,665,926
0211034-440,02,110,34-440,673,924,35,3,14,6,1,691,889,73,680,948
0211034-450,02,110,34-450,639,718,43,15,0,11,0,651,740,53,625,829
0211034-460,02,110,34-460,1108,1231,64,18,8,0,0,1143,1137,116,1100,1329
0212229-100,02,122,29-100,637.4089715771876,528.9550544736684,25.960861854265406,13.3252607120927,1.8686559974213426,0.24466812743805222,0.048933625487610447,615.1762431875201,523.563177441139,61.80327297329599,616.6977786096662,570.2749834405845
0212229-110,02,122,29-110,128.00382221700593,198.00464661675232,11.00012490905248,6.0000499636209925,0,0,0,133.00367232614295,201.0046466167523,9.00019985448397,131.00399708967942,193.00424690778436
0212229-115,02,122,29-115,625.8759047232184,203.03817719567127,9.527829015672776,6.565880599935523,0.22890245862124375,0.011811023622047244,0,601.3631267386404,191.6307133597029,40.44395827349494,606.9811971994844,227.30345758994974
0212229-120,02,122,29-120,47.12971029469372,121.22754557347467,2.005765290104142,1.999991267350527,0.0019246742512050042,1.002882645052071,0,40.12107982483645,136.2486514953669,6.0172958703124255,49.13451324767226,119.24102702588259
0212229-130,02,122,29-130,524.5921781999282,161.41280917097123,12.344775229423538,2.0443228140416645,2.0788145900550936,0.02463698286673506,0.004927396573347013,511.44451071099775,189.4026218061661,15.581254632266507,520.5528065375784,182.5998008120146
0212229-140,02,122,29-140,173.06367346938777,133.5665306122449,1.5314285714285716,2.2277551020408164,5.075918367346939,0,0,170.40571428571428,129.51591836734696,10.26530612244898,171.70938775510203,129.64244897959185
0212229-150,02,122,29-150,1416.9568345323742,371.81294964028774,39.611510791366904,7.870503597122302,1.79136690647482,2.079136690647482,2,1343.4676258992806,365.8705035971223,106.7841726618705,1372.158273381295,431.80575539568343
0212229-160,02,122,29-160,1326.0431654676258,242.18705035971223,30.388489208633093,10.129496402877699,9.20863309352518,0.9208633093525179,0,1250.5323741007194,266.1294964028777,102.2158273381295,1281.841726618705,335.19424460431657
0212229-170,02,122,29-170,428.04004271999776,509.36754754921475,16.018717561201278,5.667905713961953,0.13133327742461084,4.748572771989678,0.9497145543979355,448.24181150334266,440.8567663551388,43.1409616079029,459.70405279483015,462.1190081856025
0212229-180,02,122,29-180,1081.0787401574803,251,22.728346456692915,4.940944881889764,2.9645669291338583,0.9881889763779528,0,1071.1968503937007,216.41338582677167,56.326771653543304,1063.291338582677,281.63385826771656
0212229-190,02,122,29-190,1087.086780189783,274.0936955673989,19.199211404306944,8.255531002209802,2.730612244897959,0,0,1063.177312708523,272.15651458035444,45.90298539798085,1074.152840244378,277.0790848823606
0212230-200,02,122,30-200,1124.9485185995104,343.44472144776796,39.027834710803454,6.400208639449174e-4,1.9513277334537782,2.926751592356688,0,1087.8764917682083,296.61381587617325,76.10194160991333,1100.5579619652422,371.7398536115357
0212230-210,02,122,30-210,1670.463893937732,501.39380008406306,62.55367052753749,18.22521741703894,5.1051328141051195,3.0732255361423695,0.9999923761663524,1661.5924804264303,485.2078363882404,90.1573494094784,1644.5156491674786,588.227993228978
0212230-220,02,122,30-220,1312,562,52,7,1,6,1,1253,518,115,1238,646
0212230-230,02,122,30-230,740,314,20,4,1,0,0,728,304,50,740,323
0212230-240,02,122,30-240,586.9305190027463,229.345878387536,26.20757293112374,3.743638624361621,0.9410318733187447,0.0018841097960393416,3.798714926668976e-4,587.8543283739127,212.51434690963532,37.44609253770588,581.3171236759957,248.06142765656273
0212230-250,02,122,30-250,1741.9597917202138,691.7043875343466,69.87933115301057,8.996069537617924,15.923692989067264,4.973501778838168,0.9947003557676337,1712.0891845938725,689.5448468856089,117.7743403631678,1733.9216948720634,729.7120749712902
0212231-300,02,122,31-300,1337,731,47,15,10,5,3,1302,732,80,1338,757
0212231-310,02,122,31-310,239.08743499033224,330.59772646666727,10.12566640687642,1.287104512600538,0.009169805031850959,2.513076991655403,0.006113203354567306,239.05992557523666,307.40219822153,18.35277036246351,242.88761649458817,317.4239401713788
0212231-320,02,122,31-320,404.00391995694736,199.00476543785757,11.000128103168215,8.000051241267286,0,0,0,384.0037662331455,229.00476543785757,21.00020496506914,387.00409930138284,243.0043555077193
0212231-340,02,122,31-340,922.0086947540791,286.2638446276635,48.68000131774017,6.815411346317319,0,0,0,894.7473742331694,306.7091040735369,64.2578291444687,882.0928966707276,424.5101429182167
0212231-350,02,122,31-350,786.9497006087968,857.4675637905237,38.32480812211674,9.867746106740862,7.033062182061259,4.51507766640667,0.022041454707505483,785.850514062613,828.6349373775989,64.4637147213366,780.3325243819443,891.5850407696881
0212231-360,02,122,31-360,736.6610624162307,784.2502222707711,32.7634642576383,12.884330195377865,3.029987867568598,2.1006453063014745,2.1006453063014745,728.0550191810594,779.7299751267973,59.10401250448855,748.9844758964706,776.9034492691942
0212231-370,02,122,31-370,578.3018019846403,910.6844874720379,23.786061213368537,19.960819185280734,1.9277801453382928,1.8712000356364524,1.8712000356364524,576.034541181091,891.2328892740736,41.07950241171133,580.7953832269969,884.087569789739
0212231-380,02,122,31-380,1146.3266978922718,425.0327868852459,32.175644028103044,13.024590163934427,5,2,0,1093.228337236534,433.10655737704917,80.23185011709602,1117.1826697892272,508.53161592505853
0212231-390,02,122,31-390,802,519,5,13,0,0,0,741,547,68,770,571
0212232-847,02,122,32-847,175.20786595280526,193.3713745033239,6.164525240528348,2.16673286817795,1.0725154046451329e-5,0.006759100572270538,0.0013528248007680526,168.5988123598128,193.75499977819356,9.565687365801162,181.3145208147813,180.55567524625084
0212232-855,02,122,32-855,2.0000286291701084,87.99772827832354,0,1.999949271750755,0,0,0,11.99993370276259,67.99779909500954,3.000340534077739,16.999985436333024,62.998183827245555
0213036-600,02,130,36-600,462.9750731690089,446.97593457137583,40.99779265643492,8.99951546116864,2.999838487056213,1.9998923247041422,1.9998923247041422,433.97663446079883,440.9762575972634,77.99580066346154,454.97550387019237,494.9733503642752
0213036-610,02,130,36-610,704,541,41,11,5,6,0,682,540,69,684,599
0213036-620,02,130,36-620,632,361,32,4,2,0,2,605,384,39,617,391
0213036-640,02,130,36-640,501.0249268309911,221.02406542862423,21.002207343565086,2.00048453883136,2.000161512943787,1.0767529585782855e-4,1.000107675295858,500.02336553920117,198.02374240273664,42.004199336538456,503.0244961298077,240.02664963572482
0213036-650,02,130,36-650,887.6707404744787,394.4104960460101,36.574406901509704,11.86196980589504,2.96549245147376,0,0,865.9237958303379,415.1689432063264,49.424874191229335,876.7972681524084,446.80086268871315
0213036-660,02,130,36-660,58.08036199768479,119.11396274101457,0,0.9844129152149964,0.9844129152149964,1.9688258304299928,0.9844129152149964,57.09594908246979,80.7218590476297,26.5791487108049,69.89331698026474,94.50363986063965
0213036-670,02,130,36-670,783.7276438647714,532.0409389685733,40.64524851345985,11.59315845822753,1.4629481457541593,2.5957023505059023,0.21742330084827727,792.9987832254478,532.0640677759582,42.665752257172734,802.3645230536189,552.7989761439638
0215032-800,02,150,32-800,54.99999999999999,37,0,5,0,0,0,50,44,5,60,32
0215032-810,02,150,32-810,584,398,26,6,0,0,0,587,382,31,576,406
0215032-815,02,150,32-815,19.075890853003106,10.122123319007994,0.004458869318265685,6.006778378569988,0.00891773863653137,2.0066883039773984,0,22.083029529943452,7.112304834445563,8.020200023821081,21.08548415108406,19.13660342921455
0215032-820,02,150,32-820,632.2386712421172,460.42377365406173,25.525985470947123,16.688896051641986,3.926793460819223,3.9267616699388377,9.537264115671924e-5,584.1363812303331,483.98329457464206,67.73864163190923,577.2643257717773,548.7776279352264
0215032-825,02,150,32-825,563.9663277040884,487.0578986088729,21.678341165805957,12.866826014848092,1.640278321096105,3.980089985611021,0.04256675898679123,541.5416101559089,468.0981936584951,51.30694966313958,549.1896338945611,499.30177223834
0215032-830,02,150,32-830,1726.7950010537943,941.5183277370653,94.79567336324692,25.44427793350992,5.432928218084672,5.0931483444501415,2.957337868372052,1688.322008613758,927.9185117668628,144.95440870495116,1676.5460403336615,1087.9205998264335
0215032-835,02,150,32-835,33.92419922158948,52.88183996306596,1.9955411306817343,2.9933116960226016,3.9910822613634687,2.9933116960226016,0,36.917510917612084,48.89075770170249,8.979935088067805,37.91528148295295,59.86623392045203
0215032-840,02,150,32-840,37,85,3,3,2,0,0,45,63,12,56,58
0215032-845,02,150,32-845,68,48,7,2,0,0,0,67,37,14,77,39
0215838-804,02,158,38-804,0,0,0,0,0,0,0,0,0,0,0,0
0215838-834,02,158,38-834,45,97,12,9,3,0,6,51,99,23,86,85
0215838-850,02,158,38-850,25,58,6,3,2,2,2,29,58,9,38,62
0215839-900,02,158,39-900,32.607219622326426,86.95258565953714,13.833365900380908,2.9642926929387663,4.94048782156461,0.9880975643129221,0.9880975643129221,50.39297577995902,67.1906343732787,22.726243979197207,74.10731732346916,63.23824411602701
0215839-904,02,158,39-904,91,137,2,1,1,1,0,94,120,19,109.00000000000001,122
0215839-910,02,158,39-910,86.39278037767357,109.04741434046285,9.16663409961909,3.0357073070612337,7.05951217843539,1.011902435687078,1.011902435687078,101.60702422004097,84.8093656267213,25.273756020802793,113.89268267653085,100.761755883973
0215839-916,02,158,39-916,108,191,1,6,3,2,0,111,158,37,154,150
0215839-918,02,158,39-918,40,111,4,3,1,2,0,53,88,18,84,74
0215839-922,02,158,39-922,60,130,2,1,3,1,1,72,96,36,99,103
0215839-928,02,158,39-928,10,36,1,1,0,0,0,11,22,10,18,30
0215839-930,02,158,39-930,25.696775333030608,98.83375128088694,3.9533500512354776,0.9883375128088694,3.9533500512354776,7.906700102470955,0.9883375128088694,50.40521315325234,71.1603009222386,23.720100307412867,79.06700102470955,61.27692579414991
0215839-934,02,158,39-934,57,138,10,0,1,1,0,54,136,13,61.99999999999999,146
0215839-940,02,158,39-940,50.30322466696939,168.16624871911304,3.046649948764522,8.011662487191131,2.046649948764522,0.09329989752904394,0.011662487191130493,71.59478684674765,138.8396990777614,27.279899692587133,84.93299897529045,155.72307420585008
0216437-708,02,164,37-708,17.944231962329983,12.959723083904986,2.990705327054997,0,0,0,0,18.94113373801498,7.975214205479992,2.990705327054997,21.93183906506998,8.972115981164992
0216437-716,02,164,37-716,20.546081172779548,6.07899629619351,0,0,0,0,0,10,7.052664197462341,4.253291512341396,19.57241327151072,8.546081172779548
0216437-726,02,164,37-726,74.85276035421442,59.5530202801849,0,0.12182290774491784,7.365468723234754,0.12182290774491784,0,78.46187489293902,53.700259925970485,7.852760354214426,81.92374978587803,60.33479120273573
0216437-728,02,164,37-728,15,51,6,8,1,1,4,32,43,13,41,45
0216437-730,02,164,37-730,19.486559256083947,29.403307400174644,5.439648570751065e-4,1.813216190250355e-4,0.276595744680851,0,0,17.13176800538691,28.92722348711498,0.646659322255161,21.947914807123414,23.850297232431966
0216437-738,02,164,37-738,6.147239645785575,54.4469797198151,0,0.8781770922550821,2.6345312767652467,0.8781770922550821,0,10.538125107060987,48.299740074029515,6.147239645785575,21.076250214121973,45.66520879726428
0216437-740,02,164,37-740,8,0,0,1,0,0,1,7,2,1,7,3
0216437-742,02,164,37-742,17.055768037670017,46.04027691609502,1.009294672945003,0,0,0,0,15.058866261985019,45.02478579452001,4.0092946729450025,18.068160934930024,46.02788401883501
0217007-100,02,170,07-100,994,398,50,3,3,6,0,984,341,87,943,473
0217007-105,02,170,07-105,711,196,19,5,3,0,0,699,210,34,698,238
0217007-110,02,170,07-110,1056,395,34,8,14,0,0,1006,360,107,1018,435
0217007-115,02,170,07-115,701.1414504493026,203.94651025720074,42.14237402043973,7.987318448510184,3.002832066668683,4.005332529604884,4.989155703981417,680.9933854256403,203.94184093506084,65.20455399011225,706.9650110191833,234.1802810980439
0217007-120,02,170,07-120,993.8585495506974,296.05348974279923,49.85762597956027,1.0126815514898162,1.9971679333313168,2.994667470395117,0.010844296018583003,953.0066145743597,295.05815906493916,73.79544600988775,959.0349889808168,359.8197189019561
0217007-125,02,170,07-125,1575.0271903323262,467.5287009063444,42.58006042296073,17.157099697885197,9.108761329305137,0,0.02416918429003021,1481.6163141993957,490.66163141993957,128.02719033232628,1485.0151057401813,579.3987915407855
0217007-130,02,170,07-130,1018,269.00000000000006,35.00000000000001,12,2,0,0,967.0000000000001,295,70.00000000000001,972,339
0217008-130,02,170,08-130,562,159,26,3,4,0,0,551,158,42,564,188
0217008-135,02,170,08-135,1446.496118154259,278.25075922103326,48.283496443694766,8.03779952582597,11.075599051651936,3.0377995258259682,0,1406.2487338020019,288.0239620660775,89.47418150721276,1412.2315214734772,370.628754479293
0217008-140,02,170,08-140,1387,472,53,7,3,9,0,1300,444,150,1351,547
0217008-145,02,170,08-145,1157,239,47,3,7,2,0,1082,262,100,1097,337
0217008-150,02,170,08-150,1509.6069362976014,405.6661901910823,45.44533733267063,8.421160347753712,2.0953792279962915,4.01494058159793,5.036872820616059,1436.1031594629665,413.9286432503841,103.76020073745438,1480.919452850589,447.7213659437078
0217008-155,02,170,08-155,1577.0946482164627,422.0183035159664,22.699013966723125,18.714428917443097,0.9988117443280041,0.007107952021323856,0.9845958402853564,1499.0770144172157,435.75999756783347,91.84462327536978,1541.5994423020404,455.56564160588175
0217009-622,02,170,09-622,1375.2359736795256,380.12665265857765,45.421919077285104,19.184110285992755,10.002518814084043,5.000228983098549,9.159323941973185e-4,1335.8880950956914,385.0444437888189,90.89154559168767,1351.191434498168,444.322670065695
0217009-628,02,170,09-628,1644.6233228028864,596.863297090166,64.98511609859429,13.99679423662031,10.997481185915957,0.9997710169014506,3.9990840676058026,1639.6244677183793,632.8550536986182,74.9828262676088,1647.6226358535907,662.8481842056618
0217009-640,02,170,09-640,162.00308928011032,65.00174642550365,1.0001415042345803,3.0000564749124305,0.9999999512379224,5.662119866316058e-6,0,162.00301567255204,62.001633329392554,8.000237418937765,171.0030039094536,58.00187699559512
0217009-645,02,170,09-645,644.1407035175879,326.0100502512563,26.592964824120603,11.819095477386934,0,0,0,621.4874371859296,320.1005025125628,57.12562814070352,641.1859296482412,337.8291457286432
0217010-005,02,170,10-005,622,159,29,3,0,2,3,599,160,52,599,208
0217010-010,02,170,10-010,1268,351,27,8,6,0,2,1210,359,85,1229,408
0217010-015,02,170,10-015,1250,374,76,14,6,5,0,1213,391,96,1210,480
0217010-020,02,170,10-020,786.1167008093183,177.369051419162,15.957934500512781,2.1877602416726267,3.9281145644881588,1.980982373034695,0.011822895341846043,720.1969495913435,166.43576562782758,78.37569895800192,771.5779774382966,198.7741915032196
0217010-025,02,170,10-025,648.8109399889557,147.63336293403924,36.90541403047301,2.9136705886784524,4.181004338281293e-4,2.0905021691406466e-4,0,633.2655797933361,176.7667240173531,33.99853757384427,633.2710150989758,198.13545343620837
0217010-030,02,170,10-030,722.538863080518,239.53127948832142,16.757072481932795,4.928607645997284,1.9714299387746443,6.559812134581555e-5,1.6399530336453887e-5,678.1810990749964,261.2162872355077,44.35802639800699,709.72427328693675,255.30289939335228
0217010-035,02,170,10-035,208.01685387138514,512.1144810402736,20.80160182171593,10.896045168143582,1.981141175508249,0.9905482041587902,0,203.0640531610036,475.46401841763577,37.64104067159048,207.02617136565433,498.24695540601954
0217010-040,02,170,10-040,301.16810504208,76.15539101390515,4.537988658076684,7.255095212482959,0.051696740358884545,0.00945179584120983,0.004190288390436283,288.1462743764605,69.17891067837073,23.39246335586767,298.82192952186455,73.39431048205435
0217010-045,02,170,10-045,1330.7595103193491,397.92855246561845,12.05756763125225,7.066610450249212,1.992833451646963,3.973835500779753,0.9993745764520248,1249.8220010292493,376.15527702892905,96.91567111081805,1299.749319943051,424.9530759386227
0217010-050,02,170,10-050,340,128,8,2,0,1,0,327,135,19,338,138
0217010-055,02,170,10-055,614,171.99999999999997,39,1.9999999999999998,0,3.9999999999999996,0,624,180,31,594,242
0217011-055,02,170,11-055,1139.0002294857493,340.0001138200097,41.00001138200097,9.000003999081422,5.000001538108239,7.000000615243295,9.22864943518383e-7,1121.0002251790463,333.0001153581179,84.0000193801638,1107.0002184113698,434.0001365840116
0217011-060,02,170,11-060,786,340,43,5.999999999999999,0,2.9999999999999996,0,806,318,41,774,380
0217011-065,02,170,11-065,496.28629120449153,233.66396809225557,9.985639662062203,5.991383797237322,0,0,0,469.32506411692356,228.67114826122446,44.93537847927992,465.3308082520987,288.5849862335977
0217011-070,02,170,11-070,772.3019595486355,383.23467221702026,37.98930336653887,13.35186763512924,5.1040456690989515,2.0725089341888445,2.9999990771350564,758.8005871485566,387.6694968322709,64.48519462171394,736.0578718332154,458.7484165558732
0217011-075,02,170,11-075,678.3660262490832,393.15520061443215,45.55450687220121,11.883784401443792,6.932207567508879,0,0,649.6468806122607,416.9227694173197,70.31239104187577,679.3563416158702,436.72907675305936
0217011-085,02,170,11-085,803.8107961741492,363.1515658883269,23.548340920462067,15.697936591112192,0,0,0,842.0147417083191,329.8045798941153,26.540349676059886,816.513851942076,371.0752079411596
0217011-090,02,170,11-090,622,202,21,9,3,1,3,596,212,51,618,239
0217011-095,02,170,11-095,1065.331784716532,508.61001334853785,29.456178379258947,12.764343964345544,1.9637452252839298,3.9274904505678596,0,1107.5523070601364,465.40761839229134,43.20239495624646,1051.5855681395444,567.5223701070557
0217011-099,02,170,11-099,719,368,17,4,0,0,0,686,358,50,701,375
0217012-200,02,170,12-200,656.9990482464289,160.99976676967285,5.999991308186565,1.999997102728855,2.9999956540932824,1.999997102728855,0,648.9990598355135,164.99976097513056,26.999960886839546,641.9990699759625,178.99974069423251
0217012-205,02,170,12-205,856.0999267588709,301.1054153863088,30.422828743946553,6.399014518935908,4.028493865511774,5.025520673063585,0,850.450300608959,312.40770976279333,47.45804957985105,843.2626279552912,350.8825282730971
0217012-210,02,170,12-210,1391.9728096676738,288.4712990936556,47.41993957703928,12.842900302114804,8.891238670694865,0,1.9758308157099698,1358.383685800604,299.33836858006043,83.97280966767372,1390.9848942598187,359.6012084592145
0217012-220,02,170,12-220,1812.4463952518224,691.6146737296043,62.17398937941913,16.024165191585993,4,3.0144991149515947,0,1765.6203846312414,675.2860271240347,96.25131799249431,1784.5285569032148,753.5711763847495
0218039-902,02,180,39-902,31,91,8,6,4.999999999999999,2,1,53.99999999999999,52,34,74,67
0218039-906,02,180,39-906,11,12,0,0,1,1,0,11,14,1,17,9
0218039-908,02,180,39-908,90,52,2,3,4,1,0,75,52,27,91.00000000000001,59
0218039-912,02,180,39-912,73,179,0,11,1,1,2,97,99,54,119,130
0218039-914,02,180,39-914,22.316635745207172,47.14594928880643,0.8991960420531849,0.8991960420531849,0.04081632653061224,0,0,25.299938157081016,39.625850340136054,5.456400742115028,29.836734693877553,40.606679035250465
0218039-920,02,180,39-920,73.81749038868638,57.3231938345391,1.0494296563072094,2.9999999955375976,2.049429654819742,0,0,68.81749039612372,51.77946760623499,20.49429654819742,83.57034208483833,53.52091247166767
0218039-924,02,180,39-924,202.7957497048406,225.65997638724912,11.929161747343565,3.976387249114522,2.9822904368358913,3.976387249114522,0.9940968122786304,227.64817001180637,186.89020070838254,37.77567886658796,206.77213695395514,242.5596221959858
0218039-926,02,180,39-926,306.2042502951594,308.3400236127509,20.070838252656436,15.023612750885478,10.017709563164109,2.023612750885478,5.00590318772137,347.35182998819363,244.1097992916175,61.22432113341204,343.2278630460449,301.4403778040142
0218039-932,02,180,39-932,31,246.00000000000003,3,5,4,3,0,86,144,53.00000000000001,121,166
0218039-936,02,180,39-936,54.18250950570342,44.67680608365019,0.9505703422053232,0,0.9505703422053232,0,0,54.18250950570342,34.22053231939163,9.505703422053232,49.4296577946768,48.47908745247148
0218039-938,02,180,39-938,40.815250159366244,202.25138514851403,0.9893228571015475,9.902476021494868,0.9988732035135931,4.974457602256801,0.9893228571015475,80.37891699294875,130.95470052667068,39.684489481679925,114.10013084182475,140.88491889960372
0218039-942,02,180,39-942,40.002808988764045,51.067415730337075,0.851123595505618,0.851123595505618,3.404494382022472,0,0.851123595505618,43.407303370786515,28.93820224719101,22.129213483146067,54.47191011235955,45.109550561797754
0218039-944,02,180,39-944,47,55,2,3,0,2,0,49,44,15,65,48
0218039-946,02,180,39-946,26.750318837056383,45.574617277947915,0,0.9907525495206069,0.9907525495206069,2.9722576485618206,0,25.759566287535776,38.639349431303664,11.889030594247282,34.676339233221235,42.60235962938609
0218039-948,02,180,39-948,122.00045995923007,194.00101990959712,7.999999999999999,1.0000199982273947,10,0,3,174.00055995036703,127.0007199361862,22.000159985819156,186.0006799397314,147.000759932641
0218039-950,02,180,39-950,3.180805224242046,33.899616237692136,1.0044098835180986,2.044098835180987,0.004409883518098688,0.02204941759049344,0.004409883518098688,14.357200564965995,23.58210462438903,2.1763953407239476,15.50713660458135,24.626203459570014
0218039-952,02,180,39-952,19.683364254792828,75.85405071119357,1.1008039579468152,1.1008039579468152,1.9591836734693877,0,0,36.700061842918984,51.374149659863946,9.543599257884972,44.16326530612245,56.393320964749535
0218540-004,02,185,40-004,43.30797101449275,77.18115942028986,2,3.0181159420289854,0,0,1,38.30797101449275,68.21739130434783,20,51.289855072463766,74.23550724637681
0218540-006,02,185,40-006,41,32,4,3,2,1,2,45,27,15,37,50
0218540-008,02,185,40-008,192,218,5,1,4,3,4,233,157,33,245,175
0218540-010,02,185,40-010,504,508,16,20,4,3,1,585,345,108,593,439
0218540-016,02,185,40-016,69.00000069063877,32.000028546402234,0,5,0,0,0,57.00000184170337,32.00002532342133,20.000000230212923,72.00000092085169,34.00002647448594
0218540-030,02,185,40-030,45.00811135229939,69.02224617259999,2.002065648551773,6.000463172274811,2.0004131297103545,2.0004381509925833,2.0000750638466855,44.008486671532815,57.021207510833925,31.006297030784232,50.01331912164593,83.02083163449333
0218540-032,02,185,40-032,117,116,10,10,2,3,0,142,83,31,151,105
0218540-034,02,185,40-034,37.013553809628746,25.01194875322534,8.000891698001892,9.000535018801134,2.000178339600378,5.000356679200756,5.350188011346131e-4,37.01622890363442,24.007311923615507,24.003388452407187,50.01747728083706,38.01016535722156
0218540-040,02,185,40-040,167,66,5,1.9999999999999998,0,0,0,165,38,30.999999999999996,185,49
0218840-002,02,188,40-002,15.993790265149983,52.97943025330932,4.9980594578593704,0.9996118915718739,0.9996118915718739,0.9996118915718739,0,15.993790265149983,51.97981836173745,14.99417837357811,27.98913296401247,49.980594578593696
0218840-012,02,188,40-012,49,54,4,1,1,1,2,38,35,38,58,59.99999999999999
0218840-014,02,188,40-014,33.25362577933533,42.27438133584592,0.006267259380353803,0.06267259380353803,3.005964363447702,1.0312353315908849,0.006267259380353803,33.504316154549485,34.82384541763664,6.250084583348848,43.716393320372674,34.88651801144018
0218840-018,02,188,40-018,43.473786407766994,74.49708737864077,1.007766990291262,0.02330097087378641,1,1.0155339805825243,1,68.55145631067961,34.341747572815535,14.116504854368932,67.6368932038835,53.32621359223301
0218840-020,02,188,40-020,71,42,2,6,5,2,2,79,31,32,98,50
0218840-022,02,188,40-022,15.000000000000002,39,0,3,0,7,1,22,28,11,21,39
0218840-024,02,188,40-024,280,470,13,5,14,2,5,344,373,74,369,406
0218840-026,02,188,40-026,75.98454457292188,66.98637482086534,4.998983195586966,2.9993899173521794,0.9997966391173931,1.9995932782347863,2.9993899173521794,90.98149415968278,40.99166220381312,18.99613614323047,97.98007063350454,56.988408429691404
0218840-028,02,188,40-028,89,60,7,4,3,1,1,80,51,36,98,68
0218840-036,02,188,40-036,60.526213592233006,63.50291262135922,0.9922330097087378,2.9766990291262134,0,1.9844660194174757,0,70.44854368932039,43.658252427184465,14.883495145631068,81.3631067961165,41.67378640776699
0218840-038,02,188,40-038,12,75,0,0,1,0,0,29,48,6,34,46
0219535-700,02,195,35-700,0,0,0,0,0,0,0,0,0,0,0,0
0219535-730,02,195,35-730,8.686119216340142,23.288870362651103,0.12588578574406004,0.3776573572321801,0.8812005002084201,0.12588578574406004,0,8.937890787828263,18.190496040016672,3.2730304293455603,11.203834931221342,20.141725719049603
0219535-755,02,195,35-755,998.597623089983,533.1833616298811,34.8811544991511,14.949066213921903,6.976230899830221,1.9932088285229204,0,891.9609507640068,694.6332767402376,60.792869269949065,933.8183361629881,663.7385398981324
0219835-705,02,198,35-705,479.89713489137074,342.651292123207,10.270140895297722,6.5355864568641096,2.800953467711429,1.3091786511303267e-5,0.9336467919749727,414.5414143323813,381.86433956007727,60.68750623679438,450.95380941262994,395.8694341932972
0219835-730,02,198,35-730,129.31388078365987,346.7111296373489,1.87411421425594,5.62234264276782,13.11879949979158,1.87411421425594,0,133.06210921217175,270.8095039599833,48.72696957065444,166.79616506877866,299.8582742809504
0219835-735,02,198,35-735,25.461117156232167,26.370442768954746,1.818651225445155,5.455953676335465,0,0,0,17.27718664172897,26.370442768954746,10.002581739948353,26.370442768954746,30.007745219845052
0219835-740,02,198,35-740,444.10286510862926,470.348707876793,4.729859104702278,9.46441354313589,2.1990465322885706,1.9999869082134887,0.06635320802502735,371.4585856676187,455.1356604399228,75.31249376320562,400.0461905873701,516.1305658067029
0219835-745,02,198,35-745,178,73,2,7,0,0,0,171,74,11,160,102
0219835-755,02,198,35-755,3.402376910016978,1.8166383701188455,0.11884550084889643,0.050933786078098474,0.023769100169779286,0.006791171477079796,0,3.039049235993209,2.366723259762309,0.20713073005093377,3.1816638370118846,2.261460101867572
0219835-760,02,198,35-760,19,25.000000000000004,0,0,0,2,0,17,26,3,19,27
0219835-780,02,198,35-780,348.53888284376785,81.62955723104525,0.1813487745548453,2.544046323664536,0,0,0,326.722813358271,73.62955723104525,23.99741826005165,334.6295572310452,94.99225478015495
0219836-670,02,198,36-670,15.01934124856377,7.827269245499809,0.7991191114515511,0.18441210264266567,0,0.040980467253925706,0,15.121792416698584,8.114132516277289,0.6351972424358484,14.875909613175029,8.97472232860973
0219836-675,02,198,36-675,27.99769075158516,187.9844950463575,4.999587634211635,0.9999175268423272,0,0,0,27.99769075158516,157.98696924108768,25.997855697900505,46.996123761589374,159.98680429477233
0219836-680,02,198,36-680,215.5042216629161,598.6228379525447,7.981637839367263,10.376129191177442,5.587146487557084,2.394491351810179,0.7981637839367263,233.8619886934608,545.9440282127208,44.697171900456674,316.0728584389436,462.9349946833013
0222035-765,02,220,35-765,885.8696521391444,1047.4810075969613,43.89444222311076,19.95201919232307,1.9952019192323072,5.985605757696921,1.9952019192323072,816.0375849660136,1093.3706517393043,103.75049980007996,869.9080367852858,1108.3346661335465
0222035-770,02,220,35-770,859.1303478608556,1083.5189924030387,57.10555777688924,9.047980807676929,0.004798080767692923,0.014394242303078768,0.004798080767692923,826.9624150339864,1097.6293482606957,83.24950019992004,789.0919632147142,1196.6653338664535
0223033-540,02,230,33-540,218.99771923926767,682.9928869425562,14.999843783511484,25.99972922475324,3.999958342269729,1.9999791711348645,5.999937513404594,221.99768799596995,681.9928973569888,41.99956259383215,219.9977088248351,720.9924911941187
0224006-015,02,240,06-015,30.782006920415224,8.65743944636678,0.4809688581314879,0,0,0,0,30.301038062283737,6.73356401384083,0.4809688581314879,30.301038062283737,6.73356401384083
0224006-027,02,240,06-027,91.99712643678161,4.841954022988506,0,0,0,0,0,86.18678160919539,8.715517241379311,2.9051724137931036,90.0603448275862,8.715517241379311
0224006-030,02,240,06-030,83.99977940220865,24.99993434589543,0.9999973738358172,0.9999973738358172,0,0,0,79.99978990686537,24.99993434589543,4.999986869179086,82.99978202837283,25.999931719731247
0224006-053,02,240,06-053,4.441474107114372,16.80594227004389,1.2684533200986634,0.3170731707317073,0,0.6341463414634146,0,3.8071068895396856,16.172036884338226,3.8049985266593636,8.56308397263642,13.635672394595838
0224006-060,02,240,06-060,63.00884707823167,85.15253684504962,0,4.744777977307113,0,0,0,68.79146953988909,67.44911390452181,8.80726702581947,76.6053365258027,65.55120271359895
0224006-075,02,240,06-075,18,43,0,0,1,1,0,15,45,3,22,38
0224006-085,02,240,06-085,16.62222222222222,72.35555555555555,0,0,0,0,0,20.53333333333333,44.977777777777774,11.733333333333333,30.31111111111111,44.977777777777774
0224006-090,02,240,06-090,620,157,13,9,1,1,0,578,153,45,581,183
0224009-600,02,240,09-600,1708.0072634071407,298.1597993117816,53.000379355350155,5.999927610890682,6.999915546039128,8.489937353905045e-5,0,1632.817324507364,305.2879345262743,106.09465240379828,1619.943238937055,422.28754173112503
0224009-608,02,240,09-608,493.0038189776434,94.00066748113649,13.000118713088035,1.343921751343074e-5,6.000015679087099,1,0,479.00365098742446,91.0006831602236,24.00023742617607,475.00362186911985,121.00094522496511
0227536-690,02,275,36-690,827,396,19,17,7,5,1,791,384,77,822,438
0228232-850,02,282,32-850,1.2362994926052473,1.648399323473663,0.24725989852104946,0.1648399323473663,0,0,0.08241996617368315,1.4011394249526135,1.4011394249526135,0.4945197970420989,1.2362994926052473,2.307759052863128
0228232-860,02,282,32-860,173,307,24,8,0,3,0,172,294,36,195,304
0229006-007,02,290,06-007,2.999999309361236,123.99997145359777,0,0,0,0,0,7.99999815829663,109.99997467657866,0.9999997697870787,3.999999079148315,114.99997352551405
0229006-010,02,290,06-010,6,63,0,1,1,6,0,14,60.00000000000001,3,17,59
0229006-015,02,290,06-015,37.52205635551852,20.21822920762976,0.9337977375972786,0.13482098725555758,0.010367179107427484,0.010372474536205293,0.010372474536205293,37.00284516907156,18.37017728509034,0.9858878137157508,37.04456277065383,18.266574334590178
0229006-023,02,290,06-023,0,0,0,0,0,0,0,0,0,0,0,0
0229006-024,02,290,06-024,3.371553225697166,1.4750545362425103,0,0,0,0,0,3.160831149091093,1.5277350553940283,0,3.213511668242611,1.4750545362425103
0229006-030,02,290,06-030,2.2059779135536026e-4,6.56541045700477e-5,2.6261641828019075e-6,2.6261641828019075e-6,0,0,0,2.1009313462415263e-4,6.56541045700477e-5,1.313082091400954e-5,2.1797162717255834e-4,6.82802687528496e-5
0229006-033,02,290,06-033,65,273,0,1,1,4,0,118,186,12,115,200
0229006-050,02,290,06-050,71.8225806451613,8.85483870967742,0,0,0,0,0,61,8.85483870967742,4.919354838709677,66.90322580645162,10.822580645161292
0229006-054,02,290,06-054,21.177419354838708,68.14516129032258,0,1,0,1,0,30,54.145161290322584,3.0806451612903225,27.096774193548388,57.17741935483871
0229006-056,02,290,06-056,291.4519961034041,188.2840861941443,30.015782566341347,1.0157825663413491,8,2.015782566341349,0,300.29417043999064,159.37878159219238,41.189390796096184,295.3888658380387,200.41034672487507
0229006-070,02,290,06-070,0,19,0,0,0,0,0,4,9,1,4,12
0229006-080,02,290,06-080,28.999471050894027,153.99719109785104,0,0.9999817603756561,0,0,0,33.99937985277231,135.99751941108923,3.9999270415026245,25.99952576976706,142.9973917337188
0229006-095,02,290,06-095,17.1231884057971,44.072463768115945,1,1.0072463768115942,0,0,0,11.123188405797102,51.08695652173913,3.0000000000000004,14.115942028985508,48.094202898550726
0229037-300,02,290,37-300,16.002670671955823,31.47007603512091,0.6000568228075707,3.2000568228075705,2.2729123028296795e-4,1.0666666666666667,5.682280757074199e-5,26.469564629852773,21.201931975457406,2.4014773929968394,21.270303326351193,29.06967827546792
0229037-302,02,290,37-302,28.132022471910112,48.70187265917603,8.402808988764045,2.802808988764045,0.011235955056179775,0.9333333333333333,0.0028089887640449437,34.67659176029963,30.89550561797753,19.67303370786517,45.91310861423221,43.08220973782772
0229037-304,02,290,37-304,23.000000096997194,64.00000054041294,0,0,2,1,0,35.00000031870507,45.000000152424164,4.000000110853937,34.00000034641855,51.00000024942136
0229037-306,02,290,37-306,90.00262506001901,46.33850166523271,0,2.0250557283080943,1.0079551701953267,0.0091453879174409735,0.018290775834881947,95.13385479017006,33.289956780198104,11.03263454464395,92.1374254433364,41.34445275384328
0229037-308,02,290,37-308,11.89025534499071,42.606748319550036,0,2.9725638362476774,0.990854612082559,0.990854612082559,1.981709224165118,26.753074526229092,35.670766034972125,4.954273060412795,26.753074526229092,42.606748319550036
0229037-310,02,290,37-310,6.999999903002805,38.99999945958706,0,0,0,0,0,22.99999968129493,10.999999847575836,7.999999889146063,24.999999653581447,17.99999975057864
0229037-312,02,290,37-312,12,5,0,2,0,0,0,10,6,1,8,9
0229039-314,02,290,39-314,93.29850746268657,106.20149253731343,8.932835820895521,2.9776119402985075,1.9850746268656716,1.9850746268656716,0,113.14925373134328,92.30597014925372,7.940298507462686,92.30597014925372,121.08955223880595
0229039-316,02,290,39-316,11.701492642923624,93.79850754449728,0.0671641805919451,3.022388064163895,1.0149253761092634,1.0149253731343284,1,28.85074636682957,78.69402992511965,5.059701522286663,36.69402997123114,76.91044783705486
0229039-318,02,290,39-318,22.89882781955121,50.775661686830944,0,0.9956012095457049,0,0,0,27.876833867279736,35.841643543645375,7.964809676365639,33.85044112455397,37.83284596273678
0229039-320,02,290,39-320,1,58,2,0,0,1,1,11,44,8,9,55
0229039-322,02,290,39-322,24.100712221218707,91.22331840357192,0,0.004378792226900291,1,0,0,41.12260618235321,65.15763652016841,6.035030337815202,57.14887893571461,54.16639410462221
0229039-324,02,290,39-324,23,49,0,3,0,0,0,34,36,1.9999999999999998,30,44.99999999999999
0229039-942,02,290,39-942,6.862497867370017,8.760635575365981,0.14601059292276633,0.14601059292276633,0.5840423716910653,0,0.14601059292276633,7.446540239061083,4.9643601593740545,3.7962754159919245,9.344677947057045,7.7385614249066155
0229040-326,02,290,40-326,12,77,0,0,0,0,0,24,52,8,22,60
0229040-328,02,290,40-328,16.568840579710145,9.746376811594203,0,0.9746376811594203,0,0,0,16.568840579710145,11.695652173913043,0,15.594202898550725,12.670289855072465
0229040-330,02,290,40-330,5,52,4,0,1,2,0,17,42,7,22,43
