GEOID20,STATEFP,COUNTYFP,DISTRICT,G16PREDCLI,G16PRERTRU,G16PRELJOH,G16PREGSTE,G16PREAFUE,G16PREOWRI
44001440101,44,001,440101,985.5593907750869,499.90765626585886,57.974081810299225,21.859080026834135,1.9007895675507942,35.164606999689695
44001440102,44,001,440102,1368.3611401330952,696.8598768906257,71.28144315125428,21.34400488354513,2.9509611189165033,40.34346957564106
44001440103,44,001,440103,1104.0461032853245,456.12121739158493,57.80226744345509,16.38110829486768,0.00976933514246947,47.14602632712559
44001440104,44,001,440104,1312.4092759628577,603.2065106056702,79.24659700138834,24.492040732586926,1.9645322603466633,59.62981515123242
44001440105,44,001,440105,1335.9416867646976,610.1389534587562,73.004772954362,24.614693310916515,4.045124195029479,61.49704695335979
44001440201,44,001,440201,493.04814195104956,464.43753588917076,41.96150687125249,11.444063271131112,1.9073409346830192,23.841773669167274
44001440202,44,001,440202,384.657939778508,190.3359235691581,38.86440324186998,9.965231600479482,0.9965231600479482,17.93741688086307
44001440203,44,001,440203,1197.7210932629255,832.765448276142,82.96647665782062,25.993630010457863,9.939065642507506e-4,52.98040171994813
44001440204,44,001,440204,814.7226520354121,529.2996583417646,42.6855656203394,17.38310358840774,1.0621639881725913,28.709012721464138
44001440205,44,001,440205,814.4842105263158,735.1894736842105,80.27368421052631,18.6,2.9368421052631577,34.26315789473684
44001440206,44,001,440206,723,493,40,15,3,26
44001440207,44,001,440207,557.3420602214919,299.6640764308419,41.13559675813002,11.034768399520518,1.0034768399520517,19.06258311913693
44001440208,44,001,440208,643,411,48,18,1,30
44001440209,44,001,440209,134,103,12,6,1,5
44001443401,44,001,443401,664.0434305520066,449.04071614250614,43.00317534696274,24.000921874924668,3.0002048610943706,35.0020486109437
44001443402,44,001,443402,847.9975829711861,794.9979174857236,62.0003151656494,18.000030083060462,3.9999537985698175,39.99993463485865
44001443403,44,001,443403,1204.9828887011045,768.2692501804823,73.10927612744902,32.578251172018156,3.0925004056527925,48.203670748881265
44003440601,44,003,440601,386.30298103938145,554.6971040878021,46.6500383477686,7.221316212434319,3.997774353674503,12.300429097619789
44003440602,44,003,440602,111.45521658626308,123.63099654946829,19.668567632869955,3.7463938348323724,1.8731969174161862,9.36598458708093
44003440603,44,003,440603,679.3835267720376,879.9672125803427,64.18041073501408,21.781637261918128,4.185390710338854,39.972730447738954
44003440604,44,003,440604,398.8479194102068,532.1827913241301,36.95880493889623,15.97273253170933,2.002259388251872,24.96029065763023
44003440605,44,003,440605,392.5270382890276,591.4651173085423,42.030119283768556,16.574497964258942,1.958946316837322,18.61889067610087
44003440606,44,003,440606,176.7533536274005,274.5466980978212,14.433341657025023,5.598562965296635,0.8023489775432211,14.391196231475371
44003440607,44,003,440607,620.0305664989539,701.1080966005026,51.84076486598176,20.528004430920593,2.908691941614303,19.688790706562692
44003440608,44,003,440608,578.0214978751321,705.2866841285742,41.61837213322744,23.61419509611648,2.0926050560725864,33.54298268910962
44003440609,44,003,440609,399.6046438657044,633.4647003451522,45.2412927518042,15.490743646062128,3.0577345465955443,18.548478192657672
44003440610,44,003,440610,271,334,25,16,1,14
44003440611,44,003,440611,419.9720607823095,505.91983136101464,31.253734755892797,9.7667921112165,0,15.626867377946398
44003440612,44,003,440612,473.2209455240274,525.4635589842919,42.39274761607245,7.074828916510845,0.037483921995083144,24.18694328718917
44003440613,44,003,440613,397.9838681615921,465.1777223311609,39.717412719738384,6.195472432564727,3.0939153743751895,18.35714436359354
44003440614,44,003,440614,229.10555215381126,216.34919387365517,6.041221655290548,2.0037152617067986,1.0047495414466832,9.01035647437537
44003440615,44,003,440615,461.62060911811074,640.4860917115441,38.09990720578071,8.052508130827226,1.9890130946989655,28.995019076385184
44003440616,44,003,440616,530.2224360751991,718.764071405089,47.58543726876179,7.145137924949005,6.022245963706081,26.231044535491915
44003440617,44,003,440617,334.76410283464054,516.1800891472313,52.090814430626196,22.03779780745875,0.0038813602880921434,22.050866138972665
44003440618,44,003,440618,186,280,25,6,2,10
44003440901,44,003,440901,229.39179947564,152.90270115995352,14.520536020865675,3.862733712698216,1.9174946107236848,6.749285744482547
44003440902,44,003,440902,967.3919064854424,800.4968151806193,62.9604236658914,9.993718042204984,1.9987436084409969,52.966705623686416
44003440903,44,003,440903,933.1406714625119,569.7574123259227,61.47490806055621,15.20829300901588,0.01666344072127053,39.2832784922616
44003440904,44,003,440904,908.0637952645214,738.744510750371,85.16174703508196,17.827260617513794,0.990530029918314,54.463399463943176
44003440905,44,003,440905,970.6962037377368,848.3646124880015,57.68481538605403,11.934789390218075,2.9836973475545188,43.76089443079961
44003443501,44,003,443501,1059,741,78,24,3,42
44003443502,44,003,443502,938,722,57,29,1,43
44003443503,44,003,443503,487,379,33,9,2,19
44003443504,44,003,443504,886.0128410914928,502.60192616372393,55.66452648475121,17.369181380417334,2,36.553772070626
44003443505,44,003,443505,300.2016257534039,292.8949901883913,21.32442375208821,8.376077418431798,0.010138428543575745,10.247566384404662
44003443506,44,003,443506,297.3691297594564,300.4083584837552,34.192715653399105,15.081654278166447,0,14.13269206899689
44003443507,44,003,443507,172.36128818347217,129.29391817485396,12.021796179258834,5.011228334769702,0,11.017172747294838
44003443508,44,003,443508,692.1731521842597,593.2073538123758,50.797529665635416,27.221662869973613,2.833761728199513,45.904755861999
44003443509,44,003,443509,181,148,9,6,0,6
44003443510,44,003,443510,536.6258304605956,436.56031911328165,32.374136024131,16.67758522455233,0,25.506895049315332
44003443511,44,003,443511,829,725,41,19,3,30
44003443512,44,003,443512,522,507,37,25,0,28
44003443513,44,003,443513,710.7681265548821,702.9803226979998,65.21169601423352,21.43238502964232,4.864237723171739,36.03432940058883
44003443514,44,003,443514,920.0578974257559,904.1261223123003,54.09225487185943,36.02407904500478,4.00723352543939,57.022651686083556
44003443515,44,003,443515,863.2509374459756,888.0855443920624,64.56997805982557,25.827991223930226,4.966921389217352,33.77506544667799
44003443516,44,003,443516,239,256,21,10,1,11
44003443517,44,003,443517,260,314,30,8,2,11
44003443518,44,003,443518,876.4969247271408,932.1207777598671,83.3745110419668,24.823295427398566,4.9617181971378255,46.66204433297406
44003443519,44,003,443519,866.4611881313754,943.4467993016067,78.16224268447864,29.068491492875985,4.015747860211566,51.06820037025146
44003443520,44,003,443520,687.8431749001677,668.3472302641293,46.74808887677086,22.22177144984068,4.044396364542723,30.41812524361875
44003443521,44,003,443521,630.3008364085265,645.1989094341865,55.85363841009764,22.280299179435044,3.0637043589625104,26.471412256322576
44003443522,44,003,443522,484.07152677679784,525.0694230480685,46.004838576077496,16.002314101602284,4.20745745869549e-4,18.00315559309402
44003443523,44,003,443523,847,814,73,21,1,46
44003443524,44,003,443524,568.3802578699218,577.2165123060242,47.790035811290934,20.23771877210366,0.07561983557102547,31.41232360139187
44003443525,44,003,443525,642,659,37,21,2,38
44003443526,44,003,443526,248,182,13,2,1,13
44003443527,44,003,443527,620.7955332729665,573.4980769237062,57.363344904361824,24.964446373470324,1.9928065293604156,34.25332204379522
44003443528,44,003,443528,376,272,28,8,0,17
44003443529,44,003,443529,631.0128813559322,593.1457627118643,35.60406779661017,14.311186440677966,2,35.47593220338983
44003443530,44,003,443530,1064.467248908297,968.3406113537118,58.54803493449782,18.24235807860262,1.294759825327511,44.18995633187773
44003443531,44,003,443531,1068.1960793790079,891.1622516349023,58.012761364542875,15.002025613419503,2.0004051226839006,50.01073575112337
44003443532,44,003,443532,357.12974192493806,334.20198326867285,33.00544257325999,8.007469273288185,1.9997707745985942,8.007888582032876
44003443533,44,003,443533,368,358,23,12,1,9
44003443701,44,003,443701,384.9883244949062,602.6662883130504,49.14002538078243,20.01591211132082,2.0081384040017562,27.121304862434208
44003443702,44,003,443702,327.78633026753994,483.7754586383504,35.13167129094334,8.035359083138985,2.0233838415625938,14.888607076608436
44003443703,44,003,443703,227,444,36,5,2,13
44003443704,44,003,443704,220.40832549766407,417.18025266338384,29.249998245958306,6.814317342112161,1.9405906643010198,8.982993767565421
44003443801,44,003,443801,553.842166458598,558.5549476300723,31.507103662003374,21.589559378503115,4.061457184444682,19.896618036261863
44003443802,44,003,443802,361.32404612558054,337.0860480671535,32.640621989670066,10.83434616397092,0.029972124328719645,14.839658655586666
44003443803,44,003,443803,244.91957364341084,241.99224806201548,21.467054263565892,6.830426356589148,0,18.539728682170544
44003443804,44,003,443804,931.5908075634941,1037.4533604002852,58.70558987848555,27.909234379909936,3.8495471766588194,35.60832873322757
44003443805,44,003,443805,367.2799621502673,398.5793747175655,15.344498829729263,12.659897650178117,1.1256994865161765,14.843288840757513
44003443806,44,003,443806,327.349317671953,363.79907026282825,25.16847898175862,7.088083205801505,1.0060898086209942,6.091733656920771
44003443807,44,003,443807,934.357524018744,857.645646322059,67.40411000799112,27.07998500381342,0.03791048096540173,39.19498989612925
44003443808,44,003,443808,738.7457535793887,850.3512021398893,62.29480908945067,18.105097758994,3.017780952587698,28.193712751885247
44003443809,44,003,443809,444.62383892828854,434.77451026165403,20.28175666608999,7.687165263746783,0.6992975342724908,14.68993019853537
44003443810,44,003,443810,468.48824067163554,471.5693610941704,32.781383556736415,11.216895132992246,3.023660744790696,28.578575041782937
44005441501,44,005,441501,1040.8367956823004,517.3581652200978,47.33214240770569,19.499359605440734,3.672413309860783,36.00174136936029
44005441502,44,005,441502,1026.2227008949023,572.1831434612374,65.89127864154379,24.270441580004903,1.9887641005966892,32.26612623600916
44005441801,44,005,441801,1159.5814894203545,824.361138058524,105.07319198247671,40.775957747416356,5.840384511441954,48.77467323383978
44005441901,44,005,441901,728.6441224156284,480.4452953441074,44.8629854472633,10.154265725195103,2.0091806442855096,26.411927135884024
44005441902,44,005,441902,878,552,47,16,4,33
44005441903,44,005,441903,831.2906611244545,450.58675559702175,48.30289486258158,17.314092036293484,1.0028467142196629,33.340348047387764
44005441904,44,005,441904,1098.466875342888,706.8132971434603,88.84778693262606,35.942329967749004,2.9956574327742986,44.93091569724373
44005441905,44,005,441905,734.0401982865569,560.1352157387411,53.64278998259916,34.75536690638181,0.9942021559636807,22.852142264609174
44005442101,44,005,442101,709.542905736386,281.0654723554106,28.499645798275896,19.654928136741997,0,28.499645798275896
44005442102,44,005,442102,656.982937317398,222.79102381983884,29.158743403823486,16.401793164650712,1.366816097054226,20.95784682149813
44005442103,44,005,442103,467.19219088192585,143.0892280397964,23.006396310465274,11.00592780683026,1.999376167535149,12.009827389021957
44005442104,44,005,442104,347,114,8,7,1,21
44005442105,44,005,442105,888,380,48,20,1,38
44005442106,44,005,442106,981.3817227809358,472.73283777874946,58.24223874070835,25.23830345430695,0,29.121119370354176
44005442107,44,005,442107,894.5330296127563,576.4768413059985,67.58694001518603,15.90280941533789,4.969627942293091,42.73880030372058
44005442108,44,005,442108,529,165,32,9,2,18
44005442109,44,005,442109,787.1546193046655,269.9601134719101,35.06261492249477,19.56423806876048,1.6421488533487374,25.202513819197353
44005442701,44,005,442701,48.19497542326597,36.373566357181865,5.45603495357728,2.72801747678864,0,4.546695794647733
44005442702,44,005,442702,140,118,13,10,1,4
44005442703,44,005,442703,731.8387503865306,500.76232907138706,51.79210766119579,24.448734414493963,1.8086776230033814,27.232820482882737
44005442704,44,005,442704,992.7702886780439,805.4020855912783,82.03363936288783,28.895155285664508,1.8641046218263304,40.08783466524352
44005442705,44,005,442705,355.8755210111757,288.2631077183222,34.331085478939485,4.118484142448839,0.0016527363933392764,25.285549569677663
44005442706,44,005,442706,346.10649840943677,306.5385290580543,22.74670743284277,7.9113413479271415,4.4167104889294414e-4,21.755415782464077
44005442707,44,005,442707,991.4350991325459,823.7989538493025,75.93314152817429,24.05906621574054,1.8512979305157395,62.924612435124956
44005442708,44,005,442708,1135.4365146334187,879.6049939037254,105.78300733458232,20.521004623406483,2.0292821066230218,53.831599744502924
44005443301,44,005,443301,734.9179353928888,622.3899192001063,50.2353036556775,19.536234822683426,5.668020621296105e-4,32.56133604124259
44005443302,44,005,443302,739.0690931259704,745.7966401375202,51.89821980338414,21.143719179156502,1.9221562890142274,38.44312578028455
44005443303,44,005,443303,455,421,21,16,0,21
44005443304,44,005,443304,638.4764863715877,577.0194059922434,42.300993349176274,16.32239409182624,2.0768448900399163,34.33127293515676
44005443305,44,005,443305,148.1276615801413,129.11491702307134,12.008424368232674,3.0032401416279515,4.3201888372690133e-4,6.0069123021396305
44005443306,44,005,443306,706.5860739238536,755.0020633764775,59.125392312469884,27.13868522449999,6.576366765377057e-4,33.92310991687129
44005443307,44,005,443307,569.4043994366192,495.5863953784019,46.682327197578765,15.319341843175028,2.05060560940058,10.538979126817175
44005ZZZZZZ,44,005,ZZZZZZ,0,0,0,0,0,0
44007440301,44,007,440301,446.21616407466485,667.4954539636501,55.522326918365046,21.742420032116932,2.877488346322015,23.617936069798578
44007440302,44,007,440302,445.08222981998495,753.4589768748407,50.05537868295683,22.77258307677371,4.079481454003093,22.831383446293014
44007440303,44,007,440303,586.7012482455349,917.7335357344239,60.667452073691976,23.652757061874606,1.0993096203430874,36.634177154689766
44007440304,44,007,440304,328.77578600884067,487.28095925971877,42.42485287632197,15.703805132015754,0.9384994129169808,15.717424165276526
44007440305,44,007,440305,365.4517328485468,609.0307048235197,43.12599457301188,16.292710159230005,1.0774656824961928,26.74328829875868
44007440306,44,007,440306,391.36581978015414,704.2623022610293,43.158135514603465,8.82780044616889,3.923466864963951,29.426001487229634
44007440401,44,007,440401,634.8703821178977,98.78263585607502,17.856591245847852,5.640797735900267,1.8802659119667555,13.161861383767288
44007440402,44,007,440402,283.67789174527695,64.30913630077778,5.026497397209524,3.004416232868254,0,5.015456815038889
44007440403,44,007,440403,669.7772888306055,92.46209419248817,14.699784178120137,13.703680130175092,0.9837052509678379,5.908430904295631
44007440404,44,007,440404,564,81,14,2,0,12
44007440405,44,007,440405,248.11401867929573,41.013190396232254,7.002012094340513,4.001341396227009,0,1.0017885283026784
44007440406,44,007,440406,303.51418142545475,138.41037589434418,11.863746505229502,1.9772910842049167,0,6.920518794717209
44007440407,44,007,440407,155,32,3,1,0,1
44007440408,44,007,440408,488.39350169258245,99.67214320256785,10.963935752282463,7.973771456205427,0,9.967214320256785
44007440701,44,007,440701,952.2908760424566,413.9578585122809,24.022733793870653,19.029883785419127,1.9971400033806106,16.040239452475635
44007440702,44,007,440702,681.3585365853659,354.8560975609756,34.18243902439024,12.099512195121951,1.0082926829268293,17.082926829268292
44007440703,44,007,440703,401.64146341463413,461.1439024390244,21.817560975609755,11.900487804878049,0.9917073170731707,9.917073170731708
44007440704,44,007,440704,193.57782347949896,108.09153639279192,9.009681733852991,5.009681733852991,4.4007881149957576e-4,3.009241655041491
44007440705,44,007,440705,181,132,7,5,0,5
44007440706,44,007,440706,628.3768680961663,1142.414554905783,41.044834307992204,9.772579597141,0.9772579597141,26.3859649122807
44007440707,44,007,440707,666.8274606053141,922.2623993104634,40.241193281946444,16.114665658630276,3.015815952914521,35.14629756445932
44007440708,44,007,440708,761.520940403109,903.9989464684988,54.826078444981384,27.90444752091031,1.9941394167804114,28.900377761046354
44007440709,44,007,440709,942,1145,68,25,4,59
44007440710,44,007,440710,841.4023464458247,511.12353347135956,38.70807453416149,19.991373360938578,1.2060041407867494,46.36473429951691
44007440711,44,007,440711,597.1972232111071,722.3446066215735,32.192239231043075,20.115343538625844,2.0064079743681025,24.096119615521538
44007440712,44,007,440712,743,904,39,13,1,24
44007440713,44,007,440713,696.1424903722722,741.7586649550706,37.6829268292683,17.849807445442874,0.9916559691912709,20.824775353016687
44007440714,44,007,440714,170.28201099764337,130.91044776119404,11.8114689709348,3.9371563236449334,1.9685781618224667,5.9057344854674
44007440715,44,007,440715,532.5349188707704,404.64660814758355,21.98080340554775,10.990401702773875,0,23.979058260597544
44007440716,44,007,440716,665.4259086927265,700.2408384726435,30.76292646096472,18.112076864233153,1.0163340659177973,15.51791547219776
44007440717,44,007,440717,349,205,15,9,0,8
44007440718,44,007,440718,372,325,19,11,1,12
44007440719,44,007,440719,592,650,28,8,3,17
44007440720,44,007,440720,211,226,10,5,0,5
44007440721,44,007,440721,914.6530244022294,518.8769141944989,46.31326458026568,22.091463887892257,3.056968927141749,31.53944322847751
44007440722,44,007,440722,468.00000000000006,314,22,12,4,15.000000000000002
44007440723,44,007,440723,1302.536457966707,345.131317570234,40.98157637600842,31.00993207831671,8.995955789855508,48.002293014710446
44007440724,44,007,440724,1047,300,38,24,5,41
44007440725,44,007,440725,1274.445473376882,553.349651450026,54.52575995474724,27.664108436326078,1.991743847663304,35.70272468607809
44007440726,44,007,440726,605.5742306526723,345.9882574683315,33.29226737838354,15.741860852297929,0.9249211236618701,22.213886635595333
44007440727,44,007,440727,495.98715890850724,224.3980738362761,17.335473515248797,9.630818619582664,0,14.446227929373997
44007440728,44,007,440728,9,2,2,0,0,1
44007440729,44,007,440729,0,0,0,0,0,0
44007440730,44,007,440730,855.5209597997529,1407.659558648817,42.591392076304636,22.353808773622664,2.097395554264478,42.88487938454848
44007440731,44,007,440731,708,890,46,14,2,28
44007440801,44,007,440801,523.0971836690395,449.34183735146087,38.110067154950265,13.06427083019766,2.0003611148515303,22.98351162623836
44007440802,44,007,440802,755.283110404351,610.338138272538,59.136767580083,14.029699069898696,1.0027217352777602,28.06640249312235
44007440803,44,007,440803,831,744,51,22,1,25
44007440804,44,007,440804,151,185,12,5,1,13
44007440805,44,007,440805,868,734,45,23,3,32
44007440806,44,007,440806,851.8940955356152,645.7932746536837,51.03547241218114,13.740457903977909,0.9815148297210066,20.610861788793976
44007440807,44,007,440807,981.5053825016181,1008.0926529475416,102.35483256437438,22.411693323821726,2.052720107914185,49.672692787136526
44007440808,44,007,440808,NA,NA,NA,NA,NA,NA
44007440809,44,007,440809,286.5902322811197,321.29839189994044,16.858248957712924,5.949970220369267,1.9833234067897558,13.88326384752829
44007440810,44,007,440810,742.7415171651537,386.64171544758835,36.469841105615,9.82851550248126,0.9899166499129616,19.63110382160765
44007440811,44,007,440811,781.3098203727013,629.2034889178565,54.93254759822379,14.211804575388749,0.04299174098260574,29.295089910921206
44007440812,44,007,440812,688.5231131971892,501.4384568511199,37.55114295125165,11.87175450153711,2.958276789635485,17.781281291172593
44007440813,44,007,440813,266,286,31,7,0,4
44007441001,44,007,441001,952.52027484028,618.3322148187791,48.341709785464396,29.04889762327277,3.0053073698147625,40.03587499210449
44007441002,44,007,441002,727.0708275028671,372.7552498798726,37.89903893014861,14.149830555945739,0.9948203187755084,18.554689550922802
44007441003,44,007,441003,514,228,16,11,1,21
44007441004,44,007,441004,858.5563821144473,545.2871814629308,41.11669534793296,17.621455761820506,1.9579279414306492,29.36891912145974
44007441005,44,007,441005,819.0838569165436,381.46458584529336,49.377395629720716,9.681842280337396,0,27.109158384944706
44007441006,44,007,441006,73.03861788617887,44.61585365853659,3.33739837398374,0.33739837398373984,0.16869918699186992,1.6747967479674797
44007441007,44,007,441007,83.89854831496808,47.35555773789899,1.6619184160906153,1.662016449646352,0.8305670738223596,3.3227584630681233
44007441008,44,007,441008,965.9032109151501,413.3244821158602,44.826718299538854,30.916909388258148,2.988636851356515,28.89551023019641
44007441009,44,007,441009,1038.108566012011,585.5714835410981,57.97806608034645,17.08954586119955,3.000066266181453,33.00636008702858
44007441010,44,007,441010,1005,434,50,15,5,34
44007441011,44,007,441011,900.8314680489601,578.4702621390139,36.58700803272396,12.85489471420031,1.9776761098769706,31.64281775803153
44007441012,44,007,441012,447.42066236023805,302.6276787911837,22.976020715179693,14.978024691880764,0.9991499280428435,15.98529194123407
44007441013,44,007,441013,778.2569691110093,479.7658253266043,44.7778291622451,19.2704517223734,3.0065262508010915,34.46597969577876
44007441014,44,007,441014,813.0794170850662,603.2548441252479,57.51149710629954,20.191950020825917,3.0131187096793517,45.40750430589928
44007441015,44,007,441015,374.00000000000006,222,14,5,0,12
44007441016,44,007,441016,457.8344767708872,393.3052678964834,40.99890120685448,12.400333498769761,0.04283537732485851,33.53870279422807
44007441017,44,007,441017,845.0584772704949,646.6369663555561,53.66700723475976,20.553990166630452,0.08101809986875691,26.031596063489314
44007441018,44,007,441018,321.2637662311354,251.73352935697915,12.173257391104205,13.060013112938924,2.0092327866059883,13.149587223254812
44007441201,44,007,441201,518.0685598279738,703.4449689996759,54.63583051638733,16.586602301901436,0.9756194030200475,29.2692255609378
44007441202,44,007,441202,450.75862263589215,670.2938983295587,44.34722863561471,19.40592329505247,2.0234192346951803,25.720701935977953
44007441301,44,007,441301,631.2339411725802,1014.7903696553769,61.634841549593716,30.423436659340858,1.0558124862490206,25.468480531718686
44007441302,44,007,441302,735.9473784258251,1047.9250714541643,71.99485223730899,31.99771210547066,0.9999285032959582,38.99721162854237
44007441303,44,007,441303,136.9515492160116,235.91653733561125,12.995402480351467,5.997878067854524,0.9996463446424205,13.995048824993889
44007441304,44,007,441304,505.8518378890395,651.4726260356509,34.50930282082363,22.474264360272635,2.100011364652758,20.801752092114036
44007441601,44,007,441601,456.84047071742674,549.880631252034,18.319605447852705,7.076134406861709,1.0800761649201818,12.221568522210218
44007441602,44,007,441602,472.94356187991906,634.5825007502712,40.9086203313854,4.98885613797383,1.9955424551895318,8.979941048352893
44007441603,44,007,441603,564.056438120081,617.4174992497288,37.0913796686146,18.01114386202617,3.0044575448104682,15.020058951647107
44007441604,44,007,441604,523.5310335750679,768.9009477274333,20.061652358727567,7.023975917282943,1.0034251310404203,18.041101572485044
44007441605,44,007,441605,493,646,28,5,2,13
44007441606,44,007,441606,98,132,4,7,0,4
44007441607,44,007,441607,181.949886542737,215.9921628440416,2.5915750963790294,4.218680792497001,1.0473234032505538,7.319036798994065
44007441608,44,007,441608,577.9723989158424,760.3284537958676,42.079483728553534,16.63774459805886,1.9644203773325017,19.579246997548978
44007441609,44,007,441609,441.266627355695,623.4638926222901,19.354885982761907,8.138634125019339,3.0092712371472863,11.157669147248903
44007441610,44,007,441610,693.9855681212811,857.278334767633,42.36497567940715,14.775310432528398,1.9676841262700397,20.691548952426658
44007441611,44,007,441611,397.762941643558,436.7397123071227,17.989278767799107,4.997021879944196,2.9982131279665176,13.99166126384375
44007441612,44,007,441612,370.237058356442,599.2602876928772,16.010721232200893,12.002978120055804,2.0017868720334824,12.00833873615625
44007441613,44,007,441613,399.1371731393719,707.0003256054489,26.285845111745445,9.076325368147844,3.008189493989239,14.09311130577719
44007441701,44,007,441701,766.0360098953919,1137.068976841011,42.56291047229307,18.803809746478738,2.9698318050999863,41.56538431901929
44007441702,44,007,441702,446.2856592833457,356.26839996782917,26.016907084587665,13.006692387649283,7.044618578192917e-4,10.007396849507103
44007441703,44,007,441703,566,571,51,26,4,29
44007441704,44,007,441704,784.5428499646488,784.1212511474284,55.127538160785974,23.266743413950657,0,41.588964772162456
44007441705,44,007,441705,578.6516191996977,590.5730086398132,52.95987658947528,13.989707906369935,0.9991488932329575,26.979795723318464
44007441706,44,007,441706,189.8269628182102,177.81961439437808,10.107938717543925,6.042315938186714,2.0041000860802467,5.052599337244906
44007441707,44,007,441707,187.6604103008351,194.13334571214654,10.175555337403646,2.0789973678048104,0.02632016974424476,3.140440276910942
44007441708,44,007,441708,809.7174170430268,758.4650820105065,47.894042488107694,18.900344558486676,2.0170996740937013,20.98077565233506
44007441709,44,007,441709,299,315,23,5,1,11
44007441710,44,007,441710,351.81095986747624,284.8864948693816,21.68836320566881,6.029331623003256,0.02761430511543685,8.93533305530374
44007441711,44,007,441711,320.9463662886515,230.70136155059225,20.994337865740473,4.783133145729865,0.9394773039889959,6.69638640402181
44007442401,44,007,442401,375.8453376228691,341.12225073406995,25.82986933713782,6.721485146449037,0.9509727339104921,9.647163858390556
44007442402,44,007,442402,601.3882481467416,433.75090443942923,27.684093471247966,11.915513400907555,0.998526846835145,24.76274488753607
44007442403,44,007,442403,511.07253886010363,483.57512953367876,29.39378238341969,8.533678756476684,0,16.11917098445596
44007442404,44,007,442404,289.6910888238399,271.77205240174675,24.887550586240543,4.977510117248109,2.9865060703488653,7.9640161875969735
44007442405,44,007,442405,443.2898217769334,346.2130475015718,14.111844772154992,12.021971618519492,3.013364363593035,6.035724680286827
44007442406,44,007,442406,606,532,27,13,4,15
44007442407,44,007,442407,594,608,25,15,1,20
44007442408,44,007,442408,535.1739915276677,425.5643327257199,43.39830298556011,18.13712098814636,3.0168815541525387,22.195408801151114
44007442409,44,007,442409,286.9870431412482,223.98988732975468,12.999413103958977,2.9998645624520717,0.9999548541506905,9.999548541506906
44007442410,44,007,442410,445.7450980392157,420.4264705882353,19.31862745098039,6.196078431372549,2,17.19607843137255
44007442411,44,007,442411,536.5936768747663,653.5051483726204,19.984866922710104,6.994703422948536,1.9984866922710103,15.987893538168082
44007442412,44,007,442412,547.8734182131385,495.5169140835554,30.85293993350439,9.349375737425573,1.8698751474851145,27.113189638534163
44007442413,44,007,442413,319.0028157707093,270.11580326363134,12.696020992949558,9.670171047449296,0.012220548350797951,9.756583532196167
44007442414,44,007,442414,324.9606933523786,299.07643424971667,13.109301403846398,8.11111794691476,0.02111563256002573,8.047771049234683
44007442415,44,007,442415,475.3453703860562,296.7659303948829,15.339038370493142,9.109228732016991,1.0425617508274314,14.241098841802724
44007442416,44,007,442416,862.0138428679358,788.218138205048,35.734976568207074,18.526645209440364,4.105677605683422,19.529085423702217
44007442501,44,007,442501,564.2941933409735,768.3817321064548,68.02457756652889,16.0151841939864,1.0010034119172442,30.01201676532111
44007442502,44,007,442502,590.496636535912,869.66781880768,46.68218328623125,13.22141255517634,5.030582289889635,31.428925741703164
44007442503,44,007,442503,562.290749062288,609.52320257324,42.032062553234766,19.00655824952529,1.0029147775667966,25.021860831750974
44007442504,44,007,442504,565.8469640193823,609.85113776161,44.48462752557574,10.884018923612532,1.9799029537125816,29.654965731235382
44007442505,44,007,442505,297.10827735825103,387.53083674888364,24.842908771638097,15.896327258050693,0.9937412926888478,11.926766149015458
44007442601,44,007,442601,233.81825578383854,94.85634158404778,6.9159674534426685,5.920513073638068,0,4.94066264021195
44007442602,44,007,442602,576.8015167718607,79.77784019784734,7.782838942254068,4.8636978893886225,0.9727019321947747,8.754976189204594
44007442603,44,007,442603,856.9049867059075,351.27598083920606,19.66797550985462,8.869388586596534,2.939752100277107,15.751091169805434
44007442604,44,007,442604,464.8889941841705,247.5457975822509,20.37461245329214,6.796627339025899,0.9705832016754723,15.526786299509965
44007442605,44,007,442605,462,70,6,3,1,3
44007442606,44,007,442606,509.8859813207042,58.986809603767746,8.997987905659487,5.998658603772991,0,7.998211471697322
44007442607,44,007,442607,1292.7841321023343,240.90992645772027,29.741966229348183,17.84517973760891,0.9913988743116061,22.802174109166938
44007442608,44,007,442608,1097.0310702829042,235.35255737260897,25.054939372213326,24.10115017736209,1.9970491310165426,23.057890241196784
44007442609,44,007,442609,134.50747929437088,38.01298327884395,0.9746918789447165,3.898767515778866,0,0.9746918789447165
44007442610,44,007,442610,137,19,1,3,0,2
44007442611,44,007,442611,517.8479933740693,94.99913380344682,6.3751361594111975,3.3344675979689358,1.0230888619074765,7.143569233211091
44007442612,44,007,442612,546,356,36,10,0,25
44007442613,44,007,442613,895.4773525108332,268.65835103749237,34.42784272982953,18.57817524318177,3.11293997515793,18.967334822786206
44007442614,44,007,442614,793,238,23,7,2,21
44007442615,44,007,442615,284.5195038722235,84.08480183165368,14.665953807846572,6.844111776995066,0,6.844111776995066
44007442616,44,007,442616,98.0803794609238,75.00264311717702,7.692578781248925,0.9615723476561157,0.9615723476561157,0.9615723476561157
44007442617,44,007,442617,204.91962053907622,62.99735688282299,8.307421218751076,7.038427652343884,1.0384276523438845,4.038427652343884
44007442618,44,007,442618,896,540,49,17,2,25
44007442619,44,007,442619,483,364,25,8,2,13
44007442620,44,007,442620,912,487,55,20,2,36
44007442621,44,007,442621,241,206,10,6,0,11
44007442622,44,007,442622,171,107,9,6,1,9
44007442623,44,007,442623,243,128,9,1,2,7
44007442624,44,007,442624,248.16200119984984,198.30235467377855,14.944235563033544,3.988197673609114,4.948693763712288e-4,7.968972306572659
44007442625,44,007,442625,280,81,10,8,4,8
44007442626,44,007,442626,149.68520354620227,13.878098342031999,0.9912927387165713,0.9912927387165713,0.9912927387165713,0.9912927387165713
44007442627,44,007,442627,636.2199587155646,215.5363095554774,19.18921003861622,15.113519457971703,0.006317578550696536,9.1451292347186115
44007442628,44,007,442628,744.2816166857028,535.4104638632906,33.939069089033495,15.390346564570379,1.0415771891929795,15.6621085719676
44007442629,44,007,442629,949.3044234409138,590.1154458799073,31.008368059385326,18.008510305342593,2.0086853772900026,30.00837900138204
44007442630,44,007,442630,91.55638506353216,48.39054077126088,4.336014121707949,2.2074607786081475,1.0129868384694758,2.2942589576673282
44007442631,44,007,442631,497,98,6,9,1,6
44007442801,44,007,442801,123.33178654292342,25.206496519721576,3.6009280742459397,0.9002320185614849,0,0.9002320185614849
44007442802,44,007,442802,203,29,7,3,1,5
44007442803,44,007,442803,1216,150,47,19,0,18
44007442804,44,007,442804,540,18,10,19,1,9
44007442805,44,007,442805,1606,201,46,24,1,29
44007442806,44,007,442806,108,11,4,1,0,4
44007442807,44,007,442807,2.168161705024481,0.7227205683414937,0,0,0,0
44007442808,44,007,442808,1033.6693913431386,123.4524581130194,36.251912303029506,31.35300523505255,0,22.53497251269402
44007442809,44,007,442809,1272.093280537668,169.83813269189886,27.746768587474357,57.50520591215774,1.9981823554022853,25.436749761074175
44007442810,44,007,442810,54.19907066944364,3.803443555750431,0.9508608889376078,0.9508608889376078,0,1.9017217778752156
44007442811,44,007,442811,954.9934508642915,107.77355558343102,13.970646094148465,10.976936216830937,1.9958065848783524,10.976936216830937
44007442812,44,007,442812,762.6498653328204,184.5278953443632,19.63062716429396,11.778376298576376,0,20.612158522508658
44007442813,44,007,442813,611.0065491357084,78.22644441656898,13.029353905851535,13.023063783169063,2.0041934151216476,8.023063783169063
44007442814,44,007,442814,420.9568011790825,96.99004682748456,2.999692169922203,5.999384339844406,2.999692169922203,3.9995895598962705
44007442815,44,007,442815,826.9733927978347,220.5514386151384,21.068324733278175,6.041258274458642,0.0023054311311234126,21.05218671536031
44007442816,44,007,442816,1737.0035946705852,265.04298467760776,31.872343881948087,40.80568149203222,1.0006784706760017,30.871665411272083
44007442817,44,007,442817,1702.9653350465105,200.60445794978327,57.07271674583859,33.09316833060569,1.002272398307456,30.070444347531133
44007442818,44,007,442818,1051.54972321353,106.63212003221325,37.28771830189863,23.1708654777055,0.9977931207079077,19.34591077094159
44007442819,44,007,442819,1040.7786289634228,459.3577781180654,39.70348050724123,20.11985582732314,2.070996261413604,26.58319335719518
44007442820,44,007,442820,147.28763723314913,87.68677087639767,7.354081960228535,1.1072975637056164,0.02145951274112328,2.311162934746288
44007442821,44,007,442821,792.3374074293232,179.5070483345635,20.572378975251006,14.693419281868284,0.9791921975177713,11.756560959496497
44007442822,44,007,442822,216,18,4,8,0,4
44007442823,44,007,442823,1169,100,23,6,1,14
44007442824,44,007,442824,1313.0472255304762,212.17252672590894,22.37395622266185,22.084640467535866,1.015488024670331,21.1985717397244
44007442825,44,007,442825,195,21,3,6,1,3
44007442826,44,007,442826,1111,96,19,15,1,10
44007442827,44,007,442827,1189,78,14,18,1,7
44007442828,44,007,442828,744,90,11,21,3,16
44007442829,44,007,442829,831,81,13,11,3,16
44007442830,44,007,442830,64,6,4,0,0,0
44007442831,44,007,442831,841.8273611298904,46.052785869590785,4.008032632329033,8.008032632329034,2.0011475189041477,9.00459007561659
44007442832,44,007,442832,1035,94,19,11,1,11
44007442833,44,007,442833,541.0575926812454,29.275178489220636,8.059430554452778,7.059430554452779,1.0020809039671956,4.0980520692336
44007442834,44,007,442834,246.58506240090333,27.155028055538903,5.01842362399158,5.013930057164365,1.004044210144493,2.02156912077063
44007442835,44,007,442835,123.85758990049457,30.99673673662946,4.334406798733275,2.0674354179281225,0,1.4115462724315866
44007442836,44,007,442836,5.514084507042254,0.6126760563380281,0,0,0,0
44007442837,44,007,442837,350.7021103426378,82.36185924713465,14.169782236066174,8.85611389754136,0,15.055393625820312
44007442838,44,007,442838,232,55,2,4,1,2
44007442839,44,007,442839,570.3882783755184,94.30829128258024,22.41636204614548,19.143784163569897,0.09597156398104266,11.058774761441683
44007442840,44,007,442840,345.3388625592417,18.080568720379148,5.424170616113744,0,0.9040284360189573,4.520142180094787
44007442841,44,007,442841,282,33,11,7,0,10
44007442842,44,007,442842,166,32,0,5,0,7
44007442843,44,007,442843,210,70,6,3,2,28.000000000000004
44007442844,44,007,442844,691,277,27,12,1,30
44007442845,44,007,442845,395.1546623771309,216.87774926593005,20.17013066286218,8.278514853550963,0.04902726608950788,17.352836141609444
44007442846,44,007,442846,449.0190893992267,218.01490009668146,11.000604641604465,12.000518264232399,1.2956605809967585e-4,17.0002591321162
44007442847,44,007,442847,435.4887232228473,56.96553521402262,7.060922535670437,6.7266899087885434,3.0038137644723966,9.583091019476473
44007442848,44,007,442848,98.35248413019853,18.26429341067553,3.0440489017792554,0.1990781939514012,1.9961862355276034,3.143587998754956
44007442849,44,007,442849,715.5877147848394,263.24037324882374,19.315264187964463,15.083979487944363,2.001405538345111,23.23647754203687
44007442850,44,007,442850,324.3382352941176,80.07352941176471,6.470588235294118,4.044117647058823,0,3.235294117647059
44007442851,44,007,442851,617,237,23,19,2,26
44007442852,44,007,442852,220,46,6,6,0,4
44007442853,44,007,442853,191,42.00000000000001,4,4,0,6
44007442854,44,007,442854,1250.9512745403908,367.9873181468274,39.998315801122395,21.999227514332237,1.9999512878364856,36.998625521236775
44007442855,44,007,442855,1134.0727625280283,238.0214041649196,43.00232653966518,29.001279596815845,1.1632698325873758e-4,9.002152049190286
44007442856,44,007,442856,56.782349154327854,12.302842316771034,0,0,0,0.9463724859054642
44007442857,44,007,442857,93,8,1,3,1,0
44007442858,44,007,442858,272.66408878122473,48.03685144082086,7.058441936790003,4.0365262104937525,2,3.1157220719339143
44007442859,44,007,442859,98,12,6,5,1,4
44007442860,44,007,442860,133,20,0,1,0,0
44007442861,44,007,442861,913,175,21,38,0,26
44007442862,44,007,442862,947,177,36,27,4,23
44007442863,44,007,442863,577,81,10,9,0,14
44007442864,44,007,442864,309,23,5,5,0,2
44007442865,44,007,442865,186.77558952779665,11.749896153069416,1.613230381778112,0.7780349733501413,0.022864174031131754,0.8351954084279706
44007442866,44,007,442866,723,62,13,26,1,14
44007442867,44,007,442867,110.36191846862977,7.954065844942016,1.262244805002774,3.716889667772289,0,2.8352418776948887
44007442868,44,007,442868,853,39,10,9,2,8
44007442869,44,007,442869,127.99999999999999,11,1.9999999999999998,1.9999999999999998,0,2.9999999999999996
44007442870,44,007,442870,748.2758628431029,87.35635516584729,9.028403800405801,9.167278479217227,0.0028599966193893385,10.10824792204075
44007442871,44,007,442871,413.5071626890438,82.26237319744038,11.093593538725793,9.010075397626654,0.9970448738953333,7.06479852436907
44007442872,44,007,442872,47.33699487741212,12.430796609254628,0.08624943372694303,1.007827967781475,0.003254695612337473,1.020846750230825
44007442873,44,007,442873,92.99999999999999,12,1,2,0,1
44007442874,44,007,442874,796.6667150511234,286.1345423831392,28.093087636080597,9.245320208879086,3.8726195122779243,18.902941869151547
44007442875,44,007,442875,923,164,22,12,1,14
44007442876,44,007,442876,562,109,9,5,2,12
44007442877,44,007,442877,305,85,5,4,0,5
44007442878,44,007,442878,44.8891783129581,8.97783566259162,0.9975372958435134,0.9975372958435134,0,0.9975372958435134
44007442879,44,007,442879,718.6723071097615,45.85149254791821,6.977401039900597,6.977401039900597,0.9967715771286567,3.987086308514627
44007442880,44,007,442880,632.42646505029,57.7599004849967,17.431476545353924,12.571930020582268,0.9726967452728509,18.36224258407702
44007443001,44,007,443001,646.315637877183,1188.6526640939878,67.81345720775444,18.969977403476967,1.005358356161716,35.91986770901367
44007443002,44,007,443002,659.0366018713402,1181.8785349229763,80.6434274633512,20.906217162634448,4.840499144322044,50.0367247527474
44007443003,44,007,443003,733.129405325822,1139.7802442084194,56.62950806285268,37.62675097453053,4.944590249896848,41.658862332057076
44007443101,44,007,443101,745.7702794594105,973.716395368958,56.79406372510072,18.201980345010433,4.037814742083804,42.131907339833454
44007443102,44,007,443102,681.6971733409107,745.6971924596875,74.66668897190628,23.272734225009753,0.9696972593754063,37.818193115640845
44007443103,44,007,443103,705.6258339995387,916.2400894021104,63.277224780177484,17.112550081640528,2.0104372049754318,21.18504032115712
44007443104,44,007,443104,815.0270506584399,987.1012880464929,71.49601221319676,26.10995355678581,1.0276344031558737,44.321542985057086
44007443105,44,007,443105,829.1696394369917,885.5533909971186,59.49258208665253,21.526425887535535,3.9000151833398635,32.19941601956133
44007443106,44,007,443106,652.8672912923323,769.774050464078,53.722728325650195,11.962441742472615,2.9894587386449984,34.84630669824085
44007443901,44,007,443901,142,85,6,8,1,14
44007443902,44,007,443902,402.71934604904635,229.98433242506812,16.779972752043598,9.870572207084468,1.9741144414168936,12.83174386920981
44007443903,44,007,443903,359.0519521265444,190.68992489692826,11.365423640725759,13.189524360375334,0.28040935032003045,8.413767549649243
44007443904,44,007,443904,720.8303598038083,339.15025281098036,29.891859437326254,15.872246597462883,3.734289272065195,18.683544395640528
44007443905,44,007,443905,550.743628578506,461.3654331078081,39.882692467943414,19.1288121740262,1.1148975661764622,13.525998568540539
44007443906,44,007,443906,512.6728901635258,386.2303637586497,38.732092596332066,19.3859472698349,1.9514540543782082,21.349648671031037
44007443907,44,007,443907,598.284997126744,668.2790762992462,55.28278972991393,26.72854991380232,0.09713998850697582,20.602809810365102
44007443908,44,007,443908,475.6110786094069,612.5870692489161,44.70744138928425,14.268332358282207,1.9024443144376275,31.390331188220856
44007443909,44,007,443909,714,794,54,18,2,16
44007443910,44,007,443910,684.9057220708447,754.4741144414169,67.60871934604904,18.616893732970027,1.9596730245231608,34.294277929155314
44007443911,44,007,443911,NA,NA,NA,NA,NA,NA
44007443912,44,007,443912,NA,NA,NA,NA,NA,NA
44009440501,44,009,440501,601.1031042649519,545.2757960376588,70.15934171701784,15.376653310975236,0.08741901634851822,15.854236124889331
44009440502,44,009,440502,631.0040424233188,542.0025974720048,50.00033543512645,17.000129013510172,2,31.000258027020347
44009440503,44,009,440503,550.7027007814917,457.0933327765576,37.55799125336588,16.699558985499817,1.9524557846370791,27.665842594172208
44009440504,44,009,440504,426.88873310666014,365.6231308797828,25.69371577898189,6.917428477702107,0.9881134978091665,11.858007276362653
44009441101,44,009,441101,481.5493920335069,467.4345809083344,43.05261599538017,22.012081466253726,5.999102321066199,25.035934790102903
44009441102,44,009,441102,423.2198706643151,584.5123456790124,32.12639623750735,19.03968253968254,2.001469723691946,24.060258671369784
44009441103,44,009,441103,566.1544134629514,762.6327877619102,68.35969792962933,14.890013026930209,0.9896416986407784,36.67128130926467
44009441401,44,009,441401,736.6471258551919,1001.1058847638934,62.58298853102376,22.98370291311633,2.0016530638429355,43.85478689614637
44009441402,44,009,441402,738.7251728157445,792.8315974951882,64.08414974653691,29.027224917997234,4.002474992545203,37.03217490308764
44009441403,44,009,441403,292.3509343010628,335.26275699058857,33.92373605110819,10.97525085568204,0.9976167027762515,12.971584605092
44009442001,44,009,442001,148.70114555256066,112.07567903794319,7.741680489321999,2.8796910636533277,0.1549865229110512,4.892986730250881
44009442002,44,009,442002,999.7702156334232,759.0323450134771,84.96630727762803,27.378032345013477,4.7203504043126685,58.53234501347709
44009442003,44,009,442003,1042.989111747851,739.7716332378224,63.211461318051576,24.691977077363898,0.9876790830945559,53.33467048710602
44009442004,44,009,442004,1031.6322919482213,786.3627327849152,59.346368854378426,25.715476518971172,3.9560696300144507,36.595794317775876
44009442005,44,009,442005,870.061106737477,786.4543900393667,51.450287198837074,16.53759231391192,1.8375102571013242,26.6438987279692
44009442201,44,009,442201,561.8211488250653,197.09791122715404,17.49934725848564,14.736292428198434,0,30.393603133159267
44009442301,44,009,442301,653.2235431915115,680.9268127100826,62.90897681098731,13.273797805605275,0.019743055349310187,26.49928716337268
44009442302,44,009,442302,854.5061439900873,717.7399271885147,71.77514262896392,43.63205074384963,2.908748625298907,42.672871817386344
44009442303,44,009,442303,947.4060466119017,859.788964506827,72.2232090512239,21.316557514346012,1.085845166969537,68.29082034727757
44009442304,44,009,442304,942.4155371719528,783.898934575034,79.76228482042148,30.523494547419855,1.9691374816617782,42.35529873698029
44009442305,44,009,442305,539.4602407008856,472.5272108361461,53.94602407008856,12.98700579465095,0.9990004457423807,35.9640160467257
44009442306,44,009,442306,539.9975073140034,446.9979366099251,46.999783043996594,9.999953839148212,2.9999861517444635,34.99983843701874
44009442307,44,009,442307,1117.6312255846535,679.0724613174253,74.72468545400665,37.34460638753817,1.9143239199858149,52.664090530725424
44009442308,44,009,442308,1094.242494264778,771.1352807073406,103.48905573310599,36.97108213420315,3.0323718324475855,54.335782118687234
44009442309,44,009,442309,1082.2464364386556,710.9881562075572,92.0847008582422,31.69138905038891,0.9908723233678449,43.56986798956503
44009442901,44,009,442901,876.4010455563853,1018.680358476475,97.8170276325616,30.62957430918596,6.916355489171023,64.22330097087378
44009442902,44,009,442902,828.7040222188775,1027.3932998352109,85.86571796484756,26.957841686638186,0.9984385809865994,40.93598182045058
44009443201,44,009,443201,326,275,25,7,0,15
44009443202,44,009,443202,947.0024926859966,525.0020633900749,57.000216956003406,34.00004616085179,1.3848255536436268e-5,43.00016156298126
44009443203,44,009,443203,978,553,63,34,3,50
44009443204,44,009,443204,952.8668465821687,345.508918585837,78.16379754359494,51.77769117373734,0.9887687769464341,25.53540452966499
44009443205,44,009,443205,1143.3842926138786,443.43425609199124,76.55703524458144,49.71236054842951,2.9827416329057708,47.72386612649233
44009443206,44,009,443206,703.811245885687,399.3255295805316,48.917377373615125,29.949414718539874,0,35.939297662247846
44009443207,44,009,443207,1268.5237086882642,581.0503460842195,73.40638779117906,48.928095330736774,5.9557579717607485,56.06190090556357
44009443208,44,009,443208,1158.6502051524415,736.2798985408389,74.90920011227689,35.59550007428393,6.072400502759513,49.70728159735059
44009443209,44,009,443209,488.6699964471189,313.5223350549364,39.5322886264465,15.736678819543837,0.03420705051534693,30.964059711074103
44009443210,44,009,443210,721.6937535142376,450.2132384707292,30.91593053876252,27.051439221417205,0.9661228293363288,39.61103600278948
44009443601,44,009,443601,344.9436590218441,384.205901438079,23.01096254950822,8.001366232164727,0.008658008658008658,32.851414928458716
44009443602,44,009,443602,985.8739643879281,797.4336446206504,57.83994795361361,17.92835060372679,2.0645743994249686,47.77579598418663
44009443603,44,009,443603,957.5549665931334,755.8615713323675,57.76661088370533,35.24741087212021,1.9581903436419388,53.850234450153316
44009443604,44,009,443604,NA,NA,NA,NA,NA,NA
44009443605,44,009,443605,870.7095259381182,806.3830525928992,61.304163439512365,20.758698433390585,1.9825447612680467,50.63225349223373
44009443606,44,009,443606,720.3528741448081,752.8941152361066,48.41701146897624,31.01629708688367,2.9983469361570645,48.14521310385363
44009443607,44,009,443607,579.7450943778751,656.5635105297517,45.88913015960331,12.972669842863203,0.9962555781300411,31.968236224748573
NA,NA,NA,NA,698.2996972633553,494.8381850124918,46.46530454087032,18.245658655914585,1.4768217770106193,30.083103530040905
