GEOID20,STATEFP,COUNTYFP,DISTRICT,G20PRERTRU,G20PREDBID,G20PRELJOR,G20PREIPIE,G20PREOWRI,G20USSRLUM,G20USSDDAV,G20USSOWRI,G20HALRCHE,G20HALDBUL,G20HALLBRU,G20HALCHAG,G20HALOWRI
56001000103,56,001,000103,178,120,11,1,3,190,120,1,185,116,6,5,0
56001000104,56,001,000104,130,20,0,0,1,129,20,0,122,19,0,6,0
56001000111,56,001,000111,26.34224730127576,11.194062806673209,0.278459273797841,0.278459273797841,0.11138370951913641,27.066241413150145,10.414376840039255,0.278459273797841,25.78532875368008,10.52576054955839,0.835377821393523,0.278459273797841,0.055691854759568206
56001000112,56,001,000112,79.72301275760549,33.87806673209028,0.8427379784102061,0.8427379784102061,0.33709519136408245,81.91413150147203,31.518400392541707,0.8427379784102061,78.03753680078509,31.85549558390579,2.5282139352306183,0.8427379784102061,0.16854759568204122
56001000113,56,001,000113,139.6023061825319,59.32360157016683,1.475711481844946,1.475711481844946,0.5902845927379784,143.43915603532875,55.19160942100098,1.475711481844946,136.650883218842,55.78189401373896,4.427134445534838,1.475711481844946,0.2951422963689892
56001000114,56,001,000114,18.683267909715408,7.9394013738959766,0.19749754661432778,0.19749754661432778,0.07899901864573111,19.19676153091266,7.386408243375859,0.19749754661432778,18.288272816486753,7.46540726202159,0.5924926398429834,0.19749754661432778,0.039499509322865556
56001000115,56,001,000115,248.45128259636888,141.76828847076274,5.921878998302428,3.0974513856797117,2.003583118153249,259.24434114884195,133.82479880366517,2.7080036726411842,246.9943152621288,130.65053206243505,10.818036104622772,4.0251761566384925,0.6775451089998461
56001000121,56,001,000121,1583.7279723451413,810.3344678653986,54.490222758107755,25.217848674482664,18.760023253215522,1636.8895399746327,819.3126046802313,4.028250838071816,1568.429912154446,743.2554843587444,82.98062720136237,59.89150896863479,1.2119559896096972
56001000122,56,001,000122,347.16023604176127,112.87063095778484,6.126872446663641,2.0619609623241035,3.047208352246936,356.28415796640945,111.89423513390831,0.0088515660463005,352.12482977757605,99.708352246936,10.197684975034045,6.150476622787108,0.0029505220154334997
56001000301,56,001,000301,66.5855833188173,97.14723646944213,7.583414300552899,1.6402926432732692,1.6725866284733648,73.09228585622029,97.42701789020717,0.7061502829014007,65.58551364184747,92.9338481687215,7.860517028922394,3.2415945703576106,0.4223508235430739
56001000312,56,001,000312,782.4875067055347,922.3776506413561,90.12281773227218,19.72730415494043,15.96294055217688,858.5577182876006,922.331281652151,9.402628830265105,777.7613517604708,874.4689565608804,86.40151104805624,33.80640687040678,3.7577394614485344
56001000313,56,001,000313,460.1242105263158,893.7877667140825,51.907994310099575,18.080398293029873,16.778264580369843,503.7254054054054,906.3834992887624,8.389132290184921,457.00187766714083,848.531038406828,62.00586059743954,40.343328591749646,2.6333997155049786
56001000314,56,001,000314,115.36842105263158,205.40256045519203,11.692745376955903,3.507823613086771,4.287339971550498,125.89189189189189,206.96159317211948,2.143669985775249,114.39402560455193,195.07396870554766,12.47226173541963,9.743954480796587,0.5846372688477952
56001000402,56,001,000402,460.9478079331941,610.0960334029227,39.281837160751564,9.820459290187891,13.196242171189978,520.1774530271398,585.8517745302713,5.83089770354906,500.53653444676405,537.3632567849687,46.64718162839248,20.561586638830896,2.762004175365344
56001000501,56,001,000501,331.4719585849871,641.5637711913812,35.747457034256,8.51407317585057,11.692428234964904,363.32893221089944,645.815563276823,3.741296084695567,323.2014737774876,616.9038453466409,41.38154979828837,22.363864468437377,2.6468810484341114
56001000511,56,001,000511,58.75409836065574,118.05901639344263,6.518032786885246,1.3770491803278688,2.0196721311475407,64.53770491803279,118.79344262295082,0.45901639344262296,56.826229508196725,114.11147540983607,7.80327868852459,3.4885245901639346,0.5508196721311476
56001000512,56,001,000512,83.8168306010929,185.43169398907102,10.690054644808743,3.455081967213115,2.8594535519125683,92.37617486338797,188.52240437158468,0.9116939890710383,82.00371584699454,177.87912568306012,14.29879781420765,6.160874316939891,0.7580327868852459
56001000514,56,001,000514,31.946623907388148,18.786097135611598,1.5007857463213932,0.57032991654498,0.34100692596424487,33.048001076088696,19.015524595177837,0.17687645873785185,30.590954110011463,17.559872164074065,2.2087094572148143,1.5730825483299888,0.006581933726736269
56001000515,56,001,000515,1010.1195559350982,651.2382578992314,54.269854824935955,19.257045260461144,10.503842869342442,1046.8830059777968,659.1161400512383,7.002561912894961,953.2237403928266,612.7241673783092,78.77882152006832,55.14517506404782,0
56001000516,56,001,000516,98.62295081967213,198.17049180327868,10.940983606557376,2.3114754098360657,3.3901639344262295,108.33114754098361,199.4032786885246,0.7704918032786885,95.38688524590164,191.54426229508195,13.098360655737705,5.855737704918033,0.9245901639344263
56001000601,56,001,000601,469.2283864130337,636.5697041547664,34.962642129654576,12.981179608772969,10.654182608539454,514.4231332291498,636.5297237340806,1.8593702286648344,485.8083652170789,587.7761581433781,47.265156005819904,19.785543640315424,1.2262533455479514
56001000602,56,001,000602,571.8903496348374,886.4081884262249,53.98879630015302,13.037409334301426,15.722740820294826,631.4544486951796,884.8230717169345,4.56214082879286,569.0113555482516,837.7724149296997,69.90965793865715,29.978095884950918,2.472277255423561
56001000614,56,001,000614,279.38589211618256,377.402489626556,19.680497925311204,8.103734439834025,6.174273858921162,305.2406639004149,378.17427385892114,0.7717842323651453,291.34854771784234,347.68879668049794,26.62655601659751,11.190871369294605,0.7717842323651453
560010041-1,56,001,0041-1,708.6680584551148,937.9707724425887,60.39248434237995,15.098121085594988,20.288100208768267,799.7286012526096,900.6972860125261,8.964509394572024,769.5323590814197,826.1503131524008,71.7160751565762,31.611691022964507,4.246346555323591
560010041-2,56,001,0041-2,128.56367432150313,170.16283924843424,10.95615866388309,2.7390396659707723,3.6805845511482254,145.08350730688935,163.4008350730689,1.626304801670146,139.60542797494782,149.8768267223382,13.010438413361168,5.734864300626305,0.7703549060542797
560010041-4,56,001,0041-4,0,0,0,0,0,0,0,0,0,0,0,0,0
56001004131,56,001,004131,169.3277661795407,224.1169102296451,14.430062630480167,3.607515657620042,4.8475991649269305,191.08559498956157,215.2108559498956,2.1419624217118995,183.8705636743215,197.39874739039666,17.135699373695196,7.553235908141962,1.0146137787056366
56003000101,56,003,000101,709,132,11,4,7,711,133,2,649,114,35,37,2
56003000201,56,003,000201,292,17,2,2,6,294,16,0,287,14,6,7,0
56003000301,56,003,000301,100,7,0,0,2,100,6,1,95,8,1,1,0
56003000501,56,003,000501,58,3,0,0,0,56,3,0,55,2,0,1,0
56003000601,56,003,000601,91,13,0,2,1,94,11,0,94,11,0,2,0
56003000801,56,003,000801,170,14,1,0,0,174,11,0,163,12,3,6,0
56003001101,56,003,001101,867.8374455732946,255.95500725689405,20.076197387518143,7.055878084179971,5.066037735849057,877.9898403483309,249.87373004354134,1.0355587808417996,830.5732946298984,244.83309143686503,32.177793904209,25.259071117561685,0.020319303338171262
56003001601,56,003,001601,219,56,4,3,1,228,50,1,214,48,3,12,0
56003002001,56,003,002001,NA,NA,NA,NA,NA,NA,NA,NA,NA,NA,NA,NA,NA
56003002201,56,003,002201,493,36,6,11,1,508,33,0,477,31,11,18,0
56003002301,56,003,002301,274.18659658344285,32.78318002628121,8.940867279894874,4.967148488830486,0.9934296977660972,281.14060446780553,34.7700394218134,0,251.3377135348226,38.74375821287779,11.921156373193167,12.914586070959263,0
56003002501,56,003,002501,88,20,2,1,1,86,24,0,85,21,2,3,0
56003002601,56,003,002601,103,14,4,0,0,106,13,0,97.00000000000001,16,3,4,0
56005001-01,56,005,001-01,357,59,15,4,2,362,63,4,323,51,24,26,1
56005001-03,56,005,001-03,312,93,10,8,1,327,80,2,298,73,14,20,2
56005001-05,56,005,001-05,684,93,25,1,1,679,91,2,614,88,29,40,2
56005001-07,56,005,001-07,638,89,17,3,3,642,83,4,569,82,34,33,5
56005001-09,56,005,001-09,621,86,14,2,5,617,85,3,579,75,28,22,2
56005001-11,56,005,001-11,258,38,6,1,1,249.99999999999997,46,3,228,39,14,15,3
56005001-12,56,005,001-12,632.3148788927335,108.35294117647058,20.04152249134948,4.02076124567474,2.0207612456747404,626.2525951557094,107.37370242214533,6.041522491349481,575.8581314878893,94.31141868512111,35.311418685121104,31.186851211072664,3.0207612456747404
56005001-14,56,005,001-14,285.26993865030676,52.07361963190184,7.429447852760736,3.0736196319018405,2.214723926380368,289.26993865030676,49.717791411042946,2.214723926380368,263.3374233128834,45.717791411042946,15.07361963190184,16.073619631901842,1.2147239263803682
56005001-15,56,005,001-15,841.4954960095868,145.91252068574784,28.982623971826623,6.995805786302978,5.996404959688267,871.4775208080281,127.92330580668303,3.9976033064588448,811.5134712111454,109.93409092761823,40.97543389120316,27.983223145211912,2.9982024798441334
56005001-16,56,005,001-16,846,129,31,9,9,862,125,6.000000000000001,810,97,44,27,5
56005001-17,56,005,001-17,637,51,14,2,2,623,59,6,565,54,27,29,2
56005001-18,56,005,001-18,508.58945019341263,93.07885131560185,12.405414723623107,3.801528086775086,3.7678957923723684,517.9082927911354,87.51108836305009,2.867962212282673,479.99390880659263,79.92484833670127,21.841970351755386,21.841970351755386,1.900764043387543
56005001-19,56,005,001-19,647,82,17,5,7,656,72,5,632,65,23,15,1
56005001-20,56,005,001-20,246,35,11,2,2,247,39,3,230,34,16,10,3
56005001-21,56,005,001-21,380.8851262749137,23.86747527571261,7.955825091904203,1.9889562729760508,0.9944781364880254,369.94586677354545,30.828822231128786,2.9834344094640763,333.15017572348853,33.812256640592864,14.917172047320381,16.906128320296432,2.9834344094640763
56005001-22,56,005,001-22,289,27,6,1,2,286,26,1,264,22,13,11,1
56005001-23,56,005,001-23,864.9398708400214,110.52863817676743,23.62757254162948,6.1568880827818475,6.078383409884651,864.9006185035728,102.60730453368136,11.156787030271394,805.5672112734417,95.3326796520558,41.86272277128344,28.862985507810617,5.078403620386742
56005001-24,56,005,001-24,405,45,17,5.999999999999999,4,403,55,2.9999999999999996,373.99999999999994,52,16,21,1
56005001-25,56,005,001-25,593,90,13,5,2,609,79,2,581,60,19,21,1
56005001-26,56,005,001-26,320,39,9,2,3,328,34.99999999999999,2,312,26,13.999999999999998,10,2
56005001-27,56,005,001-27,622,47,17,5,3,613,62,2,579,47,32,18,1
56005002-01,56,005,002-01,368.3789704271632,16.92552026286966,2.986856516976999,3.9824753559693318,4.978094194961665,355.43592552026286,22.89923329682366,0.9956188389923329,327.55859802847755,15.929901423877327,12.943044906900328,19.91237677984666,0.9956188389923329
56005003-01,56,005,003-01,844,48,14,5,4,828,53,4,782,45,24,24,6
56005004-01,56,005,004-01,875.6210295728367,51.07447973713034,11.013143483023,2.0175246440306682,5.021905805038335,854.5640744797371,64.10076670317635,4.004381161007667,803.4414019715225,58.070098576122675,21.05695509309967,30.08762322015334,2.004381161007667
56005006-01,56,005,006-01,250.68512110726644,16.647058823529413,1.958477508650519,0.9792387543252595,0.9792387543252595,247.74740484429066,17.626297577854672,1.958477508650519,229.14186851211073,14.688581314878894,14.688581314878894,8.813148788927336,0.9792387543252595
56005007-01,56,005,007-01,164,14,2,1,1,161,14,3,150,15,3,5,1
56005008-01,56,005,008-01,107.98893107912129,7.99918007993491,0.9998975099918638,1.9997950199837276,1.9997950199837276,109.98872609910501,6.9992825699430465,0.9998975099918638,105.98913605913756,7.99918007993491,0.9998975099918638,3.999590039967455,0.9998975099918638
56005009-01,56,005,009-01,100.23456534010649,4.0138596823503345,1.587928175412641,3.930574581795182,0.7888711139313651,100.25254054166514,6.35890278227403,0.7876727671607874,93.14910547597113,6.348117661338831,3.950946476895003,3.943157222886248,0.7870735937754986
56005013-01,56,005,013-01,223,7,3,1,2,223,9,2,215,5,7,5,2
56005014-01,56,005,014-01,565,48,9,2,3,567,48,1,524,45,20,22,3
56005014-02,56,005,014-02,349,9,3,2,1,338,14,1,320,10,11,10,2
56005018-01,56,005,018-01,474.1148737250863,31.13252472428739,9.044174908095796,3.0110437270239494,1.0055218635119747,471.05413322645455,32.17117776887121,5.016565590535924,425.8498242765115,34.187743359407136,20.08282795267962,21.093871679703568,2.0165655905359237
56005019-01,56,005,019-01,341,23,11,2,2,329,28,2,304,25,17,15,1
56005022-01,56,005,022-01,206.99999999999997,32,5.999999999999999,2,1,208.99999999999997,30,2,193.99999999999997,28.999999999999996,8,11.999999999999998,1
56005023-01,56,005,023-01,642,43,19,2,2,650,37,5,593,37,30,29,3
56005024-01,56,005,024-01,443.45354046079296,43.39030756290282,15.966547893199323,4.041462567430521,2.153599534730435,443.1739501995188,44.879565842557376,3.975028441922934,408.42291362331383,37.74057222404638,22.294478246375455,22.294478246375455,2.0207312837152607
56005026-01,56,005,026-01,31.017138505773016,3.002202944727899,1.0004648415480888,1.000121263012545,1.000121263012545,29.017138505773016,4.002041260711173,2.0002223155229992,29.015966296651747,3.001899787196537,2.0008286305857235,1.000565894058543,2.000101052510454
560070001-1,56,007,0001-1,300,173,6,3,4,298,175,1,265,171,24,15,0
560070002-1,56,007,0002-1,465,142,6,7,1,465,144,1,434,134,27,11,0
560070002-2,56,007,0002-2,500,175,9,3,4,505,171,2,460,163,30,18,2
560070003-1,56,007,0003-1,326.59377334407776,165.80180105993142,9.866502755704042,6.226044197140185,1.2637182299968825,333.1588838369282,162.80180105993142,1.1883701642834876,302.74774573409957,141.42506073136445,28.544635347124597,17.94185082141744,0.15069613142679003
560070003-2,56,007,0003-2,449.40622665592224,148.19819894006858,22.133497244295956,5.773955802859815,6.736281770003117,463.84111616307183,148.19819894006858,4.811629835716513,402.25225426590043,138.57493926863557,39.4553646528754,24.058149178582564,3.84930386857321
560070004-1,56,007,0004-1,19.99383265962348,0.004845408545526729,7.313824219662986e-4,1.8284560549157466e-4,0,19.99383265962348,0.005393945362001453,0,18.993167373793064,1.003133701504553,0.0015541876466783845,0.001097073632949448,0
560070005-1,56,007,0005-1,172.00546436214793,25.789369800985412,3.9669743219331655,0.00807341683967069,3.934680654574483,171.0217941985043,33.68295136065339,0,151.26305718655274,28.720759612079696,9.905325679573407,9.885142137474231,0
560070006-1,56,007,0006-1,18.497954113206713,0.9796691122497806,1.9396345615992858,8.209859541781337e-4,8.209859541781337e-4,19.47023435186889,0.9780271403414242,8.209859541781337e-4,18.49056523961911,0.012314789312672006,1.9388135756451077,0.005746901679246936,0
560070007-1,56,007,0007-1,80.61092327470094,9.016386011493982,2.5940033908713405,0.6447620561012876,0.644525791722324,83.83138191158218,7.7408414949981825,0.6447620561012876,74.8083405001293,9.661192009914966,1.9716875135454754,4.496873755329647,2.3626437896342718e-4
560070008-1,56,007,0008-1,269.42091694473066,48.09997487927638,12.020561098338309,2.0013750554850263,0.9989647665092227,271.4518676743093,53.08639904611862,1.9986651952375316,245.4076290127481,44.084178340659086,19.016489901408065,15.998186804861822,0.9969905684808141
560070009-1,56,007,0009-1,139.39996134834936,13.016120057150554,3.994730255160449,1.9858300820586274,1.9828353672506966,142.3928753761935,15.98968041990609,1.984332724654662,122.50790001977239,21.91872087540663,13.913067331078652,3.988906741818176,0
560070010-1,56,007,0010-1,53.0382080250979,5.096405030901948,1.0296630864313687,0.014831543215684343,0.014831543215684343,56.06045533992143,3.1186523457254745,0.014831543215684343,52.91213990776458,4.163146975372528,2.1038208025097904,0.029663086431368686,0
560070011-1,56,007,0011-1,689,247,18,3,3,702,240,3,660,222,37,25,2
560070011-2,56,007,0011-2,291.5249310092698,64.30186124697954,14.374462403313427,1.6239929014703722,0.024947187439767135,299.54065316620233,65.88982560927148,0.800781917518062,271.4285844059629,55.5687676239925,20.036682381902924,9.663356399039586,0.004223512244009386
560070012-1,56,007,0012-1,162.71825136978026,36.41908174167838,4.017002911359946,3.9857013129396752,0.031303207846958225,165.44843337089858,40.342171810644075,0.659066082611005,153.91562547940512,35.77566484885082,8.080955001496923,7.359288940898752,0.659066082611005
560070013-1,56,007,0013-1,184.94659235731922,47.56499311611923,3.603736489345657,1.7955852981368996,1.790689142528675,190.33138249834576,45.77920012919878,0.0015436112963741638,171.4832603049912,48.44788029566214,9.88150153401677,6.285483101152984,4.5223325386902906e-4
560070014-1,56,007,0014-1,121.01561253542025,13.283520657952208,2.055200927402199,1.9694540160581675,0.9729591384497571,128.76522133181516,10.457960000881005,0,117.8041907773009,12.255507095072836,2.1762514474842103,4.055760529553056,0
560070015-1,56,007,0015-1,341.89486948317716,15.874411950650202,5.933559791679663,1.979892014731003,0.9888231053320596,340.9248610051506,18.835075593976686,0,327.06402813023465,15.866706926337935,9.890596274728647,9.889162792851554,0
5600701-2-0,56,007,01-2-0,12.44393063583815,3.1861271676300578,0.48092485549132946,0.12023121387283237,0,12.44393063583815,3.5468208092485547,0,11.18150289017341,2.8855491329479768,1.021965317919075,0.7213872832369942,0
5600701-2-1,56,007,01-2-1,170.37289817190648,42.64889778255252,6.459813104346118,1.6430143055347795,0.06030414637488533,170.5363198992487,47.42574420695868,0,153.3845250061947,38.68396868018061,13.673408713774222,9.750023802894063,0
5600701-2-2,56,007,01-2-2,2.393063583815029,0.6127167630057804,0.09248554913294799,0.023121387283236997,0,2.393063583815029,0.6820809248554914,0,2.1502890173410405,0.5549132947976878,0.19653179190751446,0.13872832369942195,0
5600701-2-3,56,007,01-2-3,4.3905521581580285,1.1241510356636497,0.16968317519451315,0.04242079379862829,0,4.3905521581580285,1.2514134170595346,0,3.945133823272431,1.0180990511670789,0.36057674728834044,0.2545247627917697,0
5600701-2-4,56,007,01-2-4,22.05495269401932,5.261568663589027,0.8076436971018489,0.2136067874228149,0.01025136939925379,22.1038329306496,5.832213846973356,0,19.952431783847995,4.7722383635805325,1.691336679717344,1.221716915052027,0
5600705-1-2,56,007,05-1-2,1.4346289752650176,0.2143698468786808,0.03297997644287397,0,0.03297997644287397,1.426383981154299,0.28032979976442873,0,1.2614840989399292,0.23910482921083626,0.08244994110718493,0.08244994110718493,0
5600706-1-1,56,007,06-1-1,0.39827373612823674,0.02096177558569667,0.04192355117139334,0,0,0.41923551171393336,0.02096177558569667,0,0.39827373612823674,0,0.04192355117139334,0,0
5600707-1-2,56,007,07-1-2,44.41500060454635,4.973948522727792,1.4219359684714656,0.3552483782076716,0.3552483782076716,46.1917137234051,4.263451766312448,0.3552483782076716,41.217765200677306,5.328725673115073,1.066687590263794,2.486738647453701,0
5600711-2-1,56,007,11-2-1,73.00383399960539,16.091628638397932,3.617874790693761,0.40252423214144945,6.918997970405802e-4,75.01507136071855,16.4927690709453,0.20091616617220445,67.97574059682248,13.881896760402201,5.026709603188834,2.413415643356095,0
5600712-1-0,56,007,12-1-0,82.04558404558405,18.307692307692307,2.034188034188034,2.034188034188034,0,83.40170940170941,20.341880341880344,0.33903133903133903,77.63817663817665,17.96866096866097,4.068376068376068,3.7293447293447297,0.33903133903133903
5600713-1-0,56,007,13-1-0,15.979763912310286,4.1112984822934235,0.3102866779089376,0.1551433389544688,0.1551433389544688,16.445193929173694,3.956155143338954,0,14.81618887015177,4.188870151770657,0.8532883642495784,0.5430016863406407,0
560090001-1,56,009,0001-1,177,11,1,0,0,175,12,0,159,11,5,10,0
560090002-2,56,009,0002-2,379.6246592197199,46.0859155681367,3.092839365416366,4.962821282248631,2.0303948183736162,372.5590411502443,51.208069712012154,4.963196353815259,364.3268617145644,40.19976565144675,11.06556248672143,16.951278483775585,0.9895771570520697
560090003-1,56,009,0003-1,162.14135206321336,17.90517998244074,4.973661106233538,0,0,160.15188762071992,16.91044776119403,1.9894644424934154,149.20983318700615,13.926251097453907,5.968393327480245,5.968393327480245,0.9947322212467077
560090004-4,56,009,0004-4,322.44313168400384,30.236643457727343,3.5192601189210357,0.7058906338228172,0.006795366795366796,312.6059652557869,30.259294680378567,1.4061184619828289,299.2472735863837,28.838452923672445,5.633534336991804,16.151675054115273,0
560090006-6,56,009,0006-6,346.1601632047856,24.502340756704534,6.256931696813264,5.063799197461418,0.22391363694131677,333.6338137928703,36.87511715741825,2.6545105078468123,309.87111634632333,35.05364934905683,14.503920867414593,15.61877222678744,0.44396779274226467
560090007-7,56,009,0007-7,152.8113885763268,18.692613097122308,4.058807526157398,6.696508120689663e-4,0.8137704576676866,152.8006741633337,17.88754810001152,2.4372934681306457,143.050160989187,13.818695811673086,8.124981211247556,4.074209494834985,1.6235230104629594
560090008-8,56,009,0008-8,287,22,7,1,0,276,35,1,267,24,8,12,1
560090009-1,56,009,0009-1,522.5691885800127,88.53925833129942,16.72563868049313,4.922739063191405,1.9671499362169542,498.95171521105163,119.04175647701985,3.936245561493516,467.45688649645444,84.61663259322314,33.45322305004587,31.488018802888522,2.9507249043254316
560090009-2,56,009,0009-2,394.8297212213632,89.96120230360172,10.9952580593291,2.9987067434533907,4.997844572422318,372.8392051027049,112.95128733674439,9.995689144844636,354.8469646419846,80.96508207324156,31.986205263502836,18.99180937520481,1.9991378289689272
560090023-1,56,009,0023-1,287.02549660150777,58.29311686605136,9.456412304200724,2.3574374101236018,1.1537400249912781,277.4547462647056,69.95803432615752,2.2085051559054345,269.9137823787471,48.70219561995181,10.873422616011592,11.838828394394849,0.05957290168726698
560090023-2,56,009,0023-2,486.461079474982,55.93802967268787,4.994466935061417,0.9988933870122835,3.995573548049134,470.4787852827855,64.92807015579842,5.9933603220737,444.50755722046614,44.95020241555275,20.97676112725795,27.969014836343934,1.997786774024567
560090023-3,56,009,0023-3,590.1598421352026,81.0914927281633,12.369998608886895,4.257116726766551,5.933105132137935,570.1558767656729,100.86711270136529,3.56718490890255,535.8064464908229,84.44346953890607,22.16976654098949,24.677247526586132,8.382803546819208e-4
560090023-4,56,009,0023-4,538.4685197817835,131.94904268526585,12.612776139032766,11.642562589876398,3.8808541966254664,521.0046758969688,151.35331366839318,6.791494844094566,504.5110455613106,111.57455815298216,26.195765827221898,26.195765827221898,1.9404270983127332
560090023-5,56,009,0023-5,290.6310148978604,54.68076826353191,7.044240800542163,2.074171357162001,0.029704682693081498,286.527229207576,53.755075145049965,5.074035832805947,260.4095850212228,45.592060788520826,14.16274330781703,24.25140560804276,0.014852341346540749
560090023-6,56,009,0023-6,277,50,7,1,1,267,54,4,243,45,14,17,1
56009010-10,56,009,010-10,301.6799356575234,47.271527288726304,3.959081830999521,1.0128473808268035,0,288.81506571842186,55.20800060165978,1.9824659510495775,281.8052859401613,37.52159096268336,7.936473312933475,14.829330014270916,0.9820781500575726
56009011-11,56,009,011-11,201,19,4,0,1,188,28,0,176,21,10,10,0
56009013-13,56,009,013-13,102.27572270546594,7.0705586680215715,0.007630460267930133,0.0019076150669825333,0,94.27493154410212,9.079817629930693,1.9978132715072252,92.26758019725999,6.054483496665116,2.0092589619091203,4.016610308751258,0.0019076150669825333
56009020-20,56,009,020-20,97.71878419624923,6.782310330519057,1.9329963676447497,4.369621756476265e-4,0.9671536270858463,96.7463870230556,8.717054546866398,0.002621773053885759,95.76962022810552,7.742909524970189,1.9399877624551116,0.9776407193013893,8.73924351295253e-4
56011000101,56,011,000101,291,55,7,2,6,307,48,0,294,40,10,11,1
56011000102,56,011,000102,253,51,3,1,0,244,53,2,234,48,7,9,0
56011000202,56,011,000202,542,58,5,6,3,534,58,3,498,57,20,21,0
56011000303,56,011,000303,161,30,8,1,1,169,27,0,159,25,6,7,1
56011000707,56,011,000707,183,19,2,1,1,186,14.999999999999998,1,176,12,9,6,1
56011000909,56,011,000909,88,3,2,0,0,90,2,0,89,2,0,0,0
56011001111,56,011,001111,213.41052631578947,20.557894736842105,2.9368421052631577,0.9789473684210527,0.9789473684210527,215.3684210526316,24.473684210526315,0,202.6421052631579,19.57894736842105,8.810526315789474,8.810526315789474,0
56011001212,56,011,001212,382.58947368421053,28.442105263157895,3.0631578947368423,1.0210526315789474,1.0210526315789474,392.6315789473684,21.526315789473685,2,354.3578947368421,22.42105263157895,15.189473684210526,18.189473684210526,1
56011001313,56,011,001313,NA,NA,NA,NA,NA,NA,NA,NA,NA,NA,NA,NA,NA
56011001414,56,011,001414,149,33,3,1,0,154,26,0,140,30,5,8,0
56011001515,56,011,001515,263,21,1,2,1,257,27.999999999999996,1,244.99999999999997,26,4,8,0
56011001616,56,011,001616,343,10,6,0,0,336,14,3,322,9,7,11,3
56011001801,56,011,001801,178,15,2,0,0,174,18,0,169,14,4,5,0
56011001802,56,011,001802,217,8,9,1,0,221,12,0,198,12,10,13,1
56011002323,56,011,002323,43.011068920878714,4.00081992006509,1.0249000813622213e-4,2.0498001627244425e-4,2.0498001627244425e-4,46.011273900894984,1.0007174300569537,1.0249000813622213e-4,43.01086394086244,2.00081992006509,1.0249000813622213e-4,1.000409960032545,1.0249000813622213e-4
56011002424,56,011,002424,51.99999999999999,1.9999999999999998,0,0,0,48.99999999999999,1.9999999999999998,0,47,1.9999999999999998,2.9999999999999996,0.9999999999999999,0
56011002626,56,011,002626,58,5,2,0,0,54,5,1,51,3,2,6,0
56013000101,56,013,000101,473.247081999891,217.65825722005496,19.501825940028187,3.5626075513715962,3.5501335388975837,490.9457746424038,217.674889236687,0.006237006237006237,466.1197878950688,203.4410910478326,22.197170376945657,11.550927764410911,1.7677902621722845
56013000102,56,013,000102,171.25776397515529,139.51242236024845,7.5186335403726705,2.5062111801242235,4.1770186335403725,171.25776397515529,150.3726708074534,0,168.75155279503105,140.34782608695653,8.354037267080745,3.341614906832298,0.8354037267080745
56013000103,56,013,000103,319.3597906902992,341.2649670531026,10.566726276472039,6.715586349060925,5.747603862010641,335.6242247788858,340.3260905951584,2.8727624299658197,312.6150983121322,322.07995348673313,23.03199548962261,13.437409704358856,0.9555084745762712
56013000104,56,013,000104,254.00000000000003,234,14.000000000000002,5,8,277,228.00000000000003,1,259,224.00000000000003,14.000000000000002,8,2
56013000105,56,013,000105,424,339,18,8,14.999999999999998,451,340,2,443,307,26,11,3
56013000106,56,013,000106,278.8393351800554,294.7146814404432,14.094182825484765,5.033240997229917,8.044321329639889,299.91135734072026,293.7645429362881,1,296.7894736842105,264.72576177285316,21.14404432132964,8.038781163434903,0
56013000201,56,013,000201,213.0159136194733,55.582826215735906,4.842883300123862,2.908234153697022,0,215.9567020302655,57.450697398890625,0.969411384565674,207.19944531207926,56.546394528515265,6.78671441650062,3.8751413646399913,0.001669449081803005
56013000301,56,013,000301,379.32168284907584,100.8468318344447,9.692706663957704,3.8233900423746188,2.136020065762201,381.80196175077964,104.3531255267217,1.555274505712966,346.7076036519979,92.42482144988433,33.81865576521673,13.46515259327017,1.1511294279927586
56013000302,56,013,000302,148.28552838949756,44.806212503330116,2.645822027161492,1.8663004957230498,1.1167801762384462,150.4890875300206,45.96799449749932,0.41226167468459995,136.66046313449775,38.9750566131994,12.66684240135367,5.981161949899911,0.38226046273076153
56013000303,56,013,000303,662.8511691630641,182.26054051352398,19.809953894651542,7.700915387381821,2.4515642024535356,657.2552154185033,191.20868400175866,4.488217165356926,607.4236909834897,165.68768168022004,58.83787709692738,21.846715366015285,3.9105624639518504
56013000304,56,013,000304,297.78333062200807,106.0295463494976,7.124200027172876,4.738445963236344,3.5964424581107433,303.6296172244938,105.24975284193766,1.1804314079814975,276.36309617584214,96.45349845865448,28.53905273851916,11.231808365842747,0.8240372780024617
56013000305,56,013,000305,581.1623935235406,232.66993003441652,15.709202184110966,7.613656429514129,2.855727761876018,603.4627232230353,218.35759603162623,2.536615393683952,558.9348004171504,192.38813597401557,50.51841450098968,18.624753080919724,2.1216803832017717
56013000306,56,013,000306,627.8569584672002,183.04201065742419,15.892688929130077,11.464917706771553,7.624917706771553,655.4458774720746,179.26602010761272,1.8043438155136269,609.5431204574514,164.05496227064145,43.035091379948206,14.467783268752719,0
56013000401,56,013,000401,127.57965244486432,398.8847010836721,5.899446401192239,9.841372814608194,2.9218378542271433,154.4576079639857,360.53997964733003,0,114.40315612302228,409.41453502655816,8.298137388344204,7.029577983098575,0
56013000501,56,013,000501,557.4418606480771,297.76581212345434,17.37559089149932,7.172434030021978,5.353697498991085,566.1525436738899,304.1845844549474,1.3153872581838684,543.8988329093556,281.2603356143322,27.91202552778464,15.127143010856203,0.4412975365433697
56013000601,56,013,000601,859.9384990006897,408.31074368531796,29.76424634734884,12.442352324623792,10.821611831307122,876.7105393059029,420.5851917298945,1.6746361746361746,837.0428427365442,389.95882055917934,49.28027203514239,22.253190297534335,0
56013000701,56,013,000701,885.0263489573521,273.3581178413375,22.94437114215532,10.977578063492645,1.994806693594922,910.958835974086,271.36945239646315,0,861.0722919709582,273.35402367552376,25.950910762895706,15.966641880386808,0
56013000801,56,013,000801,200.1930995386081,305.17830113634875,5.562962209133349,2.8947695057719858,3.636779011929042,221.62478370440544,255.77227678360043,0.059959581759072136,190.0999084501196,304.4832310229412,11.333594857411931,3.908659390475329,0.03890695018012477
56013000901,56,013,000901,357.14653081028627,21.76516254245512,1.9786511402231928,0,0.9893255701115964,361.1038330907327,18.79718583212033,0.9893255701115964,350.2212518195051,19.786511402231927,7.914604560892771,3.9573022804463855,0
56013001001,56,013,001001,624.2227979274611,82.05181347150258,6.290155440414508,2.062176165803109,1.0414507772020725,622.2642487046633,78.13471502590673,1.0414507772020725,580.3523316062176,77.03108808290156,29.849740932642487,12.290155440414509,0.02072538860103627
56013001201,56,013,001201,58.635263157894734,11.335263157894737,1.0342105263157895,0.01368421052631579,0.006842105263157895,60.635263157894734,9.362631578947369,0.020526315789473684,50.52578947368421,12.35578947368421,3.0821052631578945,5.047894736842105,0.006842105263157895
56013001301,56,013,001301,138.04033974475627,506.70500795164133,5.088381900323604,5.991603304085007,0.10900473933649289,183.018241302645,425.3687187967307,1.969949916527546,125.94812839724976,501.86188671482483,15.047136222297826,5.033879530655358,1.969949916527546
56013001401,56,013,001401,426.33730407098784,56.79678095503571,9.7858144910151,4.379274530592881,1.214839209488327,422.72675053762237,64.79146103257973,0.6098456115369825,390.22386611026985,56.690864031242114,22.85653726768526,16.546660992273477,1.2099871959026889
56013001501,56,013,001501,226.72599231754162,29.944942381562097,5.265044814340589,2.3034571062740077,0.6581306017925737,224.7516005121639,34.22279129321383,0.3290653008962868,207.3111395646607,29.944942381562097,12.175416133162612,8.884763124199745,0.6581306017925737
56013001601,56,013,001601,199.5811099824522,77.29729379548212,3.406189302289617,3.5271161326534095,0.5655009323369038,202.19650613335614,74.33594817100325,0.06274007682458387,187.80186271437788,76.1361222126514,11.079656640432564,5.656122671868158,0.12548015364916773
56013001701,56,013,001701,519.6149982196092,156.79645994490429,9.85592418534873,3.359630599460065,2.36604550852002,519.56944860402,153.84506071180056,1.1892624850879374,490.16894342968124,142.80502662062085,27.70335276545159,15.394001782066656,0.6841598197151594
56013001801,56,013,001801,1022.9157178525247,246.10296155525356,20.934884851480305,7.872827445839251,6.598747412467626,1030.8575640708111,245.20143096732397,2.9454830461589028,978.4869508066876,201.61088029322943,62.50910122453689,25.09253810225271,1.9776702794735785
56013001901,56,013,001901,106.04985321334617,19.470550687028013,0.09219934300886946,1.0553044920292018,0.9940455739641322,101.40585181416198,22.16669090860456,0,99.10886942270582,20.50270471372103,3.0286570660514296,2.024663706250477,0
56013002001,56,013,002001,295.37112305452916,25.128093158660842,3.8577986787593774,6.730769230769231,0.9673608778412272,295.3944127197402,31.841395140521776,0.005822416302765647,273.21498152502517,32.808756018363006,13.508117791960586,9.638674280595678,0
56013002101,56,013,002101,475.38968712809,102.39276230653725,10.351942402598427,4.243763220162108,2.431103985353911,473.5372525512928,109.99339316796635,3.9609906852806693,442.80813119104397,98.33075121300402,29.159155785651663,15.018659565229145,1.9168081239335601
56013002201,56,013,002201,41.64372469635627,1.7368421052631577,2.11336032388664,1.1983805668016194,0.02834008097165992,41.64372469635627,3.935222672064777,0,41.991902834008094,2.9635627530364372,0.3967611336032389,0.2834008097165992,0
56013002401,56,013,002401,54.16514875531269,26.59016393442623,0,0,0,51.210686095932,28.55980570734669,0,51.210686095932,27.57498482088646,0.9848208864602307,0.9848208864602307,0
56015000101,56,015,000101,51,2,0,0,0,49,3,0,50,2,0,0,0
56015000201,56,015,000201,80,11,0,0,0,77,11,0,72,12,1,5,0
56015000801,56,015,000801,351.45020027199126,54.2437164113985,2.5714534462057035,4.998989797536836,3.306557802811006,354.85494344789566,55.0516155842837,0.8435797791600527,346.51228163754274,42.633044611969844,7.49261492501195,14.112914438679939,0.8215501871120583
56015000802,56,015,000802,75.15897755610972,11.54925187032419,0.5330423940149626,1.0660847880299251,0.7107231920199502,75.86970074812967,11.726932668329177,0.17768079800498754,74.09289276807979,9.061720698254364,1.5991271820448878,3.020573566084788,0.17768079800498754
56015000901,56,015,000901,214.14657404068146,45.56310085971946,1.8225240343887783,2.7337860515831673,2.7337860515831673,207.76773992032074,50.119410945691406,3.6450480687775566,197.74385773118243,42.82931480813629,9.112620171943892,14.580192275110226,1.8225240343887783
56015000902,56,015,000902,20.7972764798861,4.424952442528958,0.1769980977011583,0.26549714655173745,0.26549714655173745,20.177783137932046,4.867447686781854,0.3539961954023166,19.204293600575674,4.15945529597722,0.8849904885057915,1.4159847816092663,0.1769980977011583
56015001001,56,015,001001,92.4302741488562,47.68147124742437,4.401136737742611,1.467084033639497,1.1536317588037129e-4,93.89712745614393,52.8161788427807,1.1536317588037129e-4,87.29458596650487,46.94772734504683,5.13493832170809,7.335939302488947,5.7681587940185644e-5
56015001002,56,015,001002,256.63426028921026,79.70826844642195,5.2772710418984055,2.6450871338524284,1.6579903596588803,254.85991842788283,84.4697070819429,2.0258064516129033,237.38909899888765,72.76010381905822,17.97397107897664,11.8128290693363,1.0129032258064516
56015001003,56,015,001003,251.43443235421978,81.1436690148495,3.5621047509228423,1.8363624818763653,3.067050505759476,255.2559765838443,83.3487326698201,0.023409558611136045,240.24200584563354,73.07491706545434,7.195064875553916,14.845346568830331,0
56015001004,56,015,001004,425.84855491212375,155.7010361091749,7.58018165780494,6.292366942570177,2.296269516530999,440.41171869177373,139.1344028578138,3.0087254902023157,435.76715154418514,115.82041167197208,15.889079238499077,12.348622457744893,1.0042815384293338
56015001005,56,015,001005,201.17462611874825,57.40036886540371,2.733350898352558,0.5466701796705116,1.6400105390115347,205.54798755611236,55.76035832639218,0,189.69455234566752,50.840326709357576,6.013371976375628,10.38673341373972,0
56015001006,56,015,001006,304,123.00000000000001,8,2,4,313.00000000000006,111.00000000000001,4,303,101,16,11,0
56015001007,56,015,001007,255,113,9,2,2,252,121,1,243,102,13.000000000000002,13.000000000000002,0
56015001008,56,015,001008,632.2727939529196,141.29120467701443,15.560739579399923,10.815728289341099,3.7042241290947273,649.6623960630955,138.8981254928244,3.348667264886187,626.6374380412648,123.3220405743544,16.03554127583583,24.892068682442968,0.17636362286098872
56015001009,56,015,001009,507.9111970503954,127.55100400637775,10.56879990688569,0.062393820376908306,0,510.80494135597814,122.10668140728512,1.8875669901372665,492.59228275797807,102.98143622440482,19.094048272691843,18.243855508188574,0
56015001010,56,015,001010,134.42094857322314,50.472229422533125,1.208656806303376,1.2247321891566405,1.6127878626305712,132.52715897902738,51.46716877548912,1.6841571572363803,118.51715580762075,46.31723090828711,5.563410247715302,11.983742928262751,0.8063939313152856
56015001301,56,015,001301,147.52743142144638,25.081047381546135,2.0037406483790523,1.0074812967581048,0.004987531172069825,142.53241895261846,29.08229426433915,2.0012468827930174,140.51995012468828,24.06359102244389,0.011221945137157107,10.021197007481296,0.0012468827930174563
56015001501,56,015,001501,204.6411969859899,25.387068303840227,3.1990816387381478,0.7878048780487805,0.7878048780487805,199.82275339095375,31.659891427922876,0.7878048780487805,196.9322405590962,25.643665057835214,4.659146004820723,3.9868865167869285,0
56015001502,56,015,001502,37.34634146341463,4.45609756097561,0.42439024390243907,0.21219512195121953,0.21219512195121953,35.860975609756096,6.153658536585366,0.21219512195121953,35.01219512195122,5.517073170731708,0.8487804878048781,0.6365853658536585,0
56015001601,56,015,001601,204.2887853485261,20.071319832080086,5.376528117359413,1.0377358490566038,3,208.92065322692255,21.627716012363333,0,204.4770494072058,15.318263597361259,3.78239608801956,6.376528117359413,0
56015001701,56,015,001701,113,4,1,2,0,116,4,0,107,4,2,5,0
56015001801,56,015,001801,211.60417097235987,9.697109390080147,0.6690084146215498,0,0,207.92813731387363,11.366117804701696,1.3380168292430996,201.9070615822797,9.028100975458598,2.6760336584861992,7.021075731593948,0.6690084146215498
56015001802,56,015,001802,85.39582902764015,4.302890609919853,0.3309915853784502,0,0,84.07186268612635,4.633882195298303,0.6619831707569004,81.0929384177203,3.9718990245414023,1.3239663415138008,2.9789242684060517,0.3309915853784502
56015002001,56,015,002001,20.516129032258064,4.274193548387097,0,0,0,22.225806451612904,1.7096774193548387,0,21.370967741935484,1.7096774193548387,1.7096774193548387,0,0
56017000101,56,017,000101,605,155,28.999999999999996,9,3.9999999999999996,615,174,3,578,143,40,27,0.9999999999999999
56017000102,56,017,000102,455.5174603174603,156.34285714285716,18.336507936507935,6.7555555555555555,0.9650793650793651,472.8888888888889,150.55238095238096,0,455.5174603174603,128.35555555555555,22.196825396825396,18.336507936507935,0
56017000204,56,017,000204,114.83500717360114,25.738880918220946,1.9799139167862267,0,3.9598278335724535,110.8751793400287,34.64849354375897,0,102.95552367288379,28.708751793400285,5.939741750358681,2.9698708751793403,0
56017000303,56,017,000303,822.4825396825397,144.65714285714287,11.663492063492063,8.244444444444445,2.034920634920635,801.1111111111111,167.44761904761904,1,777.4825396825397,123.64444444444445,36.803174603174604,27.663492063492065,2
560190003-1,56,019,0003-1,333,112,7,2.9999999999999996,2,338,108,0,329,90,17,9,0
560190003-2,56,019,0003-2,204,70,12,0,2,210,70,1,195,71,11,8,0
560190003-3,56,019,0003-3,221.76854001427094,70.86107488002685,4.284524454806191,2.059128984212557,0.13218327440324396,226.71983605499202,68.24346978178772,0,210.37294161973998,61.99536755282866,10.517333569570889,8.043812795588504,0.05287330976129758
560190003-4,56,019,0003-4,219,75,5,2,3,215,84,0,199,77,14,4,0
560190003-5,56,019,0003-5,124.46658675949035,36.66457594465607,4.824286308507378,0.9648572617014756,0,122.53687223608739,43.4185767765664,0,122.53687223608739,33.77000415955165,8.683715355313279,0.9648572617014756,0
560190003-6,56,019,0003-6,165.6780096018482,47.62002671190846,2.9762516694942787,1.9841677796628525,1.9841677796628525,162.7017579323539,49.60419449157131,0.9920838898314263,155.75717070353392,42.65960726275133,10.91292278814569,3.968335559325705,0
560190003-7,56,019,0003-7,207.00546732482164,58.000971626131914,4.000100247140595,1.0000385565925363,2.0000385565925365,217.00554443800672,49.000979337450424,1,209.0052051399924,45.00090222426535,5.000223628236711,5.000123381096116,1.542263701452949e-5
560190003-8,56,019,0003-8,237.89467808812137,65.69476466031804,2.9861256663780926,2.9861256663780926,0,240.88080375449948,63.70401421606598,0,231.9224267553652,52.75488677267963,7.963001777008247,7.963001777008247,0
560190004-7,56,019,0004-7,704.1871114777746,127.15869529398664,12.928721407822096,5.0056857332083995,4.883612376374796,714.1555957901506,128.02886812893638,0.007917107529816636,670.4057704807818,117.81931881789981,28.922825178020492,16.059886754232842,1.9471114639983136
560190004-8,56,019,0004-8,678.9991554004367,159.9998009780116,14.999981341688589,5.9999925366754345,3.99999502445029,699.9991292788008,153.99980844133617,0.9999987561125725,658.9991802781852,133.99983331908473,33.99995770782746,23.999970146701738,0.9999987561125725
560190005-9,56,019,0005-9,86,15,3,0,3,91,16,0,88,12,4,0,0
56019002-14,56,019,002-14,182.0001673912794,27.00003944418955,3.00000369789277,1.0000014791571081,9.861047387677428e-7,185.00017256832928,22.000037965032444,2.0000002465261844,172.0001624607557,23.00003303450875,7.000008381890279,3.0000059166284325,2.465261846919357e-7
56019006-10,56,019,006-10,91.54944761896067,10.98592453900191,2.929578757080756,0,0,87.88746932651462,16.11268768696624,0,85.69027782802492,10.253529526658717,7.323949477285937,1.464795193854484,0
56019008-11,56,019,008-11,268.4505523810393,18.014075460998086,3.070421242919244,0,0,257.11253067348537,23.887312313033757,0,243.30972217197507,16.746470473341283,11.676050522714062,10.535204806145515,0
56019009-12,56,019,009-12,99,3,3,1,0,97,8,0,92,4,5,3,0
56019010-15,56,019,010-15,58.00028394195679,5.0460770881664995e-5,5.206270011600357e-6,2.002411542923214e-6,2.002411542923214e-6,56.00028794677987,1.0000508612531902,0,52.0002703255583,4.685643010440321e-5,3.000011613986949,2.0000064077169375,8.009646171692857e-7
560210001-1,56,021,0001-1,852.991690736901,564.8626311057814,50.935222003955204,16.45507197336561,13.351472192479706,883.276511896063,596.1035893266765,7.18892865231343,809.8703410452426,550.6351969554767,69.40451929112069,53.51870613566045,2.0081142026887773
560210001-2,56,021,0001-2,452.88299336524733,390.58686109011506,40.54192735365751,5.932964978584026,7.910619971445368,464.7489233224154,428.16230595448053,2.966482489292013,437.0617534223566,376.74327614008564,52.40785731082556,25.70951490719745,4.944137482153355
560210001-3,56,021,0001-3,436.85053707495774,414.6376990247272,20.66311212247643,9.069815880770673,10.060354023881258,453.92214439700075,424.48237786937494,7.924305144884683,430.5973630307434,390.18419063251343,35.2112390835844,28.277472081810306,1.9810762862211708
560210001-4,56,021,0001-4,204,257,11,2,8,220,248,7,212,226,26,10,1
560210001-5,56,021,0001-5,340,349,18,10,12,371,345,7,352,325,26,11,2
560210001-6,56,021,0001-6,381.347143521846,432.8537706988226,20.800753283009783,8.914608549861336,3.9620482443828156,430.8727465766312,406.1099450492386,2.9715361832871117,403.1384088659515,390.26175207170735,28.724849771775414,18.819729160818376,1.9810241221914078
560210001-7,56,021,0001-7,188,159,18,5,1,200,165,0,184,156,21,6,0
560210001-8,56,021,0001-8,420,432,33,14,8,463,431,3,414,412,46,25,1
560210001-9,56,021,0001-9,289,202,21,8,7,317,200,2,274,195,21,28,1
560210002-1,56,021,0002-1,279.652856478154,216.14622930117739,8.199246716990219,4.085391450138665,7.0379517556171844,312.1272534233688,196.8900549507614,0.02846381671288827,284.8615911340485,190.73824792829265,18.275150228224586,17.180270839181624,0.018975877808592178
560210002-2,56,021,0002-2,452.0001440137327,291.0000570918639,21.000005531391658,9.000002173046722,6.00000098774851,501.00015211327053,276.00005531391656,1.0000009877485099,477.00014460638187,255.0000491898758,19.00000908728629,25.000004741192846,2.000000395099404
560210002-3,56,021,0002-3,510.5036619059142,394.04845065029343,19.03793427130173,5.113802813905191,12,584.807136076328,344.8587792937848,7,566.807136076328,317.7829107511813,26.03793427130173,16.03793427130173,3
560210002-4,56,021,0002-4,310,253,7,11,2,355,224,2,353,211,13,7,0
560210002-5,56,021,0002-5,520,396,22,12,9,575,381,6,560,345,26,18,2
560210002-6,56,021,0002-6,1249.09056470424,726.4313780807734,32.44824756320542,24.214379269359114,15.09744512243596,1402.909103732702,628.1000646644911,9.136423171410346,1329.3439220225735,608.6907951502601,65.56518171012857,21.506714636666995,6.058467073461577
560210002-7,56,021,0002-7,685.9333333333334,495.8,29,15,7,742.3333333333334,473.40000000000003,3,670.9333333333334,464.8666666666667,45.93333333333334,36,3
560210002-8,56,021,0002-8,111.30994745430927,65.19392698532877,2.018449435217279,3.007176654254156,0.004270312202450517,120.32635304242878,57.20297330118719,1.0032462805252087,114.30516723439655,51.180933430714475,4.030066370910637,5.016231402626044,2.0022222488479673
560210002-9,56,021,0002-9,387.2430293491078,241.58297879645153,22.07060789513448,9.039472423549146,5.012692988816932,408.3792934701627,250.52304257753497,4.0264394962587104,382.3241444236077,223.41785769036233,36.131084988773495,20.0346585004321,2.997777751152033
560210003-1,56,021,0003-1,399,296,15,13,6,425,299,3,392,270,33,24,1
560210003-2,56,021,0003-2,280,207,15,7,3,292,216,1,275,186,30,16,0
560210003-3,56,021,0003-3,283,200,16,9,1,301,204,4,269,197,27,14,4
560210003-4,56,021,0003-4,360.59823030072124,296.0751374355634,11.116930643764768,8.128777176072306,3.0585588998891295,390.9608687643231,279.93492547041325,1.0351652848956363,376.5858971627786,255.74807600008685,24.36286305081803,12.187298644758739,2.023393614993493
560210003-5,56,021,0003-5,565.3903223664835,382.7667563439673,26.98659301955625,8.158508691780298,3.066382200116375,593.2364976401951,380.7554731300629,3.288508302476784,549.766292660308,362.89803410762255,37.72616125878512,23.879140371492888,1.0406379085688258
560210003-6,56,021,0003-6,538.1244868594385,306.04668257228946,14.00359096709919,11.003590967099191,4.001196989033064,548.1220928813725,317.05386450648786,6.002393978066126,527.1185019142732,283.0526675174548,31.00359096709919,18.00359096709919,4
560210003-7,56,021,0003-7,370.5619457924224,247.9862526725709,9.429129816620568,10.371889330351562,4.714471330303538,399.79209475601516,236.6711920852587,2.8286528532199644,369.6196728843265,221.5843448189685,29.229924376376506,15.086398091857799,1.885818477083574
560210003-8,56,021,0003-8,478,293,28,5,4,504,299,1,458,267,41,27,0
560210003-9,56,021,0003-9,820,512,36,11,9,869,495,11,800,452,66,48,1
560210004-1,56,021,0004-1,108,29,1,0,0,108,29,0,100,26,6,5,0
560210004-2,56,021,0004-2,557.4744110189195,185.58146065581656,18.03625199445874,7.024237354474411,1.999972317988023,577.3767961237993,183.6423243297466,4.024278925018161,535.3287106739465,167.52087383369013,25.13349291310434,28.072614336759113,2.999958302720823
560210004-3,56,021,0004-3,26.998393694622926,0.9999405072082566,0,0,0,26.998393694622926,0.9999405072082566,0,26.998393694622926,0.9999405072082566,0,0,0
560210004-4,56,021,0004-4,626,203,16,7,3,655,192,2,602,190,25,23,4
560210004-5,56,021,0004-5,51,7,3,1,2,53,10,0,57,5,2,0,0
560210004-6,56,021,0004-6,1176,399,18,10,9,1214,383,6,1190,332,48,33,3
560210004-7,56,021,0004-7,733.4169288409015,293.1656761612875,28.193788553882303,11.098394721645592,5.094617422726352,774.6122543827848,284.22928282805725,5.075817415430652,736.3943929722373,252.89822371782392,46.33620710695198,24.269669885656548,2.018923255311712
560210004-8,56,021,0004-8,591.9897594598899,324.03899620272614,24.346668701464115,11.603393058423672,8.706953481150327,602.7809964297014,350.06568254737743,4.843028659221538,562.917963526359,318.1713380127341,35.99975106915784,37.70421545077612,0.030615739787759253
560210004-9,56,021,0004-9,866.8174386920981,357.51226158038145,22.96866485013624,15.978201634877385,6.990463215258855,868.8147138964578,383.4768392370572,9.986376021798366,796.9128065395096,350.5217983651226,58.91961852861036,46.93596730245232,5.991825613079019
560210005-1,56,021,0005-1,480.3253654769369,153.19018857803542,11.859885567331775,9.88323797277648,4.94161898638824,482.3020130714922,174.93331211814368,1.9766475945552957,450.67565155860746,152.20186478075777,34.591332904717675,21.743123540108254,0
560210005-2,56,021,0005-2,708.8564669316627,323.54444548748086,22.55006741276382,10.784814849582695,4.902188567992134,750.0348509027966,306.8770043563076,6.8630639951889885,721.6021572084422,286.28781237074065,28.43269369435438,25.4913805535591,2.9413131407952804
560210005-3,56,021,0005-3,1020.3830257053388,337.5171920321913,21.704977187569725,11.264366445338649,9.352488593784862,1063.1454686742632,329.54784839928294,5.176244296892431,1014.497957268048,298.66662691482077,38.5287328906773,35.35248859378486,2.1762442968924316
560210005-4,56,021,0005-4,1638.1108988863189,495.5175915338792,37.97645258167903,26.562205898618487,16.749384340464058,1682.7677919945402,513.5514240196529,8.540306924810647,1628.2148434900053,441.5450535002325,86.71506658400433,40.80193285926176,4.551251753047642
560210005-5,56,021,0005-5,121.21839558303688,65.9321214907951,3.317300145500509,1.1628382227505143,2.011366271771091,125.62763521424299,66.93897676263241,0.07003732731117032,122.00740169676855,58.73414171551448,4.575182907236225,5.220239181382101,0.02504646672771792
560210006-1,56,021,0006-1,861,129,30,5,12,865,156,7,825,129,37,34,1
560210006-2,56,021,0006-2,694,104,21,10,3,693,135,1,663,110,19,33,1
560210006-3,56,021,0006-3,712,145,6,8,5,738,140,0,695,130,25,25,0
560210006-4,56,021,0006-4,117,8,0,1,0,112,10,2,107,9,1,6,1
560210006-5,56,021,0006-5,165,15,2,1,2,171,14,0,158,17,4,4,0
560210007-1,56,021,0007-1,60.08838646576576,37.84618808338406,8.081618611679444,1.5423734213859577,1.4675103706083423,62.281153438108866,46.56664204817431,0.10017001306870456,56.8644138831893,40.408403878049675,5.781234706318355,5.151659262920978,0.07629846370751987
560210007-2,56,021,0007-2,9.066666666666666,3.1999999999999997,0,0,0,10.666666666666666,1.5999999999999999,0,9.066666666666666,2.1333333333333333,1.0666666666666667,0,0
560210007-3,56,021,0007-3,114.83829274199826,48.3130357050439,3.251972294474528,3.2973662484359947,1.15964735476062,114.38015014489714,53.364373767226034,2.001537031790975,110.12951086327035,51.70539291888928,4.205245327665324,3.524336018243327,0.0907879079229329
560210007-4,56,021,0007-4,244.22385465833185,123.49432650647724,6.451196160786124,4.607997257704374,1.8431989030817497,232.24306178830048,139.1615171826721,5.529596709245249,213.81107275748298,120.72952815185461,21.19678738544012,20.275187933899247,0.9215994515408749
56021001-10,56,021,001-10,386.64910943342966,308.32760945333314,31.835760038500396,10.566516391103272,5.5084270730838725,394.4192378777418,339.21374538301234,5.096909152583916,358.13885652924984,306.0181095696691,50.02166637502804,21.283204560886638,2.986771138473869
56021002-10,56,021,002-10,231.66994265875863,98.50698439955443,7.296707836461037,2.7364394357195434,3.647877715787042,249.91057669023834,88.47508257991832,1.8242685365082354,253.55596350093643,79.35476556417848,5.473391704839754,3.6494162159890426,1.8239754888507114
56021002-11,56,021,002-11,408.8449603285897,255.40457091442406,20.00804787650577,9.997923726354392,6.015834829128418,427.8666362986367,265.40249464077846,3.9942893210229613,391.8814311380391,226.36057037042866,46.98170121720775,25.02531037537845,2.995716990767221
56021002-12,56,021,002-12,670.7614654651524,403.644067713543,34.62632933817158,15.829179126021295,6.925265867634316,715.2810317570872,408.59068619042466,4.946618476881655,653.9429626437548,370.00706207074774,56.39145063645086,33.63700564279525,1.9786473907526618
56021002-13,56,021,002-13,601.622201819804,418.24233409945754,20.95926530947038,10.963409847070498,4.030569730446792,637.5190502174415,406.3418265274423,6.959369098000295,619.5388928634334,376.2994347222323,37.89051387942103,12.066554897386052,5.891517523991569e-4
56021003-10,56,021,003-10,432.6159325663577,250.89036409266018,28.805575501882295,9.999968496890824,6.977115225576389,460.31862896843853,267.9474673429925,1.0114282108126762,415.4673784270366,237.03901589161973,32.034193273421415,32.87415106738019,1.9771309771309773
56021003-11,56,021,003-11,158.87704430541945,83.5788916145323,7.198376278040946,3.198376278040946,1.0661254260136486,170.74479345339216,78.97564417061419,1.1322508520272971,165.54641717535122,69.90951874460053,9.198376278040946,6.198376278040946,0
56021003-12,56,021,003-12,427,244,17,5,4,449,243,3,408,229,41,14,1
56021003-13,56,021,003-13,458.9478030703866,244.40185579542526,17.358086349106905,5.55458763171421,8.331881447571316,475.6115659655293,248.5677965192109,3.471617269821381,459.6421265243509,206.21406582739004,41.65940723785658,14.5807925332498,3.471617269821381
56021004-10,56,021,004-10,201.51460032270998,47.415639038014646,2.96356333296455,1.9756392875648832,2.7840431260077692e-5,193.61271134280068,52.35446581272207,1.975597526917993,189.66104300163326,42.47653385899462,10.865828158695852,5.927015304204059,4.176064689011654e-5
56021004-11,56,021,004-11,63.20776795009451,51.71544650462278,0.9576934537893108,2.8730803613679323,0,70.869315580409,46.92697923567623,0,70.869315580409,45.011592328097606,0.9576934537893108,0.9576934537893108,0
56023000101,56,023,000101,501.6679920477137,81.99005964214712,12.043737574552683,5.095427435387674,1.8528827037773359,490.5506958250497,98.66600397614314,0.46322067594433397,454.4194831013916,94.96023856858847,24.5506958250497,15.286282306163022,0
56023000102,56,023,000102,276.6709741550696,45.21769383697813,6.642147117296222,2.8101391650099403,1.021868787276342,270.53976143141153,54.41451292246521,0.2554671968190855,250.61332007952285,52.37077534791253,13.53976143141153,8.43041749502982,0
56023000103,56,023,000103,304.6610337972167,49.79224652087475,7.314115308151093,3.0944333996023854,1.125248508946322,297.90954274353874,59.91948310139165,0.2813121272365805,275.9671968190855,57.66898608349901,14.909542743538767,9.283300198807156,0
56023000104,56,023,000104,272,55,7,1,3,270,62,1,260,59,9,3,2
56023000106,56,023,000106,134.7926772382875,11.03416142809868,3.99561953494081,1.0075315811007597,0.03538995281303718,133.77339889631557,12.040293429073476,0.023126775166704052,128.7171797025986,13.045725639985292,0.03450678946222891,2.0502697417267295,0
56023000107,56,023,000107,65,7,1,1,1,64,8,1,54,10,4,4,0
56023000108,56,023,000108,289.7970608817355,12.990902729181245,3.9972008397480754,2.9979006298110566,0.9993002099370188,294.7935619314206,13.990202939118264,0,269.8110566829951,13.990202939118264,7.994401679496151,14.989503149055283,0
56023000201,56,023,000201,895.1023684154577,102.38771954020864,19.106763351651654,10.039333866397978,13.056191237711397,934.3215142425321,97.28657531232813,4.01123824754228,873.956271197408,88.3259091787261,23.11800159919393,35.21352670330331,3
56023000202,56,023,000202,321.4114301000456,27.948820008699617,3.9926885726713737,2.9945164295035305,0,324.4059465295491,25.95247572236393,0,307.4370200956958,23.956131436028244,6.987205002174904,9.981721431678434,0
56023000203,56,023,000203,685,379,25,11,8,731,359,1,691,344,27,21,1
56023000204,56,023,000204,486,58,8,2,5,492,57,0,473,47,14,10,0
56023000205,56,023,000205,788,148,11,8,6,817,134,4,761,135,31,23,4
56023000206,56,023,000206,546,59,3,3,3,546,58,2,521,56,8,16,1
56023000207,56,023,000207,1080.4862014844969,68.66346045109175,18.900548075676973,6.966149704098492,9.943808762288604,1119.2725392279187,50.760948965307946,1.9887617524577208,1054.6067087068961,57.717959385245656,20.894793398631165,37.80475186501826,0
56023000208,56,023,000208,599,66,12,0,9,615,62,0,583,62,18,14,0
56023000209,56,023,000209,NA,NA,NA,NA,NA,NA,NA,NA,NA,NA,NA,NA,NA
56023000210,56,023,000210,983,321,21,8,9,1036,289,4,968,294,34,26,0
56025000101,56,025,000101,364,208,25,7,4,336,235,6,321,192,36,29,2
56025000102,56,025,000102,312.2260052832404,234.41796301731728,14.051658350454947,6.0234810683886115,5,304.08981508658644,253.5024948635163,2.0328734957440564,287.0005870267097,212.34751981215146,28.126797769298502,22.159671265042558,3.009392427355445
56025000103,56,025,000103,448,344,27,4,8,459,357,5,441,311,41,18,1
56025000104,56,025,000104,563,369,31,13,6,590,365,3,592,304,38,19,3
56025000105,56,025,000105,274,274,21,7,3,292,268,4,307,227,24,4,1
56025000106,56,025,000106,869.9592286550543,346.78787121644774,43.84674233771178,10.961685584427945,8.968651841804682,863.9801274271845,389.6380966828479,7.972134970493052,835.0811381591471,301.9446120074243,69.7561809918142,37.867641109842,2.9895506139348944
56025000107,56,025,000107,324,160,21,7,4,314,187,2,303,150,30,16,1
56025000109,56,025,000109,895.452092937244,261.54580577440845,26.03495307914931,9.02957568235711,11.005377396792202,907.4090737629065,265.5726927583695,6.008066095188303,900.3445450014,209.47589961610987,48.09141574546743,25.08872704707133,3.002688698396101
56025000111,56,025,000111,478,180,16,6,2,502,169,1,499,133,22,17,1
56025000112,56,025,000112,253,115,20,3,1,263,120,0,238,110,20,12,0
56025000201,56,025,000201,609.2249618783894,273.89615040256723,26.232393539719972,11.076314031636418,3.057512914511082,601.9908349509659,298.2239214742103,3.0518926147652925,579.5804367469807,253.72087973365078,44.54950902090654,19.37157236930267,0.015589309658636667
56025000202,56,025,000202,456,225,23,8,5,440,253,9,403,220,37,30,4
56025000203,56,025,000203,426,167,31,6,1,416,189,4,399,152,46,15,2
56025000204,56,025,000204,383,184,21,1,3,382,195,2,360,165,34,18,1
56025000206,56,025,000206,938,294,35,10,9,965,289,10,947,239,49,25,4
56025000207,56,025,000207,1022.8199643431383,285.38356162941517,30.898520389516936,9.693086380752622,4.8305247187432405,1002.4903468622376,310.50602071264353,3.8738216711594324,964.7333838727143,238.1115943867264,60.917292287390374,37.73291586007691,1.9378308833945754
56025000208,56,025,000208,1210.1339322351623,305.63606263833424,30.970921302691,10.984743598772832,6.984920488975612,1182.1901597034885,342.55470371567225,4.990916915344811,1122.3338683715456,273.6047995198513,75.8699126621276,48.91034996113636,1.997883796427449
56025000209,56,025,000209,490.078255828848,108.62015786867363,22.87946773859268,4.975844013224655,0.006932980050341235,485.08352376063976,121.57280317326716,1.9930642294444685,458.19113904290396,90.7354462835623,36.84143925576158,18.900505099081734,1.9921087868607363
56025000210,56,025,000210,685,265,32,11,11,712,277,7,708,203,53,26,5
56025000302,56,025,000302,520.939280344376,230.53499127003968,20.350338064993128,8.722391935463403,6.772942207346243,493.7644358926567,271.224208693497,4.8578685988157,478.22899627699604,217.91369987834196,35.877183650757175,28.156731007358424,1.9408556982205056
56025000303,56,025,000303,635,281,26,6,3,633,290,5,593,262,54,20,1
56025000304,56,025,000304,851.0407713449457,299.21212878355226,37.15325766228822,7.038314415572054,9.031348158195318,844.0198725728155,337.3619033171521,2.0278650295069482,796.9188618408529,279.0553879925757,55.243819008185795,36.132358890158,2.0104493860651056
56025000305,56,025,000305,543,207,14,4,1,527,226,2,522,176,33,21,2
56025000306,56,025,000306,601.5859872611466,235.71974522292996,15.898089171974522,7.229299363057325,9.32484076433121,644.7197452229299,204.19745222929936,6.1528662420382165,647.5541401273886,168.36305732484075,30.949044585987263,9.012738853503185,2.0764331210191083
56025000308,56,025,000308,1005.4140127388534,396.28025477707007,46.101910828025474,11.770700636942676,16.67515923566879,1012.28025477707,420.80254777070064,7.8471337579617835,952.4458598726114,326.6369426751592,100.05095541401273,51.98726114649681,3.9235668789808917
56025000309,56,025,000309,427,161,13,3,9,434,164,1,417,140,30,17,1
56025000310,56,025,000310,2014.479064544512,632.8351889965569,43.237510359697474,18.670842053509762,27.514550773933884,2049.85380745043,619.0790479775236,11.792051067062292,2030.1994794670734,502.1413180891134,90.40620516543143,39.30739896440897,4.913352056393221
56025000401,56,025,000401,676.9764375448979,204.34139609577247,24.615653283904432,9.88922724687722,5.904120787386019,633.6605093390839,254.537852375848,8.844923606470191,611.7481351652757,200.31099787856388,55.29374209198303,22.855043139394237,2.9520741547078524
56025000402,56,025,000402,1014.5477592711078,123.82402727283109,19.146912041979732,11.439965102150126,4.581328438680096,983.4887450362885,159.38383586092252,5.363073490019468,945.0553164638126,110.5481931898719,56.30023851628592,35.83779183344913,2.1345875499137685
56025000501,56,025,000501,53,15,0,0,1,49,15,0,51,15,2,1,0
56025000701,56,025,000701,124.67954189429308,17.078787466004993,2,6,1,114.66969346104246,35.078787466005,0,110.6893903275437,22.0393937330025,6.019696866501248,7.009848433250625,1
56025000702,56,025,000702,68.32045810570692,7.921212533995005,0,0,0,67.33030653895754,7.921212533995005,0,69.3106096724563,3.9606062669975026,1.9803031334987513,0.9901515667493757,0
56025000801,56,025,000801,1071.4863169273756,261.1546120884867,40.13633787007198,12.720454560249117,9.78340314500183,1035.2033903530373,323.7998879820201,10.775967798645535,984.0395703036938,246.63702758702877,82.41278234514188,53.770595596327844,1.9902151439560694
56025000802,56,025,000802,233.89673339533897,57.89305362962895,5.511160680472825,1.4904411242251965,1.2697080034604016,228.83475078454882,65.44397609118595,1.2510236133122923,215.3143136853163,59.822990275809474,15.77044092346219,4.03675066962029,1.0484846427487589
56025000803,56,025,000803,494.6054770024043,97.78652008754595,11.875190117142864,5.336968131840583,0.30361911044990547,464.7300285240977,117.44268437299229,7.170111346596653,445.01999394137624,82.41347844004247,28.549015331243034,34.991202648869546,2.0583887070063214
56025000804,56,025,000804,910.276642264176,139.05194337871657,15.006419968155981,7.002918167343628,0,880.2597168935829,168.06244878115365,4.0040854342810785,848.2486278576771,128.0431888766857,36.01575810365559,30.01984353793667,4.001167266937451
56025000805,56,025,000805,1074,162,27,9,4,1030,212,5,977,160,68,42,0
56025000901,56,025,000901,907.66081670966,202.0307152315806,13.045187742241984,10.941408339165015,1.9832601392509088,891.7612580223678,212.03405761837618,2.98828123819037,867.7813574556177,176.12781415749274,33.96315640957457,32.85100707612306,1.005021098939461
56025001101,56,025,001101,123,4,3,0,0,117,12,0,116,4,8,3,0
56025001102,56,025,001102,124,22,0,3,0,125,22,0,121,22,5,2,0
56025001103,56,025,001103,219,54,5,1,0,217,57,2,212,48,8,6,1
56025001104,56,025,001104,113,7,2,0,1,108,10,2,96,9,4,10,2
56025001202,56,025,001202,284,89,13,3,2,287,96,3,277,89,14,4,0
56025001301,56,025,001301,84,19,0,0,0,80,19,2,76,17,2,5,0
56025001302,56,025,001302,72,1,0,1,0,69,4,0,66,1,1,4,0
56025001401,56,025,001401,22,1,0,0,0,22,1,0,22,1,0,0,0
56025ZZZZZZ,56,025,ZZZZZZ,0.19625949012919502,0.04785061812499164,0.007375471214754351,0.0023385640437025993,0.0017988954182327685,0.18960357708173378,0.05936354880168136,0.0019787849600560454,0.18024932090692342,0.04515227499764249,0.015110721513155255,0.009893924800280226,3.597790836465537e-4
56027000102,56,027,000102,58,0,0,0,0,56,0,0,57,0,1,0,0
56027000302,56,027,000302,79,1,3,1,0,83,1,1,73,1,4,6,1
56027000401,56,027,000401,94,3,1,0,0,94,3,0,86,4,1,4,0
56027000601,56,027,000601,289,34,9,5,1,290,42,1,268,42,11,9,1
56027000602,56,027,000602,467,109,6,3,1,477,99,1,449,91,9,28,0
56027000701,56,027,000701,131,8,2,2,1,133,11,0,120,7,5,11,0
56029000101,56,029,000101,NA,NA,NA,NA,NA,NA,NA,NA,NA,NA,NA,NA,NA
56029000201,56,029,000201,930.3727955297107,226.09645474002255,21.007700394411142,4.000612130050631,11.006170069284565,952.3969428041887,198.07847355201397,5.001945876154165,901.3714274421799,180.07477439591344,33.01142592630844,32.014342749132055,5.000056734408762
56029000202,56,029,000202,658.2168798419576,227.56759567831864,20.046524235927755,6.004652423592776,9.034893176945817,695.3448214907589,198.46756857107394,4.011631058981939,632.1982701475864,186.44198024131367,43.06978635389164,25.08374362466996,1.0023262117963878
56029000301,56,029,000301,620.2318824816218,128.2920114061688,13.844461662536201,4.614820554178734,4.614820554178734,638.6911646983367,118.13940618697558,4.614820554178734,597.1577797107282,113.52458563279684,28.611887435908148,21.228174549222175,0.9229641108357467
56029000302,56,029,000302,957.7937619120784,244.85264992366527,20.110902633588466,2.052473000464987,15.01258588471195,1012.8576374007313,201.8566956920279,5.04014840241815,949.5476430246824,190.82565464001732,30.251892433297495,36.15161068006576,1.0083621213057008
56029000401,56,029,000401,1036.2998512825006,233.61694637685275,6.988635596031934,3.993435928024246,4.991887881234478,1043.2887471979043,217.6429423453841,2.995102977955352,986.3820286230352,193.68233421493494,24.959104709837376,49.91803091496274,7.437696333583835e-6
56029000402,56,029,000402,199.23196661830468,41.08091827444045,2.989272903264577,1.9917521109483147,1.0008102660004732,200.23606635798936,39.06942932138687,0.9975207923162626,187.23869079472004,30.096676401066823,5.0040513300023655,15.963622150744412,0
56029000601,56,029,000601,494,67,7,4,2,493,63,2,465,57,16,14,2
56029000702,56,029,000702,53,12,1,0,0,51,13,0,48,13,2,2,0
56029000801,56,029,000801,127,17,0,1,1,131,14,1,124,13,3,4,0
56029000802,56,029,000802,159,34,4,0,1,159,35,0,152,33,7,3,0
56029000803,56,029,000803,123.83528104326031,17.976108516002117,2.9960143047266086,2.9960110113591543,2.7444728787943782e-6,124.83396132147067,20.972111293942636,9.148242929314594e-7,125.83262000982772,15.978758205613463,5.4889457575887564e-6,1.9973470170212004,1.8296485858629187e-7
56029000901,56,029,000901,270,123,8,3,8,275,120,3,263,110,11,11,3
56029000902,56,029,000902,286.00000000000006,73,13.000000000000002,4,2,302,75,1,278,68,19,5,2
56029000904,56,029,000904,379,160,17,5,4,396,156,3,361,150,23,13,0
56029000905,56,029,000905,384,118,14,4,8,417,105,1,408,92,12,7,0
56029000907,56,029,000907,707,219,33,9,4,730,217,4,676,191,47,30,5
56029001001,56,029,001001,NA,NA,NA,NA,NA,NA,NA,NA,NA,NA,NA,NA,NA
56029001002,56,029,001002,762.5160202360877,125.929173693086,15.865092748735245,7.9325463743676226,5.949409780775716,790.2799325463743,112.04721753794267,1.9831365935919056,738.7183811129848,102.13153456998313,25.780775716694773,30.738617200674536,0.9915682967959528
56029001102,56,029,001102,55,15,0,0,1,56,14,0,56,10,0,4,0
56029001601,56,029,001601,NA,NA,NA,NA,NA,NA,NA,NA,NA,NA,NA,NA,NA
56029002101,56,029,002101,640.3417875766958,72.83892231375079,14.06322524431749,1.027630385857592,0.01780341304389116,637.3736439711515,80.77027239065963,2.0177989251834347,597.9971450541808,73.73281503198834,18.238155742706002,22.199873228091786,5.003560682608779
56029002301,56,029,002301,345.68507919607373,44.44536317615003,2.0659360056443616,1.3712422366428083,0.3642102909088711,343.21497301522203,40.66684955560975,0.3304834780926822,318.17023593828173,38.288575373233,15.035859738985627,13.58605760098468,0.07115571754096478
56029002401,56,029,002401,540,232,16,7,5,552,217,3,518,206,26,29,2
56029002402,56,029,002402,337,132,9,4,3,360,116,4,331,109,22,16,1
56029002403,56,029,002403,163,48,8,1,1,165,47,1,146,44,9,9,1
56029002501,56,029,002501,454,211,11,4,7,487.99999999999994,178,4,472,165,20,12,1
56029002502,56,029,002502,345,139,0,3,2,376,105,1,356,94,10,17,0
56029002503,56,029,002503,413.47286184210526,98.30345394736841,5.022203947368421,3.014802631578947,5.0074013157894735,418.48026315789474,87.28865131578947,6.0074013157894735,401.38404605263156,76.2220394736842,15.037006578947368,16.11842105263158,2.9999999999999996
56031000014,56,031,000014,17.397637795275593,2.7283464566929134,0.24803149606299213,0.14173228346456693,0.07086614173228346,17.397637795275593,3.0118110236220472,0.03543307086614173,16.12204724409449,2.763779527559055,0.38976377952755903,0.8858267716535433,0
56031000101,56,031,000101,291,80,6,5,0,297,81,0,272,71,17,17,0
56031000102,56,031,000102,261,94,3,2,0,279,76,0,250,82,10,12,1
56031000103,56,031,000103,461,152,18,10,1,491,142,2,438,127,26,29,1
56031000104,56,031,000104,322,96,3,5,1,336,92,0,296,99,10,19,0
56031000106,56,031,000106,473.6023622047244,74.27165354330708,6.751968503937007,3.858267716535433,1.9291338582677164,473.6023622047244,81.98818897637796,0.9645669291338582,438.87795275590554,75.23622047244095,10.61023622047244,24.114173228346456,0
56031000201,56,031,000201,548,142,13,9,3,552,159,1,477,156,27,42,1
56031000301,56,031,000301,57,25,1,3,3,61,24,0,59,21,1,6,0
560310006-2,56,031,0006-2,148.1244167962675,26.541213063763607,0.05598755832037325,1.0373250388802489,0.0933125972006221,146.9751166407465,23.765163297045103,1,136.63919129082427,26.63452566096423,3.223950233281493,3.1493001555209954,1
56031000601,56,031,000601,216.8755832037325,28.458786936236393,2.944012441679627,1.9626749611197511,4.906687402799378,209.0248833592535,40.2348367029549,0,191.36080870917573,33.36547433903577,11.776049766718508,7.850699844479005,0
56031000901,56,031,000901,60,10,1,2,1,60,12.999999999999998,1,54.99999999999999,15,0,4,0
56031001001,56,031,001001,173,30,4,0,1,173,35,0,167,32,3,6,0
56031001201,56,031,001201,554,73,3,5,3,554,71,4,515,64,12,26,3
56031002001,56,031,002001,315,56,3,1,1,312,56,0,277,63,10,18,0
56033001-01,56,033,001-01,437.5091268567882,117.17307069166681,15.119105895698944,6.614608829368288,5.669664710887104,455.4630651079307,110.55846186229853,3.779776473924736,388.3720326957666,120.00790304711037,36.852820620766174,18.89888236962368,0.944944118481184
56033002-01,56,033,002-01,426.63850837138506,126.33942161339421,12.633942161339421,3.887366818873668,6.802891933028919,440.2442922374429,120.5083713850837,0.971841704718417,410.117199391172,111.76179604261796,19.43683409436834,11.662100456621005,1.943683409436834
56033002-02,56,033,002-02,284,178,11,2,4,312,162,0,292,146,19,10,1
56033002-03,56,033,002-03,633.2238429444678,245.40782597847834,18.808628998350528,8.060840999293085,3.582595999685815,657.4063659423471,236.4513359792638,6.269542999450176,628.7455979448605,209.58186598162018,34.03466199701524,19.704277998271984,1.7912979998429075
56033002-04,56,033,002-04,492.63329991267506,212.6329903480523,26.04851385879233,6.020791653768141,4.0092407350080626,525.6956748739794,195.60988851053213,1.0161712862641095,492.621748993915,176.54058299797165,25.087786982576596,23.050824042544345,0.004620367504031271
56033002-05,56,033,002-05,804,390,22,10,8,881,330,5,834,308,43,18,2
56033003-02,56,033,003-02,199,187,6,2,2,220,171,4,194,175,12,6,2
56033003-03,56,033,003-03,119.3639344262295,60.77704918032787,1.0950819672131147,1.6426229508196721,0.5475409836065573,124.29180327868852,53.11147540983607,0.5475409836065573,118.2688524590164,48.18360655737705,4.380327868852459,6.022950819672131,0
56033003-04,56,033,003-04,518,193,22,4,5,536,189,4,513,172,30,14,0
56033003-05,56,033,003-05,644.1700563689207,253.88464354571065,20.90814711552911,7.965008424963471,5.973756318722603,680.0125942812563,232.9764964301815,0.9956260531204338,655.1219429532455,199.12521062408675,37.83379001857649,12.94313869056564,0
56033004-02,56,033,004-02,534.9438512040092,233.93912840279825,27.26565848990174,4.876827276242924,2.9345867004235906,566.0250068762923,203.8821576101614,1.9634664125139236,522.0911097167168,191.1196259288209,34.190855525436945,24.39474929956192,0.021225836694589592
56033004-03,56,033,004-03,637.2313721351173,193.04506681825634,30.001471727055158,6.001313068361154,7.000117020101732,659.2441101198315,188.03491727950984,5.999615196777618,589.2488824693564,180.03090269291692,39.00513920118043,33.99498966243394,1.9993057750646936
56033004-04,56,033,004-04,151,60,5.999999999999999,5.999999999999999,1,158,58,1,139,56,11.999999999999998,7,1
56033005-01,56,033,005-01,137.62031654877083,36.38125405964643,4.436993082656131,2.190504182294734,0.1679541541999887,139.14945020493485,39.17714405000523,0.11196943613332579,133.1728773754455,34.47067346768502,7.075375009484169,4.548962518789457,0.027992359033331447
56033006-01,56,033,006-01,517.0853292865788,128.07088925615997,13.586584220231419,3.880988630863583,2.9116092543168204,540.3664014972131,114.49298284761988,1.9415356528347512,518.0383943771459,106.73239403576333,21.347520144555627,7.769613736015536,6.942249353063505e-4
56033007-01,56,033,007-01,242.19553491904216,72.05510086247322,6.001950473007902,3.000975236503951,2.000975236503951,252.19407206428622,67.05266277121335,3.002438091259877,236.18870826351448,62.04729897044162,11.005851419023704,8.003900946015804,0
56033008-01,56,033,008-01,515,194,10,0,3,518,189,1,486,168,27,19,1
56033009-01,56,033,009-01,51,6,0,0,0,51,6,1,46,7,0,4,1
5603301-01s,56,033,01-01s,12.821063802441573,3.432609151598912,0.44231725230094404,0.19409510366498747,0.16238113491290723,13.337595952799077,3.250140163600414,0.10825408994193815,11.406784963796484,3.5091492727887696,1.0694287157336841,0.5505713422428822,0.027063522485484538
56033010-01,56,033,010-01,154.79497354497354,16.977513227513228,0.9986772486772486,0.9986772486772486,0,155.79365079365078,14.98015873015873,0,146.80555555555554,16.977513227513228,1.9973544973544972,4.993386243386243,0
56033011-01,56,033,011-01,656.993539612185,156.781634206177,13.677766930254707,3.8300421661323356,3.7341102729987212,659.6645807238589,163.33171208639732,3.6539362513167415,618.7163887497893,139.6079657896195,35.38740099260346,20.44549622752204,3.532953729868878
56033012-01,56,033,012-01,1194,388,23,11,6,1236,362,9,1207,328,39,28,4
56033013-01,56,033,013-01,403.02458735337314,114.07532836797675,4.01841762123444,2.029576904859562,2.00920881061722,400.1177066322196,108.93518979954024,5.007745955861294,389.01104591465844,97.84889717622144,12.075620957945663,8.108123572317078,0
56033016-01,56,033,016-01,230,39,4,2,1,233,35,0,225,29,7,6,0
56033017-01,56,033,017-01,409,85,6,3,3,412,81,0,393,71,16,12,0
56033017-02,56,033,017-02,296.61857142857144,57.27285714285714,5.128571428571429,0.06428571428571428,5.012857142857143,297.6957142857143,60.23428571428571,1.0257142857142858,283.49,53.13142857142857,9.218571428571428,11.115714285714287,0.025714285714285714
56033018-01,56,033,018-01,52.97677793904209,8.13642960812772,3.01088534107402,0.007982583454281567,0.009433962264150943,51.99854862119013,10.124818577648766,0.0050798258345428155,45.939042089985485,10.119013062409289,3.025399129172714,4.037010159651669,0.002902757619738752
56033019-01,56,033,019-01,259,54,2,4,1,263,48,1,254,42,4,8,0
5603302-01s,56,033,02-01s,12.410984420614302,3.673644483693621,0.3676416080045587,0.11342506579832197,0.19710806697108066,12.805596496892457,3.5058825390121093,0.02815829528158295,11.931105573819405,3.250478169797887,0.5655415596476295,0.33948331272297577,0.0563165905631659
5603302-03s,56,033,02-03s,72.14285714285714,27.95918367346939,2.142857142857143,0.9183673469387755,0.40816326530612246,74.89795918367346,26.93877551020408,0.7142857142857143,71.63265306122449,23.877551020408163,3.8775510204081636,2.2448979591836737,0.20408163265306123
56033020-01,56,033,020-01,416.95589051383075,94.49345933450068,9.585636339315618,4.7661667292334435,0.9517104063938678,422.71184113577857,91.64594281258319,1.9110355100518401,407.47685993621263,83.9637272860553,16.232379789544485,8.580623052073019,1.9186502073159446
56033020-02,56,033,020-02,151.40686585842766,38.71086194587869,9.1550868379220809,1.1550247349040783,0.03543245074898928,157.4866354498764,39.58242707479086,1.0487273826571106,155.94185375673342,30.498205138366753,7.447389030846741,2.2746170190591677,2.0265898638162425
5603303-03s,56,033,03-03s,96.41594330135521,49.09252158922215,0.8845499385445432,1.3268249078168148,0.4422749692722716,100.39641802480566,42.900672019410344,0.4422749692722716,95.53139336281068,38.9201972959599,3.538199754178173,4.865024661994988,0
5603311-01s,56,033,11-01s,78.57585139318886,18.27863777089783,1.5603715170278638,0.4458204334365325,0.4458204334365325,78.68730650154798,19.28173374613003,0.4458204334365325,73.78328173374612,16.383900928792567,4.235294117647059,2.4520123839009287,0.4458204334365325
560350001-1,56,035,0001-1,764.6278776993767,307.5801176807857,11.798215417250844,8.844967799947371,4.9131994066997144,791.1589754040161,282.0333612271061,2.948322599982457,734.1542661091527,279.0848147627,29.484793050790348,24.57472774602219,2.9476510067114097
560350001-3,56,035,0001-3,911.3151781326773,187.09466721867952,33.99726467623437,9.01261342010559,2.006866371112001,921.3275676883591,185.0731726476488,3.0066425066883187,846.2395220873844,181.09357237190184,37.035601616079944,49.02560114303638,0.002438033319788704
560350001-4,56,035,0001-4,581,94,13,1,9,587,93,2,548,93,14,25,1
560350002-1,56,035,0002-1,627.9216214157592,56.62047095015997,2.052255926281479,6.05825127339012,2.9937847391248193,633.8868503791159,47.645709767290626,3.0285762171529673,590.6532892106773,55.56467815147452,18.068181707917546,15.20990263044356,1.0166059643205634
560350002-2,56,035,0002-2,338.8089202981225,38.3001388163095,2.9461645243315,3.928219365775333,0,337.82686545667866,38.3001388163095,1.9641096828876665,320.14987831068964,35.353974291978,5.892329048663,12.766712938769832,0.9820548414438333
560350004-1,56,035,0004-1,341.5758389261745,94.46174496644295,3.2093959731543626,5.157046979865772,2.087248322147651,341.0469798657718,89.00805369127517,0.0523489932885906,317.03489932885907,97.95570469798658,12.523489932885907,8.436241610738255,0.0523489932885906
560350004-2,56,035,0004-2,226.75056352788994,51.942860367622366,2.9967034827474444,0.9989011609158147,0.9989011609158147,224.75276120605832,54.93956385036981,0,210.7681449532369,47.94725572395911,3.995604643663259,11.986813930989777,0.9989011609158147
560350005-1,56,035,0005-1,165,52,1,2,1,167,45,0,162,47,7.000000000000001,2,0
56037000101,56,037,000101,28.966216216216218,2.758687258687259,2.0690154440154442,1.3793436293436294,0.34483590733590735,31.03523166023166,3.7931949806949805,0,24.828185328185327,4.1380308880308885,3.4483590733590734,1.3793436293436294,0
56037000301,56,037,000301,250.71190476190475,102.79380952380951,10.77,1.0223809523809524,3.067142857142857,262.57904761904763,96.5847619047619,0.26142857142857145,234.25571428571428,96.09,18.048095238095236,9.462857142857143,0
56037000302,56,037,000302,547.1124133148405,201.81848821081832,22.300457697642162,2.55246879334258,5.958377253814147,565.2166990291262,196.99018030513176,0.6242857142857143,515.7953259361997,186.7249791955617,36.026893203883496,19.179029126213592,0
56037000303,56,037,000303,229.17891816920942,79.76033287101248,6.975312066574203,1.624410540915395,1.6693481276005546,232.49320388349514,82.34785020804438,0.11428571428571428,214.76726768377253,74.68294036061026,15.852427184466018,6.403883495145631,0
56037000304,56,037,000304,87.36916147475547,31.208467656332502,3.0130292285207814,1,0.002895384115729161,78.38942916356557,36.19399073575385,0.002895384115729161,75.34455070977177,31.196886119869585,3.024610764983698,7.017372304694375,0
56037000305,56,037,000305,170.66666666666669,92.19047619047619,6.857142857142857,0.7619047619047619,2.2857142857142856,184.38095238095238,81.52380952380952,0,153.14285714285714,89.14285714285714,16.761904761904763,6.857142857142857,0
56037000401,56,037,000401,254.63083852524454,143.7915323436675,8.98697077147922,0,1.997104615884271,268.6105708364344,133.80600926424614,1.997104615884271,237.65544929022823,135.8031138801304,16.9753892350163,11.982627695305625,0
56037000402,56,037,000402,279.00007050232557,88.00002120370694,11.000001590278021,6.000001060185347,2.650463367304113e-7,293.0000694421402,84.00002279398495,2.0000005300926733,248.00005804514774,83.00002358912397,27.000006096065743,20.000003445602378,1.0000002650463367
56037000403,56,037,000403,214.0676643056112,74.90884314078201,8.409657745450728,1.3244827578740288,4.035939941403206,222.62246317274733,71.4623524110834,1.1562586457210569,197.2679542761237,73.68964961450038,14.77977968786936,8.011161066143123,0.08415637735443171
56037000404,56,037,000404,526,208,22,5,2,531,211,2,484,188,34,30,0
56037000501,56,037,000501,145,59,1,0,3,156,49,2,149,49,6,2,0
56037000502,56,037,000502,1072.207571933367,323.7208144034999,39.42291771832408,9.93525155645297,10.01258623590779,1106.3104829210836,317.4640417297661,3.4807672892478547,986.9758371193,296.5363957597173,79.90297829379101,49.32387682988389,1.9165741208144034
56037000503,56,037,000503,1081.792428066633,368.2791855965001,21.57708228167592,10.06474844354703,8.98741376409221,1098.6895170789164,363.5359582702339,4.519232710752145,1014.0241628806999,334.4636042402827,56.097021706208984,41.6761231701161,4.083425879185596
56037000505,56,037,000505,245.9764091848972,74.10629353256849,5.59202487283319,3.6757821096082988,0.9641484361063489,242.42116816516696,79.553669097548,1.8439181092980526,202.77090176076493,82.32557331598899,21.223139420409314,11.991494764931245,0.915932000155123
56037000601,56,037,000601,338.33383562962126,123.43762190279519,10.097087378640778,3.0389299991404455,1.0194174757281553,335.3338673121827,128.5540000269186,3.000031682561378,298.04190815991,125.36011041268947,16.310838024457375,22.09718242632491,1.0000316825613782
56037000602,56,037,000602,211.88034188034186,66.41025641025641,8.222222222222221,1.8974358974358974,0,210.6153846153846,68.3076923076923,1.264957264957265,198.5982905982906,63.24786324786324,14.547008547008547,4.427350427350428,0
56037000603,56,037,000603,252,85,12,6,3,269,83,1,244,81,13.999999999999998,11,0
56037000701,56,037,000701,552.299371782518,104.84659480655866,4.12580351294482,4.2522500565690615,3.5692413258773223,546.9354947364166,108.41733351703853,0.6830087306917394,507.4223485168035,108.79044951829047,15.478069309045672,18.39055564842308,2.049026192075218
56037000901,56,037,000901,152,27.000000000000004,4,0,0,143,33,1,127.00000000000001,35,5,5,1
56037000902,56,037,000902,63.532242555112425,11.241661148268,0.8853007074553065,1.5876238621564258,0.14797078884480064,62.41328396934495,12.683680495592279,9.465096050614936e-4,58.75454231816385,11.823290449592369,3.4781303724395705,0.5994552322196945,9.465096050614936e-4
56037001001,56,037,001001,480,201,10,5,2,463,214,1,369,211,46,39,2
56037001002,56,037,001002,168,73,2,2,1,163,73,1,144,75,7,12,0
56037001003,56,037,001003,467,143,14,3,2,462,154,2,423,130,30,34,0
56037001004,56,037,001004,1574.7515412286714,454.9282230216162,49.99211241995782,16.99731822278566,10.998264732390721,1597.747912941852,475.92491023799846,5.999053490394938,1429.7744152107937,433.93153580523386,99.98422483991564,91.98548685272239,5.999053490394938
56037001005,56,037,001005,726,260,22,11,9,733,275,4,656,250,34,54,3
56037001006,56,037,001006,497.955856007166,170.98484212294255,18.998315791438063,2.9997340723323256,0.9999113574441085,492.9562992199455,180.98395569738364,1.999822714888217,438.9610859179636,171.98475348038667,32.99707479565558,29.997340723323255,0.9999113574441085
56037001201,56,037,001201,161.62812872467222,38.529201430274135,3.176400476758045,3,1,162.31942789034565,38.57330154946365,0,147.3492252681764,39.529201430274135,6.35280095351609,6.485101311084625,0
56037001202,56,037,001202,362.6830223386279,51.17988971167985,3.8519936827157597,1.9019476158495634,1.5849563465413028,356.8930072018001,53.410853209591835,0.3169912693082606,329.3672165606982,53.08183732752941,10.556908789205865,13.128912781934424,0.9509738079247817
56037001301,56,037,001301,NA,NA,NA,NA,NA,NA,NA,NA,NA,NA,NA,NA,NA
56037001901,56,037,001901,128.00151504800746,23.820956373982163,0.18210197710718,3.0909559408694554,0.030350329517863334,129.02887219447035,19.975796252310577,1.0303186469564851,106.56839126706556,28.702358143597404,5.427707700936779,3.245669088952355,0.9999683174386217
56037002001,56,037,002001,344.75346860908775,28.010727912392845,8.578025122640106,4.797941132748625,1.4296708537733511,348.72778232000394,34.14122503840246,0.9207422823447797,325.755933799118,26.363473068728013,17.979677667112632,9.401652544472524,0
56037002101,56,037,002101,19.41477237124458,3.454217955342257,0.2934443288241415,0.14672216441207075,0.04890738813735692,19.265259226311848,3.8971754290991307,0.04890738813735692,18.134807338111315,3.4570089358629184,0.8831239669930857,0.5896796381689442,0
56037002301,56,037,002301,98.86002191293406,15.044138290140266,0.7824175824175824,0.7824175824175824,0,92.58448086957466,19.754844168664505,0,85.51032185977893,17.40759142141176,3.1458707136890753,9.405211373029735,0
56037002401,56,037,002401,NA,NA,NA,NA,NA,NA,NA,NA,NA,NA,NA,NA,NA
56037002501,56,037,002501,74.71648351648352,5.740659340659341,0.2175824175824176,0.2175824175824176,0,74.19340659340659,6.828571428571428,0,71.67032967032968,6.175824175824176,0.6527472527472528,3.3934065934065933,0
56037007011,56,037,007011,296.5091352738399,80.03405764123093,5.623580105359152,1.948366430145477,0.8458023275813745,293.23668555605303,80.29081941621367,0.735042735042735,264.2629190560313,77.35064847604272,16.065212401223825,13.568079831207442,0
560390001-1,56,039,0001-1,471.0412000528498,772.3383792684851,19.374385616723938,10.127357298890722,13.820486010222458,604.3239163655594,667.5154365601325,2.7707241785566032,575.7103858132054,626.1432107202453,36.9095667576139,12.906673145023547,1.86199240070271
560390001-2,56,039,0001-2,215.58825417814683,904.6778479324034,21.14146393489567,9.025720715435575,10.083592325165622,268.00621580397495,855.4077804203299,6.0192905365766824,250.97406490968046,841.1377129082564,31.22505626006129,5.051441430871153,2
560390001-3,56,039,0001-3,251.75736207847777,450.70337642871687,3.8462359196779916,5.760300567192863,13.89479767037519,336.5827840944241,375.38191831087227,2.20385474731003,355.59742935164275,340.66719412023116,14.918038782106228,3.0359491073752096,2.113809543469393
560390001-4,56,039,0001-4,112.0006122055405,190.00111856245954,5.000005721547107,1.430386776873042e-5,6.000037190056199,133.00082676355703,173.00092402985786,5.721547107492168e-6,125.00088970057521,166.00083248510416,11.000034329282645,2.0000057215471077,5.721547107492168e-6
560390001-5,56,039,0001-5,245.41174582185317,877.3221520675966,21.85853606510433,3.9742792845644237,12.916407674834378,309.99378419602505,835.5922195796701,2.980709463423318,305.02593509031954,793.8622870917437,34.77494373993871,7.948558569128847,0
560390001-6,56,039,0001-6,254.85919165580182,647.7053455019557,22.054758800521512,9.136897001303781,7.3559322033898304,297.91264667535853,616.8435462842242,3.0547588005215123,283.5149934810952,576.96740547588,32.32855280312907,12.054758800521512,0.054758800521512385
560390001-7,56,039,0001-7,191,573,11,4,3,248,527,0,247,517,8,3,0
560390001-8,56,039,0001-8,243,714,14,6.000000000000001,4,292,670,1,269,650,25,10,3.0000000000000004
560390001-9,56,039,0001-9,284.54281876613317,793.5890563259621,22.07553037012995,7.069700588338004,9.098680007735567,342.6965818076829,745.6965241064297,3.0117417495428778,299.65519291578215,729.3272034398508,40.15655666057171,13.061456707870294,3.994504079688193
560390002-1,56,039,0002-1,430.0896948912088,652.2196124329607,22.66592003217399,6.907936976477407,12.83794046254985,525.8343872729614,584.0745676742087,2.9597866191770303,526.8757117894306,558.3740512666533,21.7062394752762,3.947340817546387,1.9749294540710842
560390003-1,56,039,0003-1,148.86326924448394,232.7861861339917,9.99082343922711,0.9990823439227111,0.9990823439227111,168.84491612293817,218.79903331907374,0,167.84583377901546,206.8100451920012,8.9917410953044,2.9972470317681332,0
560390004-1,56,039,0004-1,187,566,16,2,6,249,507,1,234,490,23,6,0
560390004-2,56,039,0004-2,359.8430730020708,796.652581062918,17.992153650103543,2.998692275017257,15.993025466758704,456.8007898942955,724.6839664625038,1.999128183344838,466.7964308110197,673.7061977872104,24.989102291810475,7.996512733379352,0
560390004-3,56,039,0004-3,114.71698113207547,550.6415094339623,9.559748427672956,4.779874213836478,5.735849056603774,147.22012578616352,523.874213836478,1.9119496855345912,155.8238993710692,499.9748427672956,15.29559748427673,2.867924528301887,0
560390004-4,56,039,0004-4,147.99999999999997,298,18,1,10.999999999999998,213.99999999999997,248,4,205.99999999999997,238,11.999999999999998,2,0
560390005-1,56,039,0005-1,NA,NA,NA,NA,NA,NA,NA,NA,NA,NA,NA,NA,NA
56039001-10,56,039,001-10,450,500.99999999999994,11,9,5,506,454,0.9999999999999999,479,430,28.999999999999996,15,0
56039001-11,56,039,001-11,0,0,0,0,0,0,0,0,0,0,0,0,0
56041000101,56,041,000101,1207.3450556956009,417.8900152807316,33.77863864855798,19.302079227747416,12.546351498035822,1240.1585903827715,405.3436637826958,5.790623768324225,1141.7179863212598,367.7046092885883,65.62706937434122,58.871341644629624,2.8953118841621124
56041000102,56,041,000102,1453.1261530529343,395.54693617664327,29.898279260724667,13.949098470111732,15.94803684009301,1490.977859624347,371.652335728982,3.9864372347632893,1384.3503871738483,352.7184747896363,47.83267101507976,56.81073442219662,2.9892559508125034
56041000103,56,041,000103,949.369471501683,272.4470193224672,26.063910585717615,12.017013089119997,5.042715179828831,947.3780185922494,275.48543054750803,1.008536954064805,854.186327381103,265.45134355025846,41.08516681061601,45.13644935401445,3.0042532722799993
560410002-2,56,041,0002-2,0.02605065283198848,0.0034624285409604943,4.946326487086421e-4,1.319020396556379e-4,3.2975509913909466e-4,0.0261166038518163,0.0037592081301856795,6.595101982781894e-5,0.024632705905690375,0.0034954040508744038,6.595101982781893e-4,0.0010552163172451031,3.297550991390947e-5
56041000201,56,041,000201,NA,NA,NA,NA,NA,NA,NA,NA,NA,NA,NA,NA,NA
56041000301,56,041,000301,809.6611984764762,84.27046693511552,20.039944176371627,9.022369758855383,7.008660344454939,825.5673214785444,93.32984620545007,2.0183356033353403,682.2648350278749,99.32471255930244,31.07602334962745,101.24127200607008,1.0045416127327742
56041000302,56,041,000302,587.3388015235237,59.72953306488448,8.960055823628373,4.977630241144617,1.991339655545061,567.4326785214556,72.67015379454992,3.9816643966646597,499.73516497212506,71.67528744069756,16.923976650372545,53.758727993929924,0.9954583872672258
56041000401,56,041,000401,533.9582053316375,74.20820704419049,10.864117801129987,1.8759706886627683,3.54102258379274,526.4517116426242,79.4142815231132,1.1803408612642468,463.59494436779164,78.71865169571468,12.044458662394234,48.268228418233846,0.030131256218970955
56041000402,56,041,000402,519.0340654338469,76.1809506448189,16.703306729209825,4.885041645684348,2.981729290270708,517.9073586867421,77.25936757967598,0.9939097634235694,437.11903281666315,73.3682356974152,17.69721649263339,73.6981605424327,0.9697648572997124
56041000403,56,041,000403,NA,NA,NA,NA,NA,NA,NA,NA,NA,NA,NA,NA,NA
5604102-1-2,56,041,02-1-2,4.463977397582797,0.5933134515774603,0.08475906451106577,0.02260241720295087,0.056506043007377174,4.475278606184272,0.6441688902840998,0.011301208601475436,4.221001412651075,0.5989640558781981,0.11301208601475435,0.18081933762360697,0.005650604300737718
56043000301,56,043,000301,415,61,13,8,2,417,71,1,396,58,23,13,0
56043000501,56,043,000501,685,140,15,8,4,707,131,3,649,129,30,28,1
56043000502,56,043,000502,692,186,16,10,7,706,192,4,660,174,21,37,2
56043000503,56,043,000503,420,103,11,4,1,415,114,0,378,100,35,20,0
56043000505,56,043,000505,1034.164992826399,161.26111908177904,10.020086083213773,2,5.0401721664275465,1033.1248206599714,151.35150645624103,4,981.0444763271162,138.2912482065997,34.06025824964132,28.03012912482066,6
56045000101,56,045,000101,594.3513783253605,54.24817886682498,4.1950878159020775,6.006917438138831,0,576.4938913170664,66.05793211044957,0,522.6334675522824,66.11915660024549,14.254235927085842,30.54479127232681,0.9977515458122541
560450002-1,56,045,0002-1,429,62,3,3,1,430,59,1,403,58,3,23,0
56045000201,56,045,000201,151,7,1,1,0,134,18,2,126,11,4,9,2
56045000301,56,045,000301,288,10,2,0,0,268,18,1,246,20,2,12,0
56045000401,56,045,000401,466,28,4,1,2,458,30,1,406,48,9,23,0
56045000501,56,045,000501,391.32209106239463,70.11916807195054,11.008993816750984,6.013490725126476,3,398.2816188870152,71.14614952220349,0,361.1624508150647,63.14614952220349,13.031478358628444,30.06745362563238,0.0022484541877459247
56045000502,56,045,000502,305.6598639455782,54.465986394557824,8.129251700680271,0.8129251700680272,0,309.7244897959184,47.96258503401361,0,270.7040816326531,50.40136054421768,11.38095238095238,24.387755102040813,0
56045000503,56,045,000503,481.66666666666663,74.16666666666667,12.666666666666666,2.1666666666666665,3,466.5,89.83333333333333,2,424.5,85.33333333333333,15.333333333333334,28,1
