GEOID20,STATEFP,COUNTYFP,DISTRICT,G16PRERTRU,G16PREDCLI,G16PRELJOH,G16PREGSTE
3100100001P,31,001,00001P,535,62,23,3
3100100001W,31,001,00001W,491,180,53,12
3100100002E,31,001,00002E,247.64483678354506,94.34089020325527,15.161928782666026,4.492423343012156
3100100002P,31,001,00002P,121,19,5,0
3100100002W,31,001,00002W,392.56041165722166,144.00707775122157,31.818176441855933,15.185335935221108
3100100003P,31,001,00003P,388,71,17,3
3100100003W,31,001,00003W,300.679266024072,179.12569677273882,20.0247040564725,0.9628674921537769
3100100004P,31,001,00004P,376.0320039465522,65.49428775569685,10.274408590647363,0.36394557823129253
3100100005P,31,001,00005P,340.7440515610261,75.29901062588856,16.83009126224729,2.301885917484018
3100100005W,31,001,00005W,317.9007512848878,98.95798803778828,17.624513642507818,3.9682629698276806
3100100006P,31,001,00006P,127.23949519660067,30.74249754062417,5.5374522297331366,1.1090797305685351
3100100006W,31,001,00006W,669.2631970873566,222.7552873786362,51.621290291261104,2.0540252427183567
3100100007P,31,001,00007P,158,25,7,1
3100100007W,31,001,00007W,379,140,16,5
3100100008P,31,001,00008P,221,18,7,1
3100100008W,31,001,00008W,587.4492385786801,233.00507614213197,48.378172588832484,6.911167512690356
3100100009P,31,001,00009P,271,41,10,0
3100100009W,31,001,00009W,288.26666666666665,148.83333333333334,25.066666666666666,7.833333333333333
3100100010P,31,001,00010P,135,23,10,1
3100100010W,31,001,00010W,274.56,178.80296296296297,17.795555555555556,1.6948148148148148
3100100011W,31,001,00011W,376.6857142857143,175.66593406593407,33.503296703296705,12.676923076923078
3100100012W,31,001,00012W,88.55076142131979,44.99492385786802,0.6218274111675127,0.08883248730964467
3100100013W,31,001,00013W,806.5158010032098,297.69280871512643,52.45399809209146,6.429049788434163
3100100014W,31,001,00014W,287,182,22,2
3100100015W,31,001,00015W,372.2049441021982,198.20447322421055,27.741965863095977,7
3100100016W,31,001,00016W,169,113,24,3
3100100017W,31,001,00017W,565.702860400949,240.07775163258296,25.54595182190247,6.928052777277688
3100300001P,31,003,00001P,253,32,6,2
3100300001W,31,003,00001W,104,25,2,0
3100300002P,31,003,00002P,117,15,1,0
3100300002W,31,003,00002W,236.35399939292665,46.05009425371603,5.010018850743207,2.0016698084572013
3100300003P,31,003,00003P,284,24,23,0
3100300003W,31,003,00003W,346.21158872710004,60.46527323472762,17.823064204583893,0.9946453360610958
3100300004P,31,003,00004P,370,26,7,1
3100300004W,31,003,00004W,128,22,8,1
3100300005P,31,003,00005P,214.4344118799733,30.48463251155635,6.1669169446728995,1.003684855481703
3100300005W,31,003,00005W,151,26,7,3
3100300006P,31,003,00006P,198,24,2,1
3100300007P,31,003,00007P,216.00209591120154,30.00040447409152,12.000147081487826,5.000036770371957
3100300008P,31,003,00008P,113.99790408879846,21.999595525908475,7.999852918512173,1.9999632296280432
3100500001P,31,005,00001P,244,17,11,0
3100700001P,31,007,00001P,356.99999907051387,18.99999995053155,13.999999963549563,2.999999992189192
31009000001,31,009,000001,276.0525507713597,30.004582916106948,10.001527638702315,4.582916106948169e-4
3101100001P,31,011,00001P,374,62,23,4
3101100002P,31,011,00002P,85,17,3,0
3101100003P,31,011,00003P,95,37,8,1
3101100004P,31,011,00004P,308,43,20,3
3101100005P,31,011,00005P,358,50,21,1
3101100006P,31,011,00006P,369,61,20,2
3101100007P,31,011,00007P,261,94,21,6
3101100008P,31,011,00008P,143,9,6,0
3101100009P,31,011,00009P,306,41,15,0
31013001301,31,013,001301,330.9263406010607,133.081319976429,39.03535651149087,7.007071302298173
31013001302,31,013,001302,359.11437845365293,133.63658467773317,36.149673813944695,8.786538536373845
31013001303,31,013,001303,308.99964398094454,121.99985943584218,35.99995852205179,0.999998847834772
31013001304,31,013,001304,444.1462293395929,131.74678163901388,22.95589560462767,5.988484837385958
31013001305,31,013,001305,500.23277701834667,136.02043462374797,21.008884619020865,7.001776923804173
31013001306,31,013,001306,445,152,25,1
31013001311,31,013,001311,266.7265039269397,26.26166072208984,10.806085055543573,2.2046132375238088
31013001312,31,013,001312,302.0633735436977,23.0725435057444,7.578213598217889,3.0118310540209925
31013001315,31,013,001315,659.8166666666667,107.18333333333334,31.46666666666667,0
31015000001,31,015,000001,405,40,11,6
31015000002,31,015,000002,370.99999999999994,54.99999999999999,8,4
31015000003,31,015,000003,206.43319783197833,32.90826558265583,3.990379403794038,2.9902439024390244
3101700001P,31,017,00001P,671,83,22,4
3101700002P,31,017,00002P,280,32,11,1
3101700003P,31,017,00003P,433.97275074748575,37.993738593561915,6.016493224090397,1.9972527472527473
31019000001,31,019,000001,677.20581864551,217.8501244933898,39.19734979037336,9.010744913099353
31019000002,31,019,000002,440,204,40,7
31019000003,31,019,000003,665.9347742792345,259.39343085310543,59.145737428129195,8.014252382545317
31019000004,31,019,000004,943.1915782080853,325.0232923922809,46.01132359827873,8.001362451371325
31019000005,31,019,000005,461.00289658154264,196.0004278243925,45.000140270292626,2.0000210405438934
31019000006,31,019,000006,836.6356715843548,283.17079187113046,54.90731718147312,7.7098723870073185
31019000007,31,019,000007,592.2285732482193,307.56524802644014,67.04836441328942,13.287489742216058
31019000008,31,019,000008,359,123,43,5
31019000009,31,019,000009,493,261,64,12
31019000010,31,019,000010,776.4472712236043,326.1009511731411,95.02865304286051,28.00548275770819
31019000011,31,019,000011,334.6333847659852,173.85307506300018,37.17917604681391,7.009735641385909
31019000012,31,019,000012,395,258,49,26
31019000013,31,019,000013,912.7020864058272,279.0718963403264,83.70319009893267,16.048616938662658
31019000014,31,019,000014,727.1428126751698,305.66400653460965,74.95415963930883,17.975981972230887
31019000015,31,019,000015,249,21,8,3
31019000016,31,019,000016,411,74,25,3
31019000017,31,019,000017,196.9481707317073,33.62195121951219,10.214939024390244,2.0457317073170733
31019000018,31,019,000018,424.0518292682927,135.3780487804878,46.78506097560976,9.954268292682928
31019000019,31,019,000019,444.93493819128173,61.606376057254394,19.55757970071568,3.911515940143136
31019000020,31,019,000020,776.9447457010289,166.58723368651084,59.8435753875946,5.984858603656759
31019000021,31,019,000021,401,71,25,2
31019000022,31,019,000022,207,55,21,1
31019000023,31,019,000023,249,77,8,4
31019000024,31,019,000024,509,141,43,2
31019000025,31,019,000025,491,86,32,8
31019000026,31,019,000026,536.8301192378906,112.32818728152697,19.07523785785152,5.003893216818583
31019000027,31,019,000027,200.35252724766656,78.80974820942063,18.050853201748424,0.9673460912014388
31019000028,31,019,000028,448.06506180871827,69.3936239427456,20.44242029928432,6.088484059856864
31019000029,31,019,000029,409.7477401958808,60.581586250725024,19.85492204305311,2.9803418615523096
31021000001,31,021,000001,123.36225956232265,58.28927102676666,13.034977073812426,3.000554788258513
31021000002,31,021,000002,229.13262494970076,38.91016175592361,8.997090044830463,4.980930603811636
31021000003,31,021,000003,178,51,20,3
31021000004,31,021,000004,212.4211956521739,145.60326086956522,21.940217391304348,1.9945652173913044
31021000005,31,021,000005,153,39,9,1
31021000006,31,021,000006,277,110,13,6.000000000000001
31021000007,31,021,000007,243.3272913834391,85.22506245197447,10.051937488917183,2.028854160509546
31021000008,31,021,000008,234.54008366686014,68.86477579210194,24.950972466252352,4.990215235678817
31021000009,31,021,000009,199.96189997313968,65.98742699113609,10.997904498522683,6.998666499059889
31021000010,31,021,000010,268.2546448123637,140.12004111253202,24.02690103636054,3.0062134952902935
31021000011,31,021,000011,248,127,41,2
3102300001W,31,023,00001W,246.1798498775696,60.797307671382335,7.973421261138097,0.9966696272434473
3102300002P,31,023,00002P,460,85,28,6
3102300002W,31,023,00002W,278.7115801383712,84.00622492283362,14.824470189646942,4.941291430289508
3102300003W,31,023,00003W,337.9956755226949,80.52157616175008,20.87555299030852,2.9821533928975965
3102300005P,31,023,00005P,267,67,12,3
3102300006P,31,023,00006P,264,60,8,1
3102300008P,31,023,00008P,235.11289446136433,44.67489124403397,6.326555558906444,0.07988554956944854
3102300011P,31,023,00011P,216,28,2,3
3102300013P,31,023,00013P,308,80,11,2
3102300014P,31,023,00014P,206,39,11,1
3102300016P,31,023,00016P,260,62,7,2
3102500001P,31,025,00001P,719.1391443781255,310.9874565642793,49.27591694439827,5.055277039796008
3102500001W,31,025,00001W,167.056546624605,87.03906472013314,22.999005576159462,3.0021795503876105
3102500002P,31,025,00002P,145.8608556218745,70.01254343572074,9.724083055601731,1.9447229602039924
3102500002W,31,025,00002W,168.943453375395,95.96093527986686,16.000994423840538,3.9978204496123895
31025000031,31,025,000031,138.61383109154713,60.18296717012742,7.369342918791113,2.280987093911535
3102500003P,31,025,00003P,292,117,39,1
3102500003W,31,025,00003W,211,104,19,7
3102500004P,31,025,00004P,313,151,19,4
3102500004W,31,025,00004W,208.33648935337803,98.12405869008141,15.006594999388994,5.001017992594097
3102500005P,31,025,00005P,224,105,7,5
3102500005W,31,025,00005W,225.6084877076639,96.40538902045549,22.85900976773687,3.975479959606412
3102500006P,31,025,00006P,339.7752808988764,127.17303370786517,14.561797752808989,0.9707865168539326
3102500006W,31,025,00006W,198,94,18,5
3102500007W,31,025,00007W,149.96614121773723,70.4194765033973,24.05136446980375,6.0158985263678275
3102500008P,31,025,00008P,199,71,18,1
3102500008W,31,025,00008W,214,84,36,2
3102500009P,31,025,00009P,261.472549154725,136.10843505596944,23.501023417471423,6.654097815237883e-4
3102500009W,31,025,00009W,218.89447236180905,101.48743718592965,22.884422110552762,7.959798994974874
3102500010P,31,025,00010P,410.61650485436894,144.92394822006472,22.504854368932037,6
3102500011P,31,025,00011P,164.99530939762641,65.99812375905057,17.99948829792288,1.9999431442136537
3102500012P,31,025,00012P,87,25,8,4
3102500013P,31,025,00013P,395,139,32,6
3102500014P,31,025,00014P,124.9459593989028,46.979793308444414,7.996752905054987,0.9995870061585801
3102500015P,31,025,00015P,234.7739079186475,72.8994218098439,10.170078963342297,3.050365899523816
3102500016P,31,025,00016P,389,156,15,6
3102500017P,31,025,00017P,258,104,15,8
3102500018P,31,025,00018P,651.4750506296738,282.8681086159384,34.71368784427927,10.72661642752013
3102500019P,31,025,00019P,534.5678874101616,189.07078937489513,31.534025701688773,4.780103326415406
3102500020P,31,025,00020P,650.2848232848233,210.12266112266113,39.83367983367984,11.950103950103951
310250003W2,31,025,0003W2,146.53764022802935,63.44177343917522,19.581552187758465,3.2600976786097196
3102700001P,31,027,00001P,142,40,21,1
3102700002P,31,027,00002P,347,65,21,0
3102700003P,31,027,00003P,159,31,14,1
3102700004P,31,027,00004P,233,31,13,1
3102700005P,31,027,00005P,250,27,13,0
3102700006P,31,027,00006P,69,21,10,1
3102700007P,31,027,00007P,753.4860050890585,122.30534351145037,31.05089058524173,9
3102700009P,31,027,00009P,144.51399491094148,29.69465648854962,4.9491094147582695,0
3102700013P,31,027,00013P,311,36,13,1
3102700015P,31,027,00015P,130,14,9,0
3102700016P,31,027,00016P,404,58,33,4
3102700018P,31,027,00018P,103,37,18,2
3102700020P,31,027,00020P,486,59,23,11
3102900001P,31,029,00001P,214,19,5,0
3102900002P,31,029,00002P,294.0686322050884,25.485468593411568,6.102544208450522,0.047619047619047616
3102900003P,31,029,00003P,354,36,12,1
3102900007P,31,029,00007P,264.9313677949116,36.51453140658843,7.897455791549477,2.952380952380952
3102900008P,31,029,00008P,521,54,23,2
3103100001P,31,031,00001P,136,14,3,0
3103100002P,31,031,00002P,187,13,6,3
3103100003P,31,031,00003P,32,3,1,0
3103100004P,31,031,00004P,74,5,6,0
3103100005P,31,031,00005P,89,9,2,0
3103100006P,31,031,00006P,527,87,34,7
3103100007P,31,031,00007P,506,81,25,2
3103100008P,31,031,00008P,397,60,26,1
3103100009P,31,031,00009P,27,1,1,0
3103100010P,31,031,00010P,17,0,0,0
3103100011P,31,031,00011P,39.74193548387097,2,0.03225806451612903,0.06451612903225806
3103100012P,31,031,00012P,24,1,0,0
3103100013P,31,031,00013P,75,5,5,0
3103100014P,31,031,00014P,101,11.000000000000002,2,0
3103100015P,31,031,00015P,22.258064516129032,0,0.967741935483871,1.935483870967742
3103100016P,31,031,00016P,41,2,0,0
3103100017P,31,031,00017P,66,2,2,0
3103100018P,31,031,00018P,82.00000000000001,9,3,0
3103100019P,31,031,00019P,106,10,7,0
3103100020P,31,031,00020P,74,2,3,0
3103300001P,31,033,00001P,321,30,15,0
3103300002P,31,033,00002P,249,34,16,4
3103300003P,31,033,00003P,334.92574990893735,50.988696254793446,12.997118653182643,0
3103300004P,31,033,00004P,266.747183979975,22.140175219023778,15.04630788485607,2.016270337922403
3103300005P,31,033,00005P,421.30338479961677,99.57045388043221,31.289079054883445,7.925523831305341
3103300006P,31,033,00006P,706,166,26,5
3103300007P,31,033,00007P,429.0362500614199,102.00863903332903,27.00271028496597,1.0006775712414933
3103300009P,31,033,00009P,334,92,32,13
3103300010P,31,033,00010P,602.9131811589884,114.28073186721497,37.661902775294514,13.057528259530763
3103500001P,31,035,00001P,175,26,15,0
3103500002P,31,035,00002P,268,76,22,7
3103500003P,31,035,00003P,204,31,7,0
3103500004P,31,035,00004P,177,36,4,3
3103500005P,31,035,00005P,161,24,8,0
3103500006P,31,035,00006P,172,17,3,0
3103500007P,31,035,00007P,242,56,12,1
3103500008P,31,035,00008P,301,47,13,0
3103500009P,31,035,00009P,303,62,8,2
3103500010P,31,035,00010P,265,70,14,1
3103500011P,31,035,00011P,154,32,10,1
3103700001P,31,037,00001P,481,257,22,5
3103700002P,31,037,00002P,579,119,15,5
3103700003P,31,037,00003P,289,185,19,7
3103700005P,31,037,00005P,440,241,40,6
3103700009P,31,037,00009P,382,57,22,3
3103900001P,31,039,00001P,599,146,33,4
3103900002P,31,039,00002P,364,104,19,4
3103900004P,31,039,00004P,358,67,8,2
3103900006P,31,039,00006P,431,77,25,4
3103900007P,31,039,00007P,435.0001177411473,87.60421892825818,21.336507339651593,2.012129140460887
3103900010P,31,039,00010P,552.5197235990762,152.72860844974477,32.171944453811115,9.014221597356046
3103900011P,31,039,00011P,382.48015865977646,84.66717262199705,18.491548206537296,0.973649262183067
3104100001P,31,041,00001P,54.725,7.15,2.475,0.275
3104100002P,31,041,00002P,150.875,19.15344827586207,6.828448275862069,0.725
3104100003P,31,041,00003P,40.8,1.8758620689655172,1.8758620689655172,0
3104100004P,31,041,00004P,31,1,0,0
3104100005P,31,041,00005P,53.770212765957446,7.582978723404255,2.068085106382979,0
3104100006P,31,041,00006P,24.22978723404255,3.4170212765957446,0.9319148936170212,0
3104100008P,31,041,00008P,203,39,13,4
3104100009P,31,041,00009P,39.6,1.8206896551724139,1.8206896551724139,0
3104100010P,31,041,00010P,422,40,10,7
3104100011P,31,041,00011P,76,4,0,0
3104100012P,31,041,00012P,306,28,12,1
3104100013P,31,041,00013P,200.27616298171236,13.040754225974974,4.013393269874619,0.015919560663073644
3104100014P,31,041,00014P,55,4,1,0
3104100015P,31,041,00015P,64,0,4,0
3104100016P,31,041,00016P,51,3,0,0
3104100017P,31,041,00017P,42,7,4,0
3104100018P,31,041,00018P,8,1,1,0
3104100019P,31,041,00019P,59,19,1,0
3104100020P,31,041,00020P,71,1,0,0
3104100021P,31,041,00021P,57.99999999999999,4,0,0
3104100022P,31,041,00022P,365,39,20,3
3104100023P,31,041,00023P,46,8,5,1
3104100024P,31,041,00024P,184.35324143536124,17.840636267938184,2.9734393779896977,0
3104100025P,31,041,00025P,94.99999999999999,14,5,0
3104100026P,31,041,00026P,86.7918015102481,12.677454153182309,4.875943905070119,1.2189859762675297
3104100027P,31,041,00027P,110.98597626752967,16.21143473570658,6.235167206040993,1.5587918015102482
3104100028P,31,041,00028P,20,4,0,0
3104100029P,31,041,00029P,142,15,7,4
3104100030P,31,041,00030P,25,0,2.9999999999999996,0
3104100031P,31,041,00031P,60,3,1,0
3104100032P,31,041,00032P,86.79703703703704,11.632592592592593,4.474074074074074,0
3104100033P,31,041,00033P,107.20296296296296,14.367407407407407,5.525925925925926,0
3104100034P,31,041,00034P,158.22222222222223,23.11111111111111,8.88888888888889,2.2222222222222223
3104100035P,31,041,00035P,131.75801749271136,46.30320699708455,7.093294460641399,4
3104100037P,31,041,00037P,465.5102973402023,94.87563692587831,19.978277504116086,4.986420707553497
3104100038P,31,041,00038P,208.02200615912506,48.09890382185081,7.016483970308468,1
3104100039P,31,041,00039P,392.08027459088765,67.84086176127317,31.92511141706973,0.997659731783429
3104300001P,31,043,00001P,287,124,11,3
3104300002P,31,043,00002P,503.7706883592811,188.7635309393364,19.053004642917855,7.009369591393501
3104300003P,31,043,00003P,160.3692219054232,35.88716742255248,10.900836152516582,0.05511811023622047
3104300004P,31,043,00004P,146.91181988742963,83.20262664165104,7.061913696060038,0
3104300005P,31,043,00005P,181.47222620412845,60.971640863914374,4.919903956422019,0.0061162079510703364
3104300006P,31,043,00006P,400.7189582071472,106.91020593579648,28.03725015142338,3.9448818897637796
3104300007P,31,043,00007P,370.43272171253824,224.6559633027523,19.96941896024465,3.9938837920489294
3104300009P,31,043,00009P,188.7887088192577,204.1942089661392,10.44455459985579,2.857344588084727
3104300010P,31,043,00010P,280.65888324873094,355.71878172588833,37.64771573604061,6.1766497461928935
3104300011P,31,043,00011P,289,346,35,10
3104300013P,31,043,00013P,229.87677165606354,183.69587420196942,15.965402104519079,4.956636074328879
3104300014P,31,043,00014P,368,267,18,5
3104300015P,31,043,00015P,209,133,11,3
3104500001P,31,045,00001P,140,52,16,10
3104500002P,31,045,00002P,347.26459143968873,149.4046692607004,25.085603112840467,15
3104500003P,31,045,00003P,285,143,21,12
3104500004P,31,045,00004P,190.0148148148148,92.65185185185186,18.844444444444445,3.9259259259259256
3104500005P,31,045,00005P,155.88864142538975,87.81069042316258,22.692650334075726,6.906458797327394
3104500006P,31,045,00006P,288.73540856031127,51.59533073929961,10.914396887159533,0
3104500007P,31,045,00007P,244,46,16,2
3104500008P,31,045,00008P,214.11135857461025,33.18930957683742,9.307349665924276,0.0935412026726058
3104500009P,31,045,00009P,109,19,8,0
3104500010P,31,045,00010P,373,56,18,0
3104500011P,31,045,00011P,233,45,20,1
3104500013P,31,045,00013P,51.98518518518519,25.348148148148148,5.155555555555555,1.074074074074074
3104700001P,31,047,00001P,130,10,10,0
3104700002P,31,047,00002P,204.91958041958043,22.87937062937063,21.884615384615383,0
3104700003P,31,047,00003P,79,6,7,0
3104700004P,31,047,00004P,214,19,12,4
3104700005P,31,047,00005P,143,38,4,2
3104700006P,31,047,00006P,112,27,4,0
3104700007P,31,047,00007P,114,14,5,0
3104700008P,31,047,00008P,182,25,5,1
3104700009P,31,047,00009P,230,60,6,1
3104700010P,31,047,00010P,170,42,12,3
3104700011P,31,047,00011P,436,60,16,4
3104700012P,31,047,00012P,629,185,34,9
3104700013P,31,047,00013P,736,143,36,0
3104700015P,31,047,00015P,615.0804195804195,140.12062937062936,35.11538461538461,5
3104700016P,31,047,00016P,649,157,37,9
3104700017P,31,047,00017P,83,160,13,3
3104700018P,31,047,00018P,192,220,18,7
3104700019P,31,047,00019P,412,243,32,1
3104700020P,31,047,00020P,440,309,39,5
3104700021P,31,047,00021P,213,255,34,4
3104900001P,31,049,00001P,264,56,8,1
3104900002P,31,049,00002P,270.1899228318529,29.803473532793717,14.898966240610937,0
3104900003P,31,049,00003P,274.8843272592097,34.20783021241284,24.10391510620642,0
3105100001P,31,051,00001P,344,101,27,5
3105100003P,31,051,00003P,171.45497525574623,34.68742273960184,3.9642768845259244,0
3105100004P,31,051,00004P,198,22,13,1
3105100005P,31,051,00005P,208,48,16,0
3105100006P,31,051,00006P,219,45,11,4
3105100007P,31,051,00007P,108,32,8,1
3105100008P,31,051,00008P,124,54,15,0
3105100009P,31,051,00009P,166.56609088493224,36.11017804942865,9.22237576401807,0.07887323943661972
3105100010P,31,051,00010P,141.54464285714286,49.3125,1.0357142857142856,0
3105100011P,31,051,00011P,161.0003818871109,35.00007726039816,6.000008829759789,0
3105100012P,31,051,00012P,90.38989628198237,37.08270527193565,7.021267069926311,2
3105100013P,31,051,00013P,109.0440128330854,61.8071166786357,12.756357166055619,3.9211267605633804
3105300001P,31,053,00001P,347,87,7,0
3105300002P,31,053,00002P,193,31,14,2
3105300003P,31,053,00003P,198.96315344302675,50.990556912534494,11.997778097066941,3.99925936568898
3105300004P,31,053,00004P,343,75,22,7
3105300005P,31,053,00005P,419.55492758742497,96.89720946661957,19.978806075591663,1.9978806075591664
3105300006P,31,053,00006P,340,127,17,6
3105300007P,31,053,00007P,475.26535964774945,164.87252928168908,16.611137799725384,5.869410146109932
3105300008P,31,053,00008P,206.66167950454502,103.70489620970842,8.833787135061835,1.7730609838020899
3105300009P,31,053,00009P,159.63565434728517,60.289432853564534,8.278851791143387,0.3182770590830048
3105300010P,31,053,00010P,549,246,44,6
3105300011P,31,053,00011P,193,86,13.999999999999998,3.9999999999999996
3105300012P,31,053,00012P,224,102,9,7
3105300013P,31,053,00013P,418,228,30,9
3105300014P,31,053,00014P,367.07247028724487,238.12402260278836,10.710654707840986,5.731088260120232
3105300015P,31,053,00015P,239.9960249707495,163.87861050708656,13.26971868607151,5.44974156235743
3105300016P,31,053,00016P,357,157,21,6.000000000000001
3105300017P,31,053,00017P,272,165,16,14
3105300018P,31,053,00018P,245,134,20,3
3105300019P,31,053,00019P,182,119,21,3
3105300020P,31,053,00020P,333,213,37,3
3105300021P,31,053,00021P,526.6848341232228,244.0734597156398,20.751184834123222,3.9526066350710902
3105300022P,31,053,00022P,531.0787780251543,262.36455257401764,31.05951878759472,4
3105300023P,31,053,00023P,102.82056451612904,85.62701612903226,8.58266129032258,4.308467741935484
3105300024P,31,053,00024P,192.17943548387098,130.37298387096774,16.41733870967742,8.691532258064516
3105300025P,31,053,00025P,265,154,20,10
3105300026P,31,053,00026P,190,102,16,4
3105300027P,31,053,00027P,228,127,17,9
3105300028P,31,053,00028P,350,173,35,7
3105300029P,31,053,00029P,476.1825865803278,269.2446367604452,34.43904307512392,4.889349930843707
3105300030P,31,053,00030P,277.0368465569732,121.00944308746551,17.00222190293306,2.00074063431102
3105300031P,31,053,00031P,381,147,28,5
3105300033P,31,053,00033P,348,79,18,4
31055001-02,31,055,001-02,634.712682631694,642.0831979984104,56.57218142595368,21.1535942933994
31055001-03,31,055,001-03,225.55620608899298,326.37002341920373,16.86768149882904,5.491803278688525
31055001-04,31,055,001-04,295.2151330733767,753.8809655329459,30.390761458555836,15.190045676769754
31055001-05,31,055,001-05,390.12125785373274,608.7843314473406,43.97009845046604,14.678530489698693
31055001-07,31,055,001-07,318,808,54,26
31055001-08,31,055,001-08,362,811,55,17
31055001-09,31,055,001-09,296,443,43,19
31055001-10,31,055,001-10,275,288,27,7
31055001-11,31,055,001-11,353,500,48,23
31055001-12,31,055,001-12,50,44,8,2
31055001-13,31,055,001-13,609,653,75,19
31055001-14,31,055,001-14,408,1003,65,23
31055001-15,31,055,001-15,495,767,84,33
31055001-16,31,055,001-16,322,457,34,23
31055001-17,31,055,001-17,256,781,73,24
31055001-18,31,055,001-18,476,982,60,8
31055001-19,31,055,001-19,486,658,40,11
31055001-20,31,055,001-20,439.9677516482832,519.6981199382049,43.2988533310705,12.068307532570788
31055001-21,31,055,001-21,445.3717319541307,625.7124108885773,49.81786710896317,8.967216079613369
31055001-22,31,055,001-22,459.3134975618685,473.1049806187039,22.92301690055589,6.9687723165282245
31055001-23,31,055,001-23,382.2076177046793,591.5463550173542,37.15101770417219,15.712914800811712
31055001-24,31,055,001-24,355,492,36,19
31055001-25,31,055,001-25,282,482,60,14
31055001-26,31,055,001-26,137.10558319513544,455.9557766721946,24.597014925373134,13.209508015478164
31055001-27,31,055,001-27,518.477966101695,458.52480739599383,39.432665639445304,9.155315870570108
31055001-28,31,055,001-28,495,443,64,22
31055001-29,31,055,001-29,443,459,39,12
31055001-30,31,055,001-30,471.53141404352596,535.9970977720363,72.4997581476697,25.181730235516252
31055001-31,31,055,001-31,530.9395188735219,689.6493245268304,41.07509191629836,14.078512911474396
31055002-01,31,055,002-01,263.8057111693841,528.0468051345528,42.085804138666695,19.1761255176717
31055002-02,31,055,002-02,212,560,35,14
31055002-03,31,055,002-03,272.344321019756,744.1797127887401,27.931456410969943,16.958784916590453
31055002-04,31,055,002-04,111.76839445242169,578.5945917990077,11.057296372406558,7.984862557285711
31055002-05,31,055,002-05,84.99338826056268,520.3307413986964,7.728904167651592,8.72673740076429
31055002-06,31,055,002-06,114.29785801973495,566.5198180108601,13.914521845880776,12.920627428317863
31055002-07,31,055,002-07,90,580,6,2
31055002-08,31,055,002-08,77.48903752779556,569.2463910695751,12.914839587965927,11.921390388891625
31055002-09,31,055,002-09,30.15696295841268,669.9299752237033,10.02616049306878,6.03052057524691
31055002-10,31,055,002-10,60,627,17,14
31055002-11,31,055,002-11,136,808,26,15
31055002-12,31,055,002-12,205,793,35,21
31055002-13,31,055,002-13,36,504,12,6
31055002-14,31,055,002-14,207,671,45,17
31055002-15,31,055,002-15,65.8738022966291,796.4090062033144,19.1201478157865,8.021845057415728
31055002-16,31,055,002-16,90.70281124497991,673.2690763052209,17.84738955823293,20.694779116465863
31055002-17,31,055,002-17,169,602,23,19
31055002-18,31,055,002-18,79.21549092308946,127.89064807066528,10.896063196800485,1.9940399400374045
31055002-19,31,055,002-19,98.64561057010103,573.2616525873078,9.298633887428451,14.270256707068812
31055002-20,31,055,002-20,55,553,13,3
31055002-21,31,055,002-21,35.84303704158732,669.0700247762967,5.9738395069312205,6.96947942475309
31055002-22,31,055,002-22,28,474,4,9
31055002-23,31,055,002-23,228.65567898024395,461.82028721125994,16.068543589030057,12.041215083409547
31055002-24,31,055,002-24,351.71651311126857,452.90479565320106,40.47531301677297,15.352704937396645
31055002-25,31,055,002-25,301.7848669266233,740.1190344670541,36.609238541444164,17.809954323230244
31055003-02,31,055,003-02,218,613,49,20
31055003-03,31,055,003-03,236,777,56,22
31055003-04,31,055,003-04,163.89441680486456,545.0442233278054,29.402985074626866,15.790491984521836
31055003-05,31,055,003-05,244.780941578335,563.5687553561861,56.3201038784589,20.058200705174347
31055003-06,31,055,003-06,204.20789553530153,639.4312694207994,47.13639942918008,27.289335886081005
31055003-07,31,055,003-07,289,775,53,32
31055003-08,31,055,003-08,370,613,46,25
31055003-09,31,055,003-09,437,743,52,24
31055003-10,31,055,003-10,209,382,34,21
31055003-11,31,055,003-11,139.77639567727448,311.95121949767093,18.39048325696415,9.731392669302805
31055003-12,31,055,003-12,341,540,45,11
31055003-13,31,055,003-13,299,591,38,16
31055003-14,31,055,003-14,474,678,53,18
31055003-15,31,055,003-15,345.0329767620041,591.4180557027232,52.95967657535028,14.599950606013676
31055003-16,31,055,003-16,315.9007594936709,589.367088607595,48.32810126582279,12.966075949367088
31055003-17,31,055,003-17,404.89817535244066,610.5149654968037,63.443190381440246,17.15128910715042
31055003-18,31,055,003-18,173,592,34,15
31055003-19,31,055,003-19,274,729,54,21
31055003-20,31,055,003-20,397,904,52,13
31055003-21,31,055,003-21,304.219058421665,780.4312446438139,54.6798961215411,9.941799294825655
31055003-22,31,055,003-22,157.4470965443534,378.3612397577485,21.359102244389028,18.307801923762025
31055003-23,31,055,003-23,469,572,31,13
31055003-24,31,055,003-24,318.71610735972416,542.115248032428,49.644253482823075,11.914620835877537
31055003-25,31,055,003-25,424.38032842523927,419.6649914427366,42.438032842523924,11.31680875800638
31055003-26,31,055,003-26,406.16808839188434,628.6998901928781,63.26903177738669,17.28268433746882
31055004-01,31,055,004-01,171.77650777837212,368.68754074458053,22.250414498646823,7.960805406935172
31055004-02,31,055,004-02,312,420,58,8
31055004-03,31,055,004-03,183.3195415038021,548.7798917179023,36.317283131408836,15.106235896723843
31055004-04,31,055,004-04,380.94547964113184,513.5783298826777,48.86473429951691,21.93926846100759
31055004-05,31,055,004-05,653,600,53,16
31055004-06,31,055,004-06,367.84283172053813,616.7364868792718,36.984197754510625,18.99188533339735
31055004-07,31,055,004-07,334.4252605222005,377.60179497099847,30.14214353904636,22.0595870454592
31055004-08,31,055,004-08,467,507,58,15
31055004-09,31,055,004-09,178,321,28,14
31055004-10,31,055,004-10,205,621,30,11
31055004-11,31,055,004-11,443,509,44,18
31055004-12,31,055,004-12,558,429,36,20
31055004-13,31,055,004-13,357,483,63,15
31055004-14,31,055,004-14,138.6271073824947,368.28317854925774,20.033726069171376,5.006973790940836
31055004-15,31,055,004-15,279,632,28,19
31055004-16,31,055,004-16,409,511,45,22
31055004-17,31,055,004-17,269.7319077572614,284.6617181497297,26.873658706443017,10.948527621143452
31055004-18,31,055,004-18,152.1078714725714,450.3585998501623,36.78425649990288,8.947521851327728
31055004-19,31,055,004-19,386.72433723804676,423.40698787656606,38.54364198190504,11.322679936913184
31055004-20,31,055,004-20,524.2614678899082,388.19724770642205,42.522935779816514,14.13302752293578
31055004-21,31,055,004-21,436.9546123926018,517.430769367187,97.4394190981749,18.045068625453837
31055005-01,31,055,005-01,572.7591739098697,550.5556790389585,65.6934010323122,24.197732245470462
31055005-02,31,055,005-02,564.7460708380046,617.6113809055025,58.92402212351676,17.680504165771826
31055005-03,31,055,005-03,701,559,54,15
31055005-05,31,055,005-05,394.59802420819994,439.1015607730346,44.50353656483458,16.812447146715286
31055005-06,31,055,005-06,408,394,61,9
31055005-07,31,055,005-07,739.236463258752,577.6495065290698,78.69399481441155,13.401120539692952
31055005-09,31,055,005-09,702.6984479608207,480.0879628403762,38.98498939177244,4.116978252526052
31055005-10,31,055,005-10,562.0561662351429,479.37755506720947,51.25207812760775,8.074477628611382
31055005-11,31,055,005-11,689,563,79,18
31055005-12,31,055,005-12,643.7807486804376,515.1508420894612,56.55916746267829,24.178933588057053
31055005-13,31,055,005-13,966.7409188594075,552.2750549011676,50.15760469367846,15.957651741243913
31055005-14,31,055,005-14,833.0367509203126,538.7054726095822,78.96403596403597,15.057524667113709
31055005-15,31,055,005-15,704.377095168109,441.1699618641284,73.1910719467634,8.297180776070599
31055005-16,31,055,005-16,659,463,53,18
31055005-17,31,055,005-17,792.1652542372882,441.98728813559325,47.347457627118644,8.182203389830509
31055005-18,31,055,005-18,732,544,73,18
31055005-19,31,055,005-19,578.0357142857142,382.0408163265306,48.75,4.974489795918367
31055005-23,31,055,005-23,567.5667711015365,559.4212285233357,46.08761499475427,15.205588282202429
31055005-24,31,055,005-24,598.3469396465775,452.4812677924367,54.575591510052675,20.837953122020114
31055005-25,31,055,005-25,703.9438337648571,412.62244493279053,43.747921872392254,12.925522371388618
31055005-26,31,055,005-26,372.56493506493507,264.7402597402597,29.805194805194805,6.136363636363636
31055005-27,31,055,005-27,476.95483061480553,273.3425345043915,26.03262233375157,6.508155583437892
31055005-28,31,055,005-28,552,422,42,8
31055005-30,31,055,005-30,749.0470417288252,495.8881854374117,59.16741530155946,10.64616920226069
31055005-31,31,055,005-31,671.2782683418277,463.57084864288254,69.93759630200309,6.680306981154439
31055005-32,31,055,005-32,460.48481173327855,281.48225349925326,38.23260153127645,6.694541501396003
31055005-33,31,055,005-33,169,138,15,6
31055005-34,31,055,005-34,250,189,34,9
31055005-35,31,055,005-35,730.7771959987496,497.96137185727684,67.72045951859957,8.457676506050998
31055006-02,31,055,006-02,615.8522567884263,485.97835266705505,37.42000525144876,4.225575367306772
31055006-03,31,055,006-03,587.5178718922633,449.5128583196205,31.86800566417123,15.893034300059421
31055006-04,31,055,006-04,589.6966904673641,526.6694127057862,36.54555523155715,12.204583211833933
31055006-07,31,055,006-07,460.6343930169496,591.5305003601609,46.96272553535061,2.9976207788521667
31055006-08,31,055,006-08,650.1362956916862,600.7358682712709,56.31861041711883,6.916881171937653
31055006-09,31,055,006-09,645.1572954419535,556.1453429007717,48.01362589694734,8.001673355765462
31055006-10,31,055,006-10,694,585,63,21
31055006-11,31,055,006-11,704,642,68,20
31055006-12,31,055,006-12,503.1816740525574,449.24368099835004,60.89769606434358,8.985432959433295
31055006-13,31,055,006-13,791.5818626886905,597.1068124725801,68.40830912124487,16.613446500873753
31055006-14,31,055,006-14,682.151021413925,539.1935544500558,58.02056657074213,9.499989313781324
31055006-15,31,055,006-15,608,433,41,10
31055006-16,31,055,006-16,746,493,53,10
31055006-17,31,055,006-17,578.4590927027427,341.8029581655087,57.52925038834501,5.736873206109977
31055006-18,31,055,006-18,165,130,18,1
31055006-19,31,055,006-19,809.1230644567754,460.6591948987697,59.97224766737599,16.274801188733388
31055006-20,31,055,006-20,699.8821551191792,460.3434578739508,49.02807164785889,13.725247936687362
31055006-21,31,055,006-21,821.4012400618042,410.2267000089295,65.14595731341603,9.023327090365212
31055006-22,31,055,006-22,927.6338891364367,423.0498117274944,44.47325204920722,6.129475443970366
31055006-23,31,055,006-23,562.5278698191509,291.3696728665696,38.39900158884399,12.859670724736528
31055006-24,31,055,006-24,769.0850882464769,368.7302148244341,53.52092653712332,11.134359585650907
31055006-25,31,055,006-25,474,514,40,10
31055006-26,31,055,006-26,480.28019968766387,478.3238648620522,39.12669651223331,14.67251119208749
31055006-27,31,055,006-27,539.9035642150366,514.2197605248355,50.917713674653,11.768570406116082
31055006-28,31,055,006-28,692,508,48,10
31055006-29,31,055,006-29,648.5409072972573,353.1970418344913,43.47074961165498,3.263126793890023
31055006-30,31,055,006-30,286.79425405937053,146.1497105455931,17.540116453552898,2.673804025342214
31055006-31,31,055,006-31,865.3773032955049,438.9364783208781,52.34022108439242,4.352910788259787
31055006-32,31,055,006-32,1050.1718734090925,481.8831499720713,53.74374135164652,12.765205978901516
31055006-33,31,055,006-33,831.7067305578596,374.3612653354665,57.50764733977767,8.294866746662139
31055006-34,31,055,006-34,1100.6245222498026,737.7369741648682,99.2678052312057,15.367116028094582
31055006-35,31,055,006-35,623.8889934300348,326.51598168307754,41.74624824636761,13.529570254500603
31055007-01,31,055,007-01,489.89966843320985,530.5329797120875,44.463453937379136,16.126204541707807
31055007-02,31,055,007-02,578.0081095837184,624.0082805689173,68.00090377890838,8.000293117483796
31055007-03,31,055,007-03,535.5084487655328,573.1708637133719,73.70030173010565,9.864742784160544
31055007-04,31,055,007-04,573.9292731438376,569.571930563872,63.35666270267399,23.299753025109464
31055007-05,31,055,007-05,524.6619238306212,662.9373093635512,68.64735451989435,18.63285336968561
31055007-09,31,055,007-09,538,644,86,22
31055007-10,31,055,007-10,599,641,70,20
31055007-11,31,055,007-11,545,594,71,13
31055007-12,31,055,007-12,721.6088560885609,625.9926199261993,51.35055350553505,15.435424354243542
31055007-13,31,055,007-13,771.6288936211565,475.7711831135628,61.97019611983381,16.99182796834153
31055007-14,31,055,007-14,440.2154501482597,270.8034763014998,28.75663209154171,3.5493462004192917
31055007-15,31,055,007-15,403.4509733654949,543.345879066924,55.89434471895798,11.207403677337416
31055007-16,31,055,007-16,519.0269465062247,409.32189299419616,44.25098008707265,10.140860554277873
31055007-17,31,055,007-17,683,430,78,7
31055007-18,31,055,007-18,509,628,86,29
31055007-19,31,055,007-19,502.7074449794624,694.2166198479794,51.55035062535994,17.193793828169994
31055007-20,31,055,007-20,710.2925550205376,545.7833801520208,46.44964937464006,5.8062061718300075
31055007-21,31,055,007-21,844.4557500540993,491.109308064571,55.794086735207266,6.322780489812384
31055007-24,31,055,007-24,536.9823761585026,535.3127427051544,47.432102584604635,13.884525653047964
31055007-25,31,055,007-25,578.5220801282804,629.3322279388798,54.85467519396937,16.65173576838471
31055007-26,31,055,007-26,535.04778131381,404.00804141728986,36.4909404515047,5.590051130987423
31055007-27,31,055,007-27,659.5622836649197,488.04610358371815,50.19132382931292,14.914565656067941
31055007-28,31,055,007-28,415.83767575736806,294.2029673803612,31.93810292274271,9.823862984701359
31055007-29,31,055,007-29,519.237624236181,443.22620521116914,53.361748410405696,8.088591447446293
31055007-30,31,055,007-30,573.3665175145211,436.4268435775421,48.888539211170844,11.94478023543058
31055007-31,31,055,007-31,572.9760653082778,385.5233282393008,39.78818338493522,6.6476602583423645
31055007-32,31,055,007-32,663.257872773941,458.95508276620154,43.57168507274065,8.71433701454813
31055007-33,31,055,007-33,479.88726292280137,291.595530814116,35.5457533017293,10.572762274766758
31055007-34,31,055,007-34,590.0667015627242,372.1488078474892,43.47939517017251,7.165653224514461
31055008-01,31,055,008-01,316.24223185518866,303.6361881925046,36.511433893451766,4.735686313500715
31055008-02,31,055,008-02,187.99999999999997,184,29,4
31055008-03,31,055,008-03,217.0765078623501,157.08375011145606,19.007613646496008,6.002228384340294
31055008-04,31,055,008-04,341,216,22,8
31055008-05,31,055,008-05,208.09743094630625,201.57426534001664,29.910838133496092,0.9939306955947392
31055008-06,31,055,008-06,212,173,20,1
31055008-07,31,055,008-07,281.84515086213383,187.33062932054136,19.895408871799088,3.4258572113964774
31055008-08,31,055,008-08,220.51348881738497,130.75495149937805,7.039290442963233,0.9858116195784505
31055008-09,31,055,008-09,409.27820697298387,202.1090613515964,23.120118490142865,1.0446282818803527
31055008-10,31,055,008-10,230.69675451357134,245.20957922618786,19.763845991600412,7.729443678410505
31055008-11,31,055,008-11,273.34303392386613,433.7331081228165,33.80536368454626,12.087020020305724
31055008-12,31,055,008-12,647.1723975906386,660.8175987446581,72.12463467124587,23.391773406890554
31055008-13,31,055,008-13,989.253390697075,419.3033937556633,66.35465372355978,9.485704594897843
31055008-14,31,055,008-14,544.9764997462795,234.53493844229385,33.71662281406943,5.56784535063672
31055008-15,31,055,008-15,661.6123432627838,422.5341366265272,38.0573471788327,3.9033176593674566
31055008-16,31,055,008-16,545.7119689486,302.2047736570246,35.20644628409041,5.378441525475071
31055008-17,31,055,008-17,632.8871283920724,482.96925510960233,51.045483650888805,8.989246145472613
31055008-18,31,055,008-18,586.9148229238115,514.1998474110409,53.93216296392822,7.888050883932769
31055008-19,31,055,008-19,476.6787986865358,353.2568711850797,42.99088985301687,6.857040809939013
31055008-20,31,055,008-20,537.6367135119942,433.7246790887968,54.910119892862205,12.429882690174416
31055008-23,31,055,008-23,402.3487872458491,327.97551636254764,33.57918192625667,8.810135843909674
31055008-24,31,055,008-24,528.1422692200765,276.35340786828147,43.865483888170665,7.018474788014414
31055008-27,31,055,008-27,110.84897858607498,89.80644554994424,6.979433429257861,6.500010686218675
31055008-37,31,055,008-37,606.1400479867109,432.10962637878083,56.36212517984098,6.921664495769945
31055008-39,31,055,008-39,918.9720744487441,319.7983322340109,64.5055090476268,8.940308867918374
31055008-40,31,055,008-40,988.1269902319386,363.41697673496265,49.120394021877026,8.993461596167233
31055008-41,31,055,008-41,815.3161238371414,287.6826736514867,41.485401107521305,6.3837296545694215
31055008-42,31,055,008-42,452.4505206875275,249.45806859683134,26.857561572236524,6.649049522322376
31055008-43,31,055,008-43,763.0937455392943,422.47519520673313,45.3958397823304,4.91131357693191
31055008-44,31,055,008-44,317.8991096553179,215.14384188794241,39.06840909905422,5.35183686288414
31055008-45,31,055,008-45,915.175754596658,428.22615492272035,50.75610784750787,6.255779465357437
31055008-46,31,055,008-46,626.484099656555,435.9061326878908,69.52979229682514,6.115373561085264
31055008-47,31,055,008-47,429.3071408729691,314.4153745099214,42.764133523078506,5.931334066419209
31055008-48,31,055,008-48,778.6810231826671,240.88635343151083,38.720825171114505,5.277890157952991
31055008-49,31,055,008-49,634.557824933687,316.1864721485411,56.50026525198939,8.195755968169761
31055008-50,31,055,008-50,697,514,59,5
31055008-51,31,055,008-51,867.7107549603624,649.2281604231314,56.947035530958395,17.66513626415707
31055008-52,31,055,008-52,281.0439461033923,282.9855277690461,26.21135248632674,3.3977679148942066
31055008-53,31,055,008-53,794.5706028016995,518.8169395308552,57.378190746385364,8.354718375786366
31055008-55,31,055,008-55,727.3189768173329,282.1136465684892,54.279174828885495,8.72210984204701
31055008-56,31,055,008-56,663.0585831062671,486.64850136239784,66.3058583106267,9.124659400544958
31055008-57,31,055,008-57,413.77010955664554,175.1616678020429,27.92872346237079,3.946450054465438
31055008-58,31,055,008-58,383.04534499207637,212.11917219004854,24.712383396303743,3.775412366714027
31055008-59,31,055,008-59,310.40557321614455,195.397258741941,20.13060200453004,4.297562114642785
31055008-60,31,055,008-60,326.9976367348802,517.3311355182921,40.31106974720284,14.51933565174264
3105700001P,31,057,00001P,279,31,9,2
3105700002P,31,057,00002P,300,24,12,0
3105700003P,31,057,00003P,137,15,4,0
3105700004P,31,057,00004P,107,19,6,4
3105900001P,31,059,00001P,223,87,18,1
3105900002P,31,059,00002P,216,46,23,5
3105900003P,31,059,00003P,174,28,13,3
3105900004P,31,059,00004P,248.95384615384614,72.25384615384615,12.876923076923077,1.4307692307692308
3105900005P,31,059,00005P,290,104,23,2
3105900006P,31,059,00006P,99.04615384615384,28.746153846153845,5.1230769230769235,0.5692307692307692
3105900007P,31,059,00007P,202.99999999999997,77,19,4
3105900008P,31,059,00008P,243,85,14,2
3105900009P,31,059,00009P,158,23,10,1
3105900010P,31,059,00010P,275,62,13,1
3106100001P,31,061,00001P,374,72,16,2
3106100003P,31,061,00003P,239,48,5,0
3106100005P,31,061,00005P,458,71,16,1
3106100007P,31,061,00007P,276,59,17,4
3106300001P,31,063,00001P,180.20960698689956,30.864628820960696,6.96943231441048,0.9956331877729258
3106300002P,31,063,00002P,334.79039301310047,48.1353711790393,10.03056768558952,3.004366812227074
3106300004P,31,063,00004P,269,59,10,3
3106300005P,31,063,00005P,94,5,3,0
3106300006P,31,063,00006P,232,18,6,1
3106500001P,31,065,00001P,278.5884773662552,52.54320987654321,14.230452674897121,1.094650205761317
3106500001W,31,065,00001W,55.5082304526749,10.469135802469136,2.835390946502058,0.21810699588477367
3106500002P,31,065,00002P,125,16,6,0
3106500002W,31,065,00002W,74.36008230452676,14.024691358024691,3.7983539094650207,0.29218106995884774
3106500003P,31,065,00003P,205.2256289308176,28.728074772886092,12.373078266946191,0.8518518518518519
3106500003W,31,065,00003W,100.54320987654322,18.962962962962962,5.135802469135802,0.3950617283950617
3106500004P,31,065,00004P,94.94103773584905,8.808962264150944,0.9787735849056604,0
3106500004W,31,065,00004W,52.11666666666667,7.32037037037037,3.1685185185185185,0.21851851851851853
3106500005P,31,065,00005P,252,39,7,3
3106500005W,31,065,00005W,221.71666666666667,31.142592592592592,13.47962962962963,0.9296296296296297
3106500006P,31,065,00006P,72,17,1,2
3106500007P,31,065,00007P,80.76521739130435,11.965217391304348,1.9942028985507245,0.9971014492753623
3106500008P,31,065,00008P,308.23478260869564,48.03478260869566,13.005797101449277,1.0028985507246377
3106700001P,31,067,00001P,726,298,59,9
3106700004P,31,067,00004P,672,214,44,8
3106700007P,31,067,00007P,518.1448243198957,202.81579056835974,36.628714266290345,8.25063357360886
3106700008P,31,067,00008P,388,134,28,2
3106700011P,31,067,00011P,349,138,23,1
3106700015P,31,067,00015P,627,283,41,12
3106700016P,31,067,00016P,561.3873740418953,293.3776835275441,60.44616540748357,18.79632779737029
3106700017P,31,067,00017P,844.8681998439249,491.337164987932,70.06068969782777,19.013486599517282
3106700021P,31,067,00021P,858,454,77,9
3106700026P,31,067,00026P,835.6079622570296,426.4719718247956,52.865374999605464,16.93957980512731
3106900001P,31,069,00001P,92,12,4,1
3106900002P,31,069,00002P,312,49,17,1
3106900003P,31,069,00003P,243,48,9,0
3106900004P,31,069,00004P,222,44,9,0
3107100003P,31,071,00003P,352.9697692285748,39.17618284980875,11.0222657473778,4.00274092648722
3107100004P,31,071,00004P,260.28461818683576,49.86295367563904,4.986295367563904,0.9972590735127808
3107100005P,31,071,00005P,207.74561258458937,31.96086347455221,6.9914388850582965,0
3107300001P,31,073,00001P,266,74,11,4
3107300002P,31,073,00002P,304,56.00000000000001,21,2
3107300003P,31,073,00003P,164,26,3,0
3107300004P,31,073,00004P,60,10,3,0
3107500002P,31,075,00002P,367,20,6,1
3107700001P,31,077,00001P,154,37,3,0
3107700002P,31,077,00002P,238,83,21,0
3107700003P,31,077,00003P,369,73,10,6
3107700004P,31,077,00004P,151,17,4,0
31079000001,31,079,000001,538.6092032967033,394.9800824175824,39.89697802197802,6.981971153846154
31079000002,31,079,000002,197.61195054945054,212.44876373626374,19.04532967032967,5.007932692307692
31079000003,31,079,000003,503.6423295820669,327.85393316102915,46.11023194251251,8.009190023000054
31079000005,31,079,000005,776,288,37,7
31079000006,31,079,000006,780.4118136439268,315.5216306156406,44.0324459234609,8.980865224625624
31079000007,31,079,000007,542,312,48,13
31079000008,31,079,000008,638.5238669048024,396.14106076285333,65.67899653898151,13.111960093417208
31079000009,31,079,000009,892.1076237590145,371.8030122178328,60.036068693512036,13.33117456026165
31079000010,31,079,000010,586,354,55,11
31079000011,31,079,000011,635.521130083506,326.3831838849309,47.045982066191705,15.00459820661917
31079000012,31,079,000012,377,307,39,15
31079000013,31,079,000013,905.7531882653136,320.7066009952291,44.704556502365264,1.943676369668055
31079000014,31,079,000014,1126.327924133296,310.1161104763816,49.01618509670774,8.000703699856858
31079000015,31,079,000015,830.4047650098925,313.46784137379717,40.68746364380589,6.474204684565548
31079000016,31,079,000016,662.7400033586375,199.60106676187516,32.82490448953327,7.986735974211595
31079000017,31,079,000017,505.8008813891686,234.5163431439934,37.27639556474416,3.034331489978292
31079000018,31,079,000018,337.9869596435621,247.20423310557211,29.713892698564464,2.96935298988651
3107900004P,31,079,00004P,475,229,17,6
3107900029P,31,079,00029P,288.8275454555425,52.61346055062833,11.911190035679457,0.9926234443621281
3107900030P,31,079,00030P,514,110,22,8
3107900037P,31,079,00037P,387.4730336146598,136.69946316778197,17.116961267244672,2.018553638645155
3107900039P,31,079,00039P,388.09792398468124,92.17072732910056,17.077010655644674,7.1711103434816
3107900040P,31,079,00040P,425.6271308430462,86.16171630278014,18.026952963735418,8.009974015771688
3107900041P,31,079,00041P,426.86291137288805,104.69106021749155,17.955308742986926,6.986620426518114
3107900042P,31,079,00042P,375.5833152734379,92.90635313495488,13.840085940546615,1.982723454944509
3107900043P,31,079,00043P,290.08649983640356,146.01335664428112,25.003059541475086,4.001697514032397
3108100001P,31,081,00001P,203,34,10,0
3108100002P,31,081,00002P,386,92,21,4
3108100003P,31,081,00003P,421,68,35,8
3108100004P,31,081,00004P,166,26,6,0
3108100005P,31,081,00005P,438.33387510132326,102.78816109979115,20.06121639610028,3.0459122970752124
3108100006P,31,081,00006P,231.99123077476213,31.99879045169133,8.999659814538187,3.9998488064614164
3108100007P,31,081,00007P,282.76526538511644,40.855587259818066,7.976117209129946,1.9891866433165546
3108100008P,31,081,00008P,252.5218137904017,51.12605222744224,8.019801329101046,1.009702993985076
3108100009P,31,081,00009P,421,146,38,4
3108100010P,31,081,00010P,440,118,29,6
3108100011P,31,081,00011P,542.0087692252379,168.00120954830868,40.000340185461816,11.000151193538585
3108300003P,31,083,00003P,111.61392579683518,24.199334842352805,4.050176225218574,0.6750293708697623
3108300004P,31,083,00004P,182.9578446173499,39.947973522238996,16.305655556845895,2.6962025316455693
3108300005P,31,083,00005P,113.23076923076923,16.512820512820515,2.830769230769231,0.9435897435897436
3108300006P,31,083,00006P,321.97020097020095,44.145992145992146,10.892723492723492,1.3576345576345576
310830000P7,31,083,0000P7,329.89167379925914,54.20589098860756,12.266396215163528,0.6458621145786851
31083008301,31,083,008301,242.66891891891893,44.972972972972975,3.402027027027027,0
31083008302,31,083,008302,193.66666666666669,30.015015015015017,12.252252252252253,0.6816816816816818
3108500001P,31,085,00001P,163,5,2,0
3108500002P,31,085,00002P,167,7,2,0
3108500003P,31,085,00003P,142,18,4,1
3108700001P,31,087,00001P,290,36,17,0
3108700002P,31,087,00002P,144,15,12.000000000000002,1
3108700004P,31,087,00004P,498.99999259575026,60.99999909487127,20.999999688398304,1.9999999703236482
3108700005P,31,087,00005P,299.00000740424974,49.00000090512873,11.000000311601694,4.000000029676351
3108900001P,31,089,00001P,171.3191056910569,22.046747967479675,14.010162601626016,4
3108900002P,31,089,00002P,515.0740131640882,53.83337992072301,10.202002375992096,1.0548053678149931
3108900003P,31,089,00003P,449,41,8,0
3108900004P,31,089,00004P,156.82222222222222,22.982655826558265,4.985907859078591,0.00975609756097561
3108900005P,31,089,00005P,307,13,7,1
3108900006P,31,089,00006P,138.3710407239819,21.900452488687783,7.963800904977376,0.995475113122172
3108900007P,31,089,00007P,413,55,19,4
3108900008P,31,089,00008P,428.6289592760181,41.09954751131222,21.036199095022624,3.004524886877828
3108900009P,31,089,00009P,519.3514610906543,86.22895070258322,19.81154775950926,4.945194632185007
3108900010P,31,089,00010P,404,69,18,3
3108900011P,31,089,00011P,392,47,6,4
3108900012P,31,089,00012P,245,25,11,1
3108900013P,31,089,00013P,215,33,15,0
3109100001P,31,091,00001P,355,40,16,3
3109300001P,31,093,00001P,223.76525512530537,41.954848392425205,7.158433765865119,3.0181488203266786
3109300002P,31,093,00002P,93.90173410404624,12.355491329479769,2.4710982658959537,0
3109300003P,31,093,00003P,209.23016520703507,51.164612993364614,7.2478985053795375,0.062391681109185436
3109300004P,31,093,00004P,541.1998992897832,139.14723099356922,26.434527868405315,4.981851179673321
3109300005P,31,093,00005P,447.90294627383014,102.37781629116118,19.688041594454074,3.9376083188908146
3109300006P,31,093,00006P,162.7449768160742,45.86244204018547,6.194744976816074,3.0463678516228745
3109300007P,31,093,00007P,293.2550231839258,92.13755795981453,20.805255023183925,4.953632148377125
3109300008P,31,093,00008P,312,59,18,2
3109500001P,31,095,00001P,240.10559829360992,112.03099080355943,22.00612164020927,5.001530410052317
3109500002P,31,095,00002P,168.67192881921798,76.3984618769399,11.906253799003622,0
3109500003P,31,095,00003P,316,95,25,5
3109500004P,31,095,00004P,264.95346821339984,111.98017173136388,23.99575421246581,8.99839907358874
3109500005P,31,095,00005P,154,38,12,0
3109500006P,31,095,00006P,300.99163953725446,93.99738909136849,33.99905562879286,0.9999722243762605
3109500007P,31,095,00007P,238.1292322838299,59.83666149025893,21.140190322912197,2.011611030478955
3109500008P,31,095,00008P,168.0279846877328,34.0119894947752,8.00256605027828,1.0009710249402928
3109500009P,31,095,00009P,273,135,8,3
3109500010P,31,095,00010P,275.11178770220954,80.74172460310265,15.949113975130823,3.987488460939695
3109700001P,31,097,00001P,382,155,45,7
3109700003P,31,097,00003P,188,61,27,1
3109700004P,31,097,00004P,70,24,2,1
3109700005P,31,097,00005P,198.61381679907709,83.84359689496064,16.275163715665766,5.073376990844205
3109700007P,31,097,00007P,390.3861832009229,199.15640310503937,29.724836284334234,7.926623009155795
3109700008P,31,097,00008P,126,40,2,0
3109900002P,31,099,00002P,331,74,14,2
3109900003P,31,099,00003P,86,12,5,0
3109900005P,31,099,00005P,191,33,14,2
3109900006P,31,099,00006P,65,8,10,2
3109900007P,31,099,00007P,383,73,23,6
3109900008P,31,099,00008P,224,15.000000000000002,2,2
3109900011P,31,099,00011P,190,23,6,1
3109900012P,31,099,00012P,71,11,5,0
3109900013P,31,099,00013P,275,99,17,3
3109900014P,31,099,00014P,317,100,27,5
3109900015P,31,099,00015P,398,102,25,3
3110100001P,31,101,00001P,163,46,0,1
3110100002P,31,101,00002P,151,28,1,0
3110100003P,31,101,00003P,416.47200000000004,42.06,26.016000000000002,4
3110100004P,31,101,00004P,317,41,18,0
3110100005P,31,101,00005P,170.2537313432836,28.67910447761194,5.007462686567164,0.9104477611940298
3110100006P,31,101,00006P,117.528,14.94,3.984,0
3110100007P,31,101,00007P,160.01990049751242,26.955223880597018,4.706467661691542,0.8557213930348259
3110100008P,31,101,00008P,512,90,33,2
3110100009P,31,101,00009P,337,62.99999999999999,22,4
3110100010P,31,101,00010P,325.72636815920396,91.36567164179105,21.286069651741293,5.233830845771145
3110100011P,31,101,00011P,265,46,15,4
3110100012P,31,101,00012P,300,53,14,3
3110300001P,31,103,00001P,75.69156020657788,6.115802042480488,3.2732594260862813,0.0027472527472527475
3110300002P,31,103,00002P,85.3356890459364,6.890459363957597,3.7102473498233217,0
3110300003P,31,103,00003P,176.41509433962264,21.698113207547166,6.60377358490566,0
3110300004P,31,103,00004P,127.07143627262226,5.759029649595687,3.6117366191759723,0.026122448979591838
3110500001P,31,105,00001P,126,22,11,0
3110500002P,31,105,00002P,273.1178247734139,30.561933534743204,12.797583081570997,4.193353474320242
3110500003P,31,105,00003P,188,25,6,2
3110500004P,31,105,00004P,294,49,16,4
3110500005P,31,105,00005P,448.8821752265861,103.4380664652568,32.202416918429,7.806646525679758
3110700001P,31,107,00001P,533,110,24,4
3110700002P,31,107,00002P,558,123,21,5
3110700003P,31,107,00003P,725,124,32,7
3110700004P,31,107,00004P,124,26,7,0
3110700005P,31,107,00005P,115,110,7,8
3110700006P,31,107,00006P,258.06634787806337,64.2104004781829,9.06216377764495,0.007172743574417214
3110700007P,31,107,00007P,444.93365212193663,87.7895995218171,25.937836222355052,2.9928272564255827
3110700008P,31,107,00008P,430,75,11,2
3110900001P,31,109,00001P,443.12286033518444,342.4750780458594,45.51642324201221,6.63305666429382
3110900002P,31,109,00002P,319,351,50.00000000000001,15
3110900003P,31,109,00003P,384,406,55,8
3110900004P,31,109,00004P,185.00000000000003,240,27,16
3110900005P,31,109,00005P,248,367,22,9
3110900006P,31,109,00006P,201,316,50,6
3110900008P,31,109,00008P,167.80403458213257,382.3275696445725,38.14121037463977,20.549471661863592
3110900009P,31,109,00009P,162.3377796430787,431.3292580562753,45.19882486040655,15.032827269077771
3110900010P,31,109,00010P,276.1426695227338,197.63975037389218,26.726082241514685,3.8185298824877933
3110900011P,31,109,00011P,329.8008716377256,221.19575076608785,25.90580864828056,3.9855090228123937
3110900012P,31,109,00012P,314.19912836227445,193.80424923391215,18.09419135171944,5.014490977187607
3110900014P,31,109,00014P,577.1199090325027,469.45739048379914,47.837770154372656,4.787101048305798
3110900015P,31,109,00015P,310,280,42,20
3110900016P,31,109,00016P,323.9073806078148,265.5861070911722,34.99276410998553,13.458755426917511
3110900017P,31,109,00017P,276.05493311170426,298.23128805920055,23.150894241373248,10.37604487988876
3110900018P,31,109,00018P,330,255,39,4
3110900021P,31,109,00021P,454.42307692307696,375.8333333333333,48.371794871794876,9.012820512820513
3110900022P,31,109,00022P,338.36538461538464,216.75,28.44230769230769,0.9807692307692307
3110900023P,31,109,00023P,472.21153846153845,566.4166666666666,75.18589743589743,8.0064102564102555
3110900027P,31,109,00027P,319,396,38,17
3110900028P,31,109,00028P,311.3772330674216,310.38965031291855,39.9403077941887,12.489230268717792
3110900029P,31,109,00029P,264.9140753133378,350.3801082092803,53.60046852784349,6.726270517769798
3110900031P,31,109,00031P,408,446,75.99999999999999,27.999999999999996
3110900032P,31,109,00032P,220,193,21,7
3110900033P,31,109,00033P,50.602129719264276,78.01161665053243,10.190706679574056,1.7570183930300096
3110900034P,31,109,00034P,234.1916747337851,361.0454985479187,47.16360116166505,8.131655372700871
3110900035P,31,109,00035P,261.2322689651945,410.62334474414985,40.73430426508041,14.829789590799665
3110900036P,31,109,00036P,213.76293823038398,255.08514190317194,33.375626043405674,16.687813021702837
3110900038P,31,109,00038P,215,213,29,12
3110900039P,31,109,00039P,127.3913913913914,181.23723723723722,28.236236236236238,14.446446446446446
3110900041P,31,109,00041P,178.92342683851402,293.3737680060652,44.37604245640637,15.315390447308566
3110900042P,31,109,00042P,66.6086086086086,94.76276276276276,14.763763763763764,7.553553553553553
3110900043P,31,109,00043P,229,303,43,20
3110900044P,31,109,00044P,290,348,36,17
3110900046P,31,109,00046P,231.9864636209814,429.0806542583192,55.639029892837,19.80372250423012
3110900047P,31,109,00047P,250.0135363790186,344.91934574168073,53.360970107163,21.19627749576988
3110900049P,31,109,00049P,156.4473579296283,393.7405521012838,35.28485672953785,13.640551613111443
3110900050P,31,109,00050P,369,584,69,13
3110900051P,31,109,00051P,178,316,36,12
3110900053P,31,109,00053P,219,364,38,11
3110900054P,31,109,00054P,190,318,17,13
3110900055P,31,109,00055P,150.62219101123594,230.97644851584772,40.37063977863492,9.834678433674325
3110900056P,31,109,00056P,173,312,27,5
3110900057P,31,109,00057P,145,230,16,9
3110900058P,31,109,00058P,158.3137948639099,159.1989127488805,14.784705829775675,5.8421097050021364
3110900059P,31,109,00059P,220,279,33,9
3110900060P,31,109,00060P,307,259,27,2
3110900061P,31,109,00061P,265.076496743487,276.076496743487,26.73870397044088,4.295481588176353
3110900063P,31,109,00063P,280,318,28,5
3110900064P,31,109,00064P,216.62264150943395,255.30188679245282,24.11320754716981,7.452830188679245
3110900065P,31,109,00065P,240.37735849056602,199.69811320754718,25.88679245283019,5.547169811320755
3110900066P,31,109,00066P,288,220,26,5
3110900067P,31,109,00067P,214,265,16,5
3110900068P,31,109,00068P,306,338,31,7
3110900069P,31,109,00069P,232.1559633027523,232.1559633027523,25.58453473132372,4.737876802096985
3110900070P,31,109,00070P,159.8108108108108,156.5823095823096,20.447174447174447,4.842751842751843
3110900071P,31,109,00071P,307,375,37,9
3110900072P,31,109,00072P,409,364,28,5
3110900073P,31,109,00073P,423,329,18,5
3110900074P,31,109,00074P,260,259,23,2
3110900075P,31,109,00075P,261,226,22,5
3110900076P,31,109,00076P,374.8468977162873,252.66745133980322,35.95474005348332,8.600500935330379
3110900077P,31,109,00077P,229.4054054054054,235.06388206388206,47.4963144963145,7.0122850122850124
3110900078P,31,109,00078P,201,232,20,9
3110900080P,31,109,00080P,348.69005723702827,330.18416034456027,31.16782634520923,10.713940306165673
3110900081P,31,109,00081P,364.6320446953576,378.87847661909973,51.69877312286946,27.35627904894012
3110900082P,31,109,00082P,366.82359737903636,391.6851213675891,44.18319225832222,8.00622521727408
3110900083P,31,109,00083P,328.35492503017696,364.81044487427465,39.81719288550195,12.56238274603336
3110900084P,31,109,00084P,424,387,38,4
3110900086P,31,109,00086P,301.76022299103875,244.65238748352994,37.332521709649335,8.842338246738738
3110900087P,31,109,00087P,310,329,48,6
3110900088P,31,109,00088P,343,328,16,9
3110900089P,31,109,00089P,355.7838464289399,293.6307263405187,31.65356645023878,2.10054868465212
3110900090P,31,109,00090P,292.2342755778898,355.74418832654925,29.825410107520877,1.2837347244603008
3110900091P,31,109,00091P,319.07566718508195,331.0716513288904,31.00676354726989,5.002324969374026
3110900092P,31,109,00092P,282,262,27,4
3110900093P,31,109,00093P,338.6666666666667,271.11111111111114,17.77777777777778,1.777777777777778
3110900094P,31,109,00094P,435.1591760299625,499.5293383270912,47.51435705368289,7.059300873907616
3110900095P,31,109,00095P,268,303,28,9
3110900096P,31,109,00096P,111.17415730337079,100.35955056179776,14.707865168539326,2.162921348314607
3110900097P,31,109,00097P,288,385,63,23
3110900098P,31,109,00098P,246.75,257.765625,28.640625,11.75
3110900099P,31,109,00099P,291.81475826017777,291.96381121401936,28.12256308220053,11.890416993329687
3110900100P,31,109,00100P,331,322,37,16
3110900103P,31,109,00103P,292.7698691802405,423.66697792635483,48.961513958470256,14.988218558715383
3110900104P,31,109,00104P,361.42201834862385,414.42201834862385,67.70773263433814,12.131061598951508
3110900105P,31,109,00105P,181.42201834862385,177.42201834862385,18.70773263433814,9.131061598951508
3110900106P,31,109,00106P,333.47287555759794,428.3229449527231,43.93055845668955,14.97632674659871
3110900108P,31,109,00108P,264,396,52,16
3110900109P,31,109,00109P,203.5008576329331,554.2092624356775,27.36878216123499,15.360205831903945
3110900110P,31,109,00110P,189.52712444240206,521.6770550472769,36.06944154331045,10.02367325340129
3110900111P,31,109,00111P,258.26666666666665,352.7333333333333,25.133333333333333,14.733333333333333
3110900112P,31,109,00112P,325.51851851851853,450.537037037037,42.53703703703704,7.314814814814815
3110900113P,31,109,00113P,413.0180351151216,477.778697422536,73.59084243474119,11.876401103525614
3110900115P,31,109,00115P,253.89965397923876,285.7508650519031,30.941176470588236,9.100346020761245
3110900116P,31,109,00116P,295.5668202764977,314.16129032258067,30.493087557603687,6.414746543778802
3110900117P,31,109,00117P,350.50377114792786,283.08542620084086,32.76859130749074,2.846459266818682
3110900118P,31,109,00118P,348,368,40,6
3110900119P,31,109,00119P,566.3933968526338,457.80396698127953,42.87488195091496,5.927664214143713
3110900120P,31,109,00120P,295.27427978390506,293.49821235801824,45.75675026582722,10.69354694823461
3110900121P,31,109,00121P,217,411,54,12
3110900123P,31,109,00123P,185,511,29,16
3110900124P,31,109,00124P,186,475,34,5
3110900125P,31,109,00125P,193.69811320754715,369.33962264150944,31.18867924528302,8.20754716981132
3110900127P,31,109,00127P,155.463249516441,522.1218568665378,33.24371373307544,26.39941972920696
3110900128P,31,109,00128P,138,411,34,22
3110900130P,31,109,00130P,190,558,72,46
3110900132P,31,109,00132P,159,647,44,24
3110900133P,31,109,00133P,177,420,21,17
3110900135P,31,109,00135P,140.79235815890112,567.7025432512158,41.487774957372444,42.510836271612746
3110900136P,31,109,00136P,143.73973626344383,321.4677333575557,28.164871130805437,8.741080522162397
3110900138P,31,109,00138P,302.73224043715845,193.98907103825138,11.475409836065573,0.546448087431694
3110900139P,31,109,00139P,197.6324110671937,460.5629587803501,34.4884246188594,17.233201581027668
3110900140P,31,109,00140P,241.9313587642672,444.1979946925752,31.61112517715696,26.0822708232834
3110900143P,31,109,00143P,223.94261609755162,438.852498938959,35.92341419704301,31.963051433046097
3110900144P,31,109,00144P,192.00342563516986,447.06679988581215,49.88324293462746,25.41221809877248
3110900145P,31,109,00145P,89.08365740028513,261.26292353226535,26.47696704594909,12.792998618173582
3110900146P,31,109,00146P,121.23714036617262,420.97297297297297,39.06974716652136,24.07323452484743
3110900148P,31,109,00148P,106.43170057878163,339.54822153146165,27.042023950146884,11.016236526193115
3110900150P,31,109,00150P,158.77266949660645,331.6063265942394,47.73922584358587,17.6517015612634
3110900152P,31,109,00152P,160.154842232341,493.6516713503549,50.801778549208784,27.78903115278842
3110900154P,31,109,00154P,261.0338527965922,386.65118939877226,35.03837468464997,22.79028419208455
3110900155P,31,109,00155P,282.4007133232146,435.65998176617626,42.0120425890026,12.25649730249613
3110900156P,31,109,00156P,430.6801853997683,493.8725376593279,46.66512166859791,11.666280417149478
3110900158P,31,109,00158P,435.0115228644418,552.4261374428974,42.3462544381315,16.361052851096265
3110900159P,31,109,00159P,292.5567765567765,312.02564102564105,32.61172161172161,6.622710622710622
3110900160P,31,109,00160P,268.0209640255191,295.97803705331575,34.03602775668944,13.747512686298798
3110900162P,31,109,00162P,396.6627774575327,415.12849665162094,61.34535292283786,13.454406787269841
3110900163P,31,109,00163P,348.2584615384615,187.09230769230768,26.126153846153848,5.0369230769230775
3110900164P,31,109,00164P,373.7876923076923,339.1384615384615,26.28923076923077,6.2553846153846155
3110900166P,31,109,00166P,417,268,29,10
3110900167P,31,109,00167P,396.25044884868134,249.23752471815015,46.84799185003128,4.662909314166962
3110900168P,31,109,00168P,354.67619082919424,317.07910920532026,54.151075288744835,13.04316436821281
3110900170P,31,109,00170P,337.1473997147168,305.7048165463476,45.16074278943784,15.017620992490256
3110900172P,31,109,00172P,275.63122923588037,294.50830564784053,56.95681063122924,10.299003322259136
3110900174P,31,109,00174P,349,459.99999999999994,59.99999999999999,20
3110900176P,31,109,00176P,294.4133518653538,289.2348168239577,29.591969606633565,10.338261527859144
3110900179P,31,109,00179P,389,296,33,5
3110900182P,31,109,00182P,249.71945701357467,223.9547511312217,26.755656108597286,12.882352941176471
3110900184P,31,109,00184P,207.79120605910006,120.77218828908809,12.776027181593335,6.024416705380413
3110900185P,31,109,00185P,436.012987012987,357.2493506493506,37.506493506493506,8.438961038961038
3110900186P,31,109,00186P,475,188,31,7
3110900187P,31,109,00187P,298.9862577175861,139.2001593308106,27.447918741286596,0
3110900188P,31,109,00188P,467.51463578568263,200.1276877732091,44.45039528946636,4.214237687354484
3110900190P,31,109,00190P,431,173,40,5
3110900191P,31,109,00191P,559.3030847235019,304.3249277736478,44.46195978061787,10.44805568242784
3110900192P,31,109,00192P,445.47404664673985,182.33552851751605,34.44108933047419,5.0799563841312905
3110900193P,31,109,00193P,334.2392173766527,267.5126982757397,29.16066265546285,8.06387325652217
3110900194P,31,109,00194P,51.47872663207774,43.224600929209906,5.53191815821341,1.1605495914078512
3110900195P,31,109,00195P,254.0031007065164,92.00222092127646,15.000300414472177,4.2916353168223575e-5
3110900197P,31,109,00197P,377.6118352926927,197.30788027558546,22.908479120716,3.5241227527564556
3110900198P,31,109,00198P,307.89637305699483,127.30330809087285,20.723794340374653,0
3110900199P,31,109,00199P,479.963604237021,223.7362813341881,33.54800574423719,3.7282214066161976
3110900200P,31,109,00200P,195.2237174475244,81.73299913168444,10.08849477114482,0.21338912133891214
3110900202P,31,109,00202P,815,388,38,16
3110900204P,31,109,00204P,619.8481321278725,205.79571095826225,22.430490221349572,16.062097537766007
3110900205P,31,109,00205P,375.30642905757713,236.09941708104802,23.30206789512723,3.1851428483980557
3110900206P,31,109,00206P,381.1876838894686,128.30563160398876,21.59876700639355,7.1096256434955905
3110900207P,31,109,00207P,346.75755041424105,167.1366811104981,25.938608567143113,3.6383413178308612
3110900208P,31,109,00208P,565.8745341629373,209.50509361873185,23.428819030273768,8.007253508230956
3110900209P,31,109,00209P,431.9460107978404,150.58668266346731,41.60947810437912,3.9628074385122973
3110900210P,31,109,00210P,539,316,55,16
3110900211P,31,109,00211P,329,134,31,2
3110900212P,31,109,00212P,323.6267845003399,298.1012916383413,39.19986403806934,1.82324949014276
3110900213P,31,109,00213P,359,316,45,7
3110900215P,31,109,00215P,327.2988505747126,376.14942528735634,72.29885057471265,17.586206896551726
3110900216P,31,109,00216P,489,279,23,1
3110900218P,31,109,00218P,287.32446745847204,445.89636507163533,57.46460899667307,19.814908254276993
3110900300P,31,109,00300P,0.005878583011007965,0.002370396375406437,3.318554925569013e-4,9.48158550162575e-5
3110900301P,31,109,00301P,137.8596347930302,112.49956366236214,11.44063359278259,1.144063359278259
3110900303P,31,109,00303P,615.4371504731342,265.36846085889755,21.802953483144787,10.075907939635295
3110900304P,31,109,00304P,678.6545314416369,464.07993694170756,55.88919670695833,9.98021369767113
3110900305P,31,109,00305P,550.3454685583631,350.92006305829244,38.11080329304167,10.01978630232887
3110900306P,31,109,00306P,335.3301838826464,207.13357464108677,21.038474290948137,2.8400062949615044
3110900307P,31,109,00307P,433,361,36,6
3110900308P,31,109,00308P,656.9368961306809,597.6511693751455,81.00316989869863,5.928138039145135
3110900309P,31,109,00309P,333,245,37,2
3110900310P,31,109,00310P,183.20445469413474,177.0083472720234,24.39752727898937,3.9577957071195025
3110900311P,31,109,00311P,331.20733428412274,241.5502858681328,28.81365620386106,7.1720237651934236
3110900312P,31,109,00312P,465.3122373851469,340.09376069652046,51.945946913928395,11.266089366988334
3110900313P,31,109,00313P,290,334,58,11
3110900314P,31,109,00314P,368.40972850678736,320.18775223186987,37.05162651339122,10.782414088296441
3110900315P,31,109,00315P,308.11206896551727,213.1034482758621,29.301724137931036,5.327586206896552
3110900316P,31,109,00316P,422.09067106419724,294.09666052527353,56.22789649878448,7.694682868133731
3110900317P,31,109,00317P,492.56412996965474,325.1513511328286,54.33301099885963,10.350436504411777
3110900318P,31,109,00318P,334.88332334448586,309.79218680894365,28.0946417869092,9.045568267771095
3110900319P,31,109,00319P,107.2918955483178,101.61789084247732,16.547128569791607,2.290120923464849
3110900320P,31,109,00320P,392,257,34,0
3110900321P,31,109,00321P,396.5424961497582,461.91717152254284,48.45718099674819,9.581426741534223
3110900322P,31,109,00322P,362,293,29,2
3110900323P,31,109,00323P,229.07249466950958,233.2686567164179,14.53091684434968,6.588486140724947
3110900324P,31,109,00324P,342.99999999999994,229,38,5
3110900325P,31,109,00325P,273,327,32,2
3110900326P,31,109,00326P,417.1357586512866,284.7701863354037,31.553682342502217,1.0851818988464952
3110900327P,31,109,00327P,2.1458333333333335,2.575,0,0.4291666666666667
3110900328P,31,109,00328P,0,0,0,0
3110900329P,31,109,00329P,732.5546279334828,328.8612112810068,60.061252800797945,11.815380172141815
3110900330P,31,109,00330P,519.6726388727252,211.22347760850474,44.77859928631555,1.8229779889017665
3110900331P,31,109,00331P,612.8127253415922,260.6488346182862,46.77100542421809,6.962784323743749
3110900332P,31,109,00332P,162.35051964451318,132.22810238504346,11.111046793020103,6.4761517495450525
3110900333P,31,109,00333P,561.8840069789035,310.9358116911726,33.992982628616936,3.9991744268961105
3111100001P,31,111,00001P,693,119,41,3
3111100002P,31,111,00002P,710.0289288474048,100.00342860413687,34.00128572655132,5.000071429252851
3111100003P,31,111,00003P,290,25,3,0
3111100005P,31,111,00005P,819.6219164484727,99.40299255382821,36.83860477071996,2.1502273474682063
3111100007P,31,111,00007P,341.9577771440136,58.99257637351534,15.997946557130573,2.999637551186956
3111100009P,31,111,00009P,461.0411066360969,70.00720306756938,15.0020000092906,5.000349389681819
3111100013P,31,111,00013P,152,10,0,0
3111100014P,31,111,00014P,458.40594717745336,98.40703063032656,30.08969707197705,3.8979394143954096
3111100016P,31,111,00016P,483,81,16,7
3111100017P,31,111,00017P,971.4091421626778,161.1533964373905,42.52806339451816,8.020453050115346
3111100019P,31,111,00019P,381.59450171821305,131.75257731958763,33.182130584192436,5.855670103092783
3111100020P,31,111,00020P,308,102,34,1
3111100021P,31,111,00021P,232,70,25,2
3111100022P,31,111,00022P,513,163,44,5
3111100025P,31,111,00025P,898,319,34,7
3111100027P,31,111,00027P,411,162,45,5
3111100028P,31,111,00028P,300,81,19,8
3111100030P,31,111,00030P,723.5227406969876,210.08505611340817,42.02658003544005,9.005316007088009
3111100031P,31,111,00031P,378.5485714285714,116.42285714285714,34.857142857142854,2.091428571428571
3111100032P,31,111,00032P,591,186,25,1
3111100033P,31,111,00033P,647.6470588235294,195.27540106951872,34.344919786096256,2.943850267379679
3111100035P,31,111,00035P,747,226,62,14
3111100040P,31,111,00040P,308.2223089165793,56.4974806878615,15.131629206940726,1.0350568689103683
3111100041P,31,111,00041P,344,71,29,6
3111300001P,31,113,00001P,400,32,18,1
3111500001P,31,115,00001P,323,48,10,1
3111700001P,31,117,00001P,257,14,14,1
3111900001P,31,119,00001P,679.3668851700708,158.74051114582522,37.71954949535628,10.228681054925993
3111900002P,31,119,00002P,481.96328857979574,164.64584392477494,39.91414398176362,6.984975196808634
3111900003P,31,119,00003P,454.53227408143,133.0943396226415,32.01787487586892,7.005958291956306
3111900004P,31,119,00004P,936.9502344803658,210.09496406089008,43.65056844588301,5.7247267257096865
3111900005P,31,119,00005P,810,181,43,2
3111900006P,31,119,00006P,748,174,48,7
3111900007P,31,119,00007P,453.0113749411427,190.00516787449448,49.00112345097706,9.000196603920985
3111900008P,31,119,00008P,409,132,49,11
3111900009P,31,119,00009P,578.8487301026022,159.60698435462234,33.718051088133436,5.9453198556619355
3111900010P,31,119,00010P,324.01070582695786,150.00486388187716,28.001057365625467,9.000185038984457
3111900011P,31,119,00011P,580.7084938379132,155.37930394515254,37.82976285276575,7.276587617588581
3111900012P,31,119,00012P,410.95578565606576,184.9360344566825,40.171880898467094,7.064041421382685
3111900013P,31,119,00013P,486.78351721180724,86.36557107769879,16.411911536642393,5.453251753296966
3111900014P,31,119,00014P,529.2728719367268,84.13964687990169,8.324677566844567,1.4830609511870612
3111900015P,31,119,00015P,433.73203194321206,88.54835847382431,30.207630878438334,5.0479148181011535
3111900016P,31,119,00016P,222,34,21,1
3111900019P,31,119,00019P,685.449866903283,100.71517302573203,38.13487133984028,8.800354924578526
3111900020P,31,119,00020P,196.0913670142794,34.07121429577845,12.00396607566949,0.0055648838395258565
3111900021P,31,119,00021P,205.02810743285445,12.439100562148656,2.2173641474078702,2.089943785134291
3111900022P,31,119,00022P,217,8,6,0
3111900023P,31,119,00023P,386,79,24,2
3111900025P,31,119,00025P,183.20049968769519,87.06558400999376,13.15053091817614,5.44159900062461
3111900026P,31,119,00026P,217.77139287945036,103.49531542785759,15.63210493441599,6.468457214241099
3112100001P,31,121,00001P,233,22,18,6
3112100002P,31,121,00002P,139,29,6,0
3112100003P,31,121,00003P,76,13,3,1
3112100004P,31,121,00004P,99,19,6,0
3112100005P,31,121,00005P,230,60,18,1
3112100006P,31,121,00006P,106,16,9,0
3112100007P,31,121,00007P,38,6,3,1
3112100008P,31,121,00008P,188.53913492871098,33.04577631084386,7.0058627590673535,1.0055690821034489
3112100009P,31,121,00009P,91.10158498277643,14.55195765378925,3.873009841403523,0.9669109961353551
3112100010P,31,121,00010P,187,21,7,0
3112100011P,31,121,00011P,204.88650031030164,30.983464415721546,7.995835894582973,0.9998791626103447
3112100012P,31,121,00012P,302.33585668118633,102.10030569889243,7.930120830981936,5.947590623236452
3112100013P,31,121,00013P,83.69559968617257,15.098636429338072,5.018020031802701,0.005244274579996454
3112100014P,31,121,00014P,472,116,36,7
3112100015P,31,121,00015P,473.82036913401066,103.4500589043634,27.12001570783024,4.03000392695756
3112300001P,31,123,00001P,283,53,14,1
3112300002P,31,123,00002P,72,4,1,0
3112300003P,31,123,00003P,39,0,0,0
3112300004P,31,123,00004P,386.00000000000006,56.00000000000001,16,4
3112300005P,31,123,00005P,208,29,6,0
3112300006P,31,123,00006P,145,12,10,3
3112300007P,31,123,00007P,276,51,14,3
3112300008P,31,123,00008P,48,13,5,0
3112300009P,31,123,00009P,345,66,18,3
3112500001P,31,125,00001P,122,23,5,8
3112500002P,31,125,00002P,262.7264148618057,46.3018869148391,8.867441151478591,0
3112500003P,31,125,00003P,200.15144773361413,35.537807741649445,1.2623298408878207,0.030534351145038167
3112500004P,31,125,00004P,374.12213740458014,109.16030534351145,16.870229007633586,3.969465648854962
3112500007P,31,125,00007P,146,38,9,1
3112500008P,31,125,00008P,156,29,7,1
3112700001P,31,127,00001P,91,35,6,1
3112700003P,31,127,00003P,205.43638850889192,81.77564979480164,14.958960328317373,0.9972640218878249
3112700004P,31,127,00004P,371,102,33,6
3112700005P,31,127,00005P,154,74,12,2
3112700008P,31,127,00008P,118,26,2,4
3112700009P,31,127,00009P,236,117,18,0
3112700010P,31,127,00010P,278,128,32,2
3112700011P,31,127,00011P,330,108,34,5
3112700012P,31,127,00012P,332,113,28,6
3112900001P,31,129,00001P,212,45,14,1
3112900002P,31,129,00002P,391,63,12,3
3112900003P,31,129,00003P,138,26,7,0
3112900004P,31,129,00004P,285.3461783162451,74.08517905711993,21.986616861398257,5.99934304319552
3112900005P,31,129,00005P,128.84355064238548,17.703693981396476,2.9506156635660794,0.9835385545220265
3112900006P,31,129,00006P,84,14,9,1.9999999999999998
3112900007P,31,129,00007P,249.81027104136948,61.21112696148359,8.062767475035663,3.0171184022824535
3112900008P,31,129,00008P,237,52,13,4
3113100001P,31,131,00001P,568,313,50,5
3113100002P,31,131,00002P,247,141,32,8
3113100003P,31,131,00003P,271,105,12,6
3113100005P,31,131,00005P,810.0000000000001,390,75,8
3113100006P,31,131,00006P,333,75,33,1
3113100009P,31,131,00009P,261,107,21,5
3113100011P,31,131,00011P,291.5636114911081,70.22435020519836,12.041039671682626,5.002735978112175
3113100013P,31,131,00013P,459,148,27,6
3113100014P,31,131,00014P,239,125,17,2
3113100016P,31,131,00016P,431,195,23,6
3113100017P,31,131,00017P,380.22085889570553,120.75255623721881,34.92842535787321,0.9979550102249489
3113100020P,31,131,00020P,250.77914110429447,126.24744376278117,18.07157464212679,0.002044989775051125
3113100021P,31,131,00021P,319,109,20,5
3113300002P,31,133,00002P,186,52,8,1
3113300004P,31,133,00004P,169,29,8,2
3113300005P,31,133,00005P,160,24,6,0
3113300013P,31,133,00013P,278.44614469708944,106.91347578194606,21.40479828329932,5.343542611899903
3113300014P,31,133,00014P,180.5538553029106,67.08652421805392,11.59520171670068,1.656457388100097
3113500001P,31,135,00001P,392.57562675896924,47.08380246371628,15.024728595850707,3
3113500002P,31,135,00002P,418.42437324103076,60.91619753628372,17.975271404149293,0
3113500003P,31,135,00003P,406,53,21,2
3113700001P,31,137,00001P,137,14,18,0
3113700003P,31,137,00003P,138,19,16,0
3113700004P,31,137,00004P,114.54076086956522,25.349184782608695,2.8165760869565215,2.8165760869565215
3113700005P,31,137,00005P,190,13,3,0
3113700006P,31,137,00006P,262,20,4,1
3113700007P,31,137,00007P,268.746,10.548,3.522,1.1079999999999999
3113700008P,31,137,00008P,283,22,6,0
3113700009P,31,137,00009P,129,14,8,0
3113700012P,31,137,00012P,338.45923913043475,73.6508152173913,10.183423913043478,0.18342391304347827
3113700013P,31,137,00013P,445,77,31,2
3113700014P,31,137,00014P,452,97,33,1
3113700015P,31,137,00015P,505,102,26,4
3113700016P,31,137,00016P,586.254,84.452,28.478,5.892
3113900001P,31,139,00001P,598,104,29,5
3113900002P,31,139,00002P,741,69,27,5
3113900005P,31,139,00005P,681.1863073047681,55.070959653068456,15.028840749663653,3.99738774464582
3113900006P,31,139,00006P,362,32,16,2
3113900007P,31,139,00007P,669.8136926952319,121.92904034693154,37.97115925033635,5.0026122553541805
3114100001P,31,141,00001P,184,21,6,0
3114100003P,31,141,00003P,284,11,9,1
3114100004P,31,141,00004P,77.97313432835821,4.897014925373134,1.6477611940298509,0.18507462686567164
3114100005P,31,141,00005P,282.33436949955177,54.18013975689431,10.042645186723346,0.948139797068771
3114100006P,31,141,00006P,283.6656305004482,47.81986024310569,6.957354813276654,0.05186020293122886
3114100007P,31,141,00007P,488,63,10,0
3114100009P,31,141,00009P,286.9,38.95,13.3,3.8
3114100010P,31,141,00010P,193,26,0,2
3114100011P,31,141,00011P,307,23,7,2
3114100012P,31,141,00012P,375.1268656716418,61.15298507462686,9.05223880597015,2.014925373134328
3114100013P,31,141,00013P,196,10,3,0
3114100015P,31,141,00015P,224,29,8,0
3114100016P,31,141,00016P,406.42388683691013,81.4437567274697,15.368692377963622,3.1427463298506524
3114100018P,31,141,00018P,624,124,27,3.0000000000000004
3114100019P,31,141,00019P,315.1520088470273,131.45133316244645,21.06868113341576,6.0163526508132765
3114100020P,31,141,00020P,647,153,24,4
3114100021P,31,141,00021P,400,136,16,3
3114100022P,31,141,00022P,539.5427646378174,166.32355854106203,26.04923716929205,1.0117231355457257
3114100023P,31,141,00023P,328.6602564102564,96.22649572649573,12.034188034188034,1.0128205128205128
3114100024P,31,141,00024P,213,73,22,6
3114100025P,31,141,00025P,365,104,25,6
3114100026P,31,141,00026P,360,127,22,3
3114100027P,31,141,00027P,487.6787954830615,110.02509410288582,21.80677540777917,3.9648682559598494
3114100028P,31,141,00028P,313,131,40,6
3114100029P,31,141,00029P,520.8546806967447,173.61162066382178,31.9286312148765,8.979779344846229
3114100030P,31,141,00030P,680.7493855232874,143.95002045812532,21.866548226306797,5.0416431743378025
3114100041P,31,141,00041P,398,116,19,6
3114100042P,31,141,00042P,309.90060981892015,137.95575533874512,29.99038159537937,0.9996793865126457
3114100043P,31,141,00043P,570.4905742425464,147.19234040322024,20.202870251422382,0.962041440543923
3114100044P,31,141,00044P,303.54703750342856,103.82002487572784,15.683994589376308,5.868345768769384
3114300002P,31,143,00002P,198.92815758980302,34.215527230590965,9.062572421784473,0.0034762456546929316
3114300004P,31,143,00004P,266.071842410197,61.784472769409035,17.937427578215527,0.996523754345307
3114300005P,31,143,00005P,359,64,16,0
3114300006P,31,143,00006P,436,113,23,0
3114300008P,31,143,00008P,350,59,13,0
3114300009P,31,143,00009P,418,81,23,5
3114500001P,31,145,00001P,366.73070665528945,39.86203333209668,12.955160832931421,0.996550833302417
3114500003P,31,145,00003P,522.7160205083389,38.26903315897477,10.184960296795154,5.033629144871846
3114500004P,31,145,00004P,217.283979491661,15.73096684102523,10.815039703204846,1.9663708551281538
3114500005P,31,145,00005P,212,29,10,0
3114500006P,31,145,00006P,155,14,3,0
3114500008P,31,145,00008P,408,56,19,4
3114500009P,31,145,00009P,299,73,12,0
3114500010P,31,145,00010P,380,67,31,1
3114500011P,31,145,00011P,373,53,17,7
3114500012P,31,145,00012P,309.26929334471055,64.13796666790331,19.044839167068577,0.003449166697582983
3114500014P,31,145,00014P,314,68,18,2
3114500016P,31,145,00016P,415,69,17,3
3114500017P,31,145,00017P,286,58,11,1
3114700001P,31,147,00001P,165,34,7,2
3114700002P,31,147,00002P,134,43,8,1
3114700003P,31,147,00003P,164,40,8,1
3114700004P,31,147,00004P,80,22,7,2
3114700005P,31,147,00005P,151.32493628172452,34.66567649064867,11.353905661054672,3
3114700006P,31,147,00006P,124.72843450479233,19.488817891373802,9.744408945686901,0
3114700007P,31,147,00007P,73.94662921348315,10.845505617977528,6.901685393258426,0
3114700008P,31,147,00008P,232.3623154008439,25.46925105485232,8.700712025316456,0.9746571729957806
3114700009P,31,147,00009P,164,56,8,0
3114700010P,31,147,00010P,141,45,6,2
3114700011P,31,147,00011P,146,46,8,2
3114700012P,31,147,00012P,403.00416666666666,136.10833333333335,21.0375,3.004166666666667
3114700014P,31,147,00014P,293,108,16,4
3114700015P,31,147,00015P,299,92,21,3
3114700018P,31,147,00018P,197.63351793248944,105.42241561181434,12.261787974683545,3.0211761603375527
3114900003P,31,149,00003P,682.5134693877551,69.54285714285714,32.78448979591837,3.9738775510204083
3115100001P,31,151,00001P,252,80,19,0
3115100002P,31,151,00002P,261,75,18,4
3115100003P,31,151,00003P,338,155,21,7
3115100005P,31,151,00005P,256.18059863243235,115.45818825518133,16.062906294037333,0.01179249704255539
3115100006P,31,151,00006P,108,59,10,1
3115100007P,31,151,00007P,166,54,13,4
3115100010P,31,151,00010P,329,158,28,2
3115100011P,31,151,00011P,292,104,22,5
3115100012P,31,151,00012P,247,105,24,7
3115100013P,31,151,00013P,200.40102409513946,231.0503058905796,34.85328097635308,8.954494606781187
3115100014P,31,151,00014P,250.4183772724282,285.49150585423905,39.08381272960958,5.033712896176256
3115100015P,31,151,00015P,304,311,39,8
31153000001,31,153,000001,430.3116049382716,464.30913580246914,39.82567901234568,22.341234567901235
31153000002,31,153,000002,551,337,65,15
31153000003,31,153,000003,764.2846197810857,569.2156942519227,84.03612224608756,22.67093227003378
31153000004,31,153,000004,712.7082835744332,469.9955822304299,91.64962860367292,13.246156766184466
31153000005,31,153,000005,566.3953848274356,394.3503703235388,61.858881619378636,11.598540303633493
31153000006,31,153,000006,559.0149612835445,449.29794485012775,78.97185761164218,21.22231049257016
31153000007,31,153,000007,656.0739957716702,440.3784355179704,65.90697674418605,12.98167723749119
31153000008,31,153,000008,702.4320012468552,423.4099327857305,58.268981076560024,7.47372580365543
31153000009,31,153,000009,663.0149622146379,438.41799892074494,85.49317941400751,18.477690957096634
31153000010,31,153,000010,434.82712383708946,296.2392017102818,78.32191004624886,20.053774735669766
31153000011,31,153,000011,1044.2455638020099,624.7533112631859,131.5426344263222,15.61235865109988
31153000012,31,153,000012,957.0716798557044,468.3023515876601,98.27791726731951,14.198512495260726
31153000013,31,153,000013,994.689333484814,656.663848746497,97.34034802696357,24.82107059001742
31153000016,31,153,000016,822.6141044816782,655.9397696064088,88.00380331593176,26.71063058898546
31153000017,31,153,000017,768,546,59,27
31153000018,31,153,000018,538.552365352268,499.9429126891458,77.21890532624431,9.89985965721081
31153000019,31,153,000019,1376.1999905811826,844.5609996656459,140.73851374942498,26.87501866585832
31153000020,31,153,000020,859.1652545092094,711.7462686701883,81.44198341775625,16.87292560536878
31153000021,31,153,000021,1211,683,118,15
31153000022,31,153,000022,716,536,113,17
31153000023,31,153,000023,1223.0010672358592,645.9651369619353,110.28673070081821,12.801138384916399
31153000024,31,153,000024,602.306318239626,316.1840972620152,78.03859609819287,10.00459477359439
31153000025,31,153,000025,560.5480769230769,386.3293269230769,88.0448717948718,16.005608974358974
31153000026,31,153,000026,729.873443044175,417.7244962587965,100.560901135394,10.44301562415725
31153000031,31,153,000031,1399.1246419226275,906.7628682035688,147.1498557758461,20.029084762239936
31153000032,31,153,000032,799.788833588577,603.995300610538,93.58149538648274,18.299179631292365
31153000033,31,153,000033,616.9906101740864,537.3300429890978,70.04667996359483,15.231322011579946
31153000034,31,153,000034,610.5986467903067,492.4121650717303,81.05846897059912,18.938794641665183
31153000035,31,153,000035,728.497888377677,503.97658039044137,80.9219015670242,17.5376845602495
31153000036,31,153,000036,936.1523477332714,481.1278469604447,58.119623543369045,9.692084340811805
31153000037,31,153,000037,1336.568653412785,797.0210671962443,112.27797139175884,16.964929471265418
31153000038,31,153,000038,814.0222222222222,552.5333333333333,91.08888888888889,19.355555555555554
31153000039,31,153,000039,996.0581745227939,550.4131303018465,105.79202495550423,18.854467302395562
31153000040,31,153,000040,815.6218933129502,451.6410951289,89.56595557408565,15.24526903388692
31153000041,31,153,000041,1027.0636765130164,618.0922745733372,105.0279588983333,16.26032978983111
31153000042,31,153,000042,854.1527049760537,524.7182171563835,99.17538244350102,13.486315995156486
31153000046,31,153,000046,862.42344397945806,318.5504294875188,58.12806702369365,6.967410855649021
31153000047,31,153,000047,483.14828316523574,212.76677651711526,55.44138210184441,11.57466286063183
31153000048,31,153,000048,1185.337343802691,564.8251514869942,98.1126140601447,16.295887553285457
31153000049,31,153,000049,908.0708397776034,586.2851731393831,114.21928222372489,20.3218883170344
31153000051,31,153,000051,1402.6524606282935,775.8500932436256,111.71574761209428,10.950865522570822
31153000052,31,153,000052,1353.2327044025158,809.3427672955975,116.77672955974843,18.17295597484277
31153000053,31,153,000053,1030.2477178684628,791.054742317256,121.16272953263501,16.39157603737386
31153000054,31,153,000054,941.7522821315371,677.945257682744,101.83727046736497,12.60842396262614
31153000055,31,153,000055,1250,765,121,13
31153000056,31,153,000056,818,530,69,19
31153000057,31,153,000057,715,487.00000000000006,86,14
31153000058,31,153,000058,630.5348242443176,230.35406594939553,34.539893483122626,6.548863365313557
31153000059,31,153,000059,880.2354351644419,361.2432474185828,82.12639308308765,13.794697574232808
31153000060,31,153,000060,584.4596219565543,303.69405688391197,60.79029900632186,10.925142948241495
31153000061,31,153,000061,1948.7401539091757,808.3668987386166,133.17080744858137,21.309805722738286
31153000062,31,153,000062,780.9739094943727,518.6356518075852,93.75296872045303,15.957911498703655
3115500003P,31,155,00003P,510.42261251372116,163.44785949506038,34.04610318331504,12.016465422612514
3115500004P,31,155,00004P,756.2917038358609,250.1043710972346,21.92149866190901,0.9964317573595004
3115500004W,31,155,00004W,498.11782413562867,225.02417503977972,38.010029544342984,11.001435229673987
3115500006P,31,155,00006P,360.4450724125751,84.10279053338043,20.021193924408337,5.002119392440833
3115500007P,31,155,00007P,232,60,16,0
3115500008P,31,155,00008P,238.65294494010652,63.43583119581906,23.99284369723385,2.012144485758147
3115500009P,31,155,00009P,306,93,21,3
311550000W1,31,155,0000W1,317.75382272766956,176.20855797361764,39.812624032633714,3.985307347083596
311550000W2,31,155,0000W2,355.79898626109446,159.99818359941605,36.2255782145573,7.02255782145573
311550000W3,31,155,0000W3,425.67155078509387,169.29209829006703,27.154919695198792,4.998264085007596
311550000W5,31,155,0000W5,425.5675207799305,132.24224356591762,27.84101929527473,1.9887628946708784
3115500010P,31,155,00010P,861.7082961641391,219.8956289027654,59.07850133809099,13.0035682426405
3115500011P,31,155,00011P,325,76,23,3
3115500012P,31,155,00012P,351.66986818544615,60.95014690386699,26.97661997905064,4.99484371435254
3115500014P,31,155,00014P,512,180,18,8
3115500015P,31,155,00015P,588.3202911737943,226.0555050045496,48.024567788899,9.004549590536852
3115500018P,31,155,00018P,491.8034070476117,183.92279153110292,33.98530889842283,6.99479647058677
3115700001P,31,157,00001P,163.00000092948613,22.00000004946845,12.000000036450437,1.000000007810808
3115700002P,31,157,00002P,121,17,6,0
3115700003P,31,157,00003P,389.5179017485429,74.66444629475437,10.069941715237302,0.017485428809325562
3115700004P,31,157,00004P,238,61,17,0
3115700005P,31,157,00005P,504,61,19,3
3115700006P,31,157,00006P,222.04022060818002,35.01236983271063,8.003080102926045,0.0028573789960894655
3115700007P,31,157,00007P,228,41,8,3
3115700008P,31,157,00008P,333.36489955948207,62.25516620043274,18.538178440618182,2.8511787938173687
3115700009P,31,157,00009P,659.6406313319484,173.56839864436648,43.40364590726897,9.23213816077827
3115700010P,31,157,00010P,645.5423678595668,194.25512851812383,49.08117725576667,7.01159675082381
3115700011P,31,157,00011P,382,136,37,5
3115700012P,31,157,00012P,620.5717091142333,168.9830828143326,42.986848416254524,3.910093787458078
3115700013P,31,157,00013P,141.48209825145713,37.33555370524563,3.9300582847626977,0.9825145711906744
3115700014P,31,157,00014P,269.96022789966077,50.987715707444565,11.996947639826994,3.997147244796084
3115700015P,31,157,00015P,197,79,12,1
3115700016P,31,157,00016P,193.9995514921592,36.999914459844796,11.999972257246961,1.9999953762078269
3115700017P,31,157,00017P,233,94,6,1
3115700018P,31,157,00018P,264,50,9,2
3115700019P,31,157,00019P,332,81,26,5
3115700020P,31,157,00020P,64,9,1,0
3115700021P,31,157,00021P,694,181,41,10
3115700022P,31,157,00022P,504,286,38,13
3115700023P,31,157,00023P,200,203,27,5
3115700024P,31,157,00024P,97,140,22,13
3115700025P,31,157,00025P,436.2164705882353,161.3835294117647,37.28,4.0988235294117645
3115700026P,31,157,00026P,332,168,47,7
3115700027P,31,157,00027P,423,185,41,6
3115700028P,31,157,00028P,447,202,39,5
3115700029P,31,157,00029P,251.66392154653417,82.55469441097964,16.710149980091654,5.896168977710708
3115700030P,31,157,00030P,489,113,21,6
3115900001P,31,159,00001P,223,72,16,2
3115900002P,31,159,00002P,156,31,12,4
3115900003P,31,159,00003P,420,159,31,1
3115900004P,31,159,00004P,381,84,29,8
3115900006P,31,159,00006P,202.18058197510254,74.4202920367304,8.415506867561662,0.6262230919765166
3115900007P,31,159,00007P,243,51,15,5
3115900008P,31,159,00008P,246,82,14,1
3115900009P,31,159,00009P,196,50,6,1
3115900010P,31,159,00010P,168,49,8,1
3115900011P,31,159,00011P,286.3146067415731,72.04044943820224,14.77752808988764,2.4629213483146066
3115900012P,31,159,00012P,466,122,25,15
3115900013P,31,159,00013P,602.0518301869615,311.025071869181,25.004159906545723,11.001798878506259
3115900014P,31,159,00014P,443.7675878379359,214.5546360940886,35.580333225892616,15.371978029517225
3115900015P,31,159,00015P,286,124,29,9
3115900016P,31,159,00016P,607,251,38,2
3115900017P,31,159,00017P,353.17977528089887,84.05168539325842,21.21573033707865,4.035955056179775
3115900018P,31,159,00018P,174.5056179775281,43.90786516853933,9.006741573033707,1.501123595505618
3116100001P,31,161,00001P,422,54,14,4
3116100002P,31,161,00002P,334,46,11,1
3116100003P,31,161,00003P,161.58246472320545,6.075833357314839,4.030656038063445,0.016134756875497615
3116100004P,31,161,00004P,243,45,8,1
3116100005P,31,161,00005P,360.4175352767945,46.924166642685165,18.969343961936556,9.983865243124503
3116100006P,31,161,00006P,340,64,4,1
3116100007P,31,161,00007P,163.37744034707157,17.609544468546638,0.9783080260303687,0.9783080260303687
3116100008P,31,161,00008P,186.6225596529284,7.390455531453362,9.02169197396963,0.021691973969631236
3116300001P,31,163,00001P,129.68367346938774,48.269387755102045,6.104081632653061,2.012244897959184
3116300002P,31,163,00002P,200,106,9,4
3116300003P,31,163,00003P,177,35,12,3
3116300004P,31,163,00004P,276.0498966904702,44.46595860369015,17.023804690615144,2.003740892449342
3116300005P,31,163,00005P,199,61,7,1
3116300006P,31,163,00006P,168.2664298401421,45.264653641207815,7.872113676731794,0.9840142095914742
3116500001P,31,165,00001P,369,57,21,1
3116500003P,31,165,00003P,246.9740864690982,23.997482086066224,6.999265608435983,2.999685260758278
3116700001P,31,167,00001P,553.672529623888,114.85759923048738,35.34079976322689,6.871822176183006
3116700002P,31,167,00002P,137.26021218198485,39.298661037752176,15.399588011616054,2.0776976689253437
3116700003P,31,167,00003P,93,17,8,0
3116700004P,31,167,00004P,215.8714960802554,36.9779877544882,21.986911637803793,2.9982152233368806
3116700006P,31,167,00006P,131.38983050847457,24.495762711864405,11.152542372881356,0.029661016949152543
3116700007P,31,167,00007P,294.3552363137758,56.97478033666105,15.999857855755113,0.9990025850060329
3116700008P,31,167,00008P,266,50,10,1
3116700009P,31,167,00009P,40.644763686224245,2.025219663338952,1.0001421442448866,9.97414993967154e-4
3116700010P,31,167,00010P,43.12850391974459,8.022012245511805,8.013088362196209,0.0017847766631193564
3116700011P,31,167,00011P,59,9,5,0
3116700012P,31,167,00012P,59.99999999999999,16,2,0
3116700013P,31,167,00013P,74,10,2,0
3116700014P,31,167,00014P,51,7,1,0
3116700015P,31,167,00015P,101,8,2,0
3116700016P,31,167,00016P,65,17,5,0
3116900001P,31,169,00001P,288.04431977400577,64.01189067107472,12.003723341447643,2.4021557726722697e-4
3116900002P,31,169,00002P,218.0941475826972,56.078880407124686,26.203562340966922,1
3116900004P,31,169,00004P,148.90585241730278,51.92111959287532,9.79643765903308,0
3116900007P,31,169,00007P,353,85,25,1
3116900008P,31,169,00008P,348,39,5,1
3116900013P,31,169,00013P,367.608964897527,98.62679546031214,30.883137972420972,1.99246051434974
3116900014P,31,169,00014P,327.34671532846716,104.36131386861314,15.113138686131387,5.007299270072993
3117100001P,31,171,00001P,343.9474492286403,29.99541708389305,9.998472361297685,2.9995417083893052
3117300001P,31,173,00001P,77,26,9,2
3117300002P,31,173,00002P,104,19,8,1
3117300003P,31,173,00003P,51,9,0,0
3117300004P,31,173,00004P,492,128,20,1
3117300005P,31,173,00005P,40,2,1,0
3117300006P,31,173,00006P,88,21,0,6
3117300007P,31,173,00007P,19,218,1,6
3117300008P,31,173,00008P,117.41147132169576,173.43142144638404,7.074812967581048,9.179551122194514
3117300009P,31,173,00009P,54.588528678304236,322.56857855361596,9.925187032418952,23.820448877805486
3117500001P,31,175,00001P,301.96901933379917,43.63591893780573,6.431283484742604,0.1088982063824831
3117500003P,31,175,00003P,259,45,4,2
3117500004P,31,175,00004P,249.1242663103335,41.540725289868874,9.82511337373835,1.9522203900887025
3117500005P,31,175,00005P,260,46,6,1
3117500006P,31,175,00006P,257.8072517741881,54.11984292969598,8.855974297586615,0.9839971441762905
3117500007P,31,175,00007P,225,73,5,1
3117500008P,31,175,00008P,227.09946258167915,35.703512842629415,12.887628843932431,4.954884259352523
3117700002P,31,177,00002P,291,92,23,3
3117700003P,31,177,00003P,499,89,23,6
3117700003W,31,177,00003W,463.1301255691083,198.26830593764743,50.48749916121233,11.058924411573214
3117700004P,31,177,00004P,342.2299715350772,85.0181575196533,15.80554249284732,4.019733939407393
3117700005W,31,177,00005W,431.1269719103616,209.59317909564527,45.99733458782389,5.005807871961425
3117700006P,31,177,00006P,699,214,51,7
3117700007P,31,177,00007P,577.9676609590573,118.03573696238051,24.008407650791224,6.99953642707368
3117700007W,31,177,00007W,409.5137127911718,160.81336013558285,29.08766055864213,1.2152632652021
3117700008W,31,177,00008W,505.3616247660783,214.5129650058688,28.988238514306595,7.730196937148426
3117700009P,31,177,00009P,382.11912463585406,121.13570188198467,32.49982245614223,3.9393724189263306
3117700010P,31,177,00010P,493.3954288177566,208.59087248574735,65.11904285440585,8.02928297592414
3117700012P,31,177,00012P,829.1553790155348,330.0317209754898,37.006451723828434,11.001881752783293
3117700013P,31,177,00013P,504,254,38,14
3117700014P,31,177,00014P,659,244,36,5
3117700015P,31,177,00015P,338,84,13,3
3117900001P,31,179,00001P,184,34,20,3
3117900002P,31,179,00002P,219.34170830554,34.16190991108843,16.030690398157553,0.013400110936984986
3117900003P,31,179,00003P,363,37,6,1
3117900004P,31,179,00004P,369,59,16,1
3117900006P,31,179,00006P,259.8518870992856,58.223331513760904,11.214742245746198,2.0836205596375845
3117900008P,31,179,00008P,207.30598364322088,60.50557417338025,8.927051927220038,0.9918946585800043
3117900009P,31,179,00009P,263.4256746906352,108.0938246472358,20.018116440853063,6.003266026680105
3117900011P,31,179,00011P,233.08112351662996,102.03029477977827,19.811550573395312,8.908376289348881
3117900012P,31,179,00012P,240,137,40,6
3117900013P,31,179,00013P,353.9936227446883,204.9850649747563,43.99784841462784,5.9994423548164395
3118100001P,31,181,00001P,177.63195936610728,55.87814151328911,3.9931295426728237,5.769007669756996e-4
3118100002P,31,181,00002P,385,98,16,5
3118100004P,31,181,00004P,318.36804063389275,79.12185848671089,12.006870457327176,1.9994230992330242
3118100005P,31,181,00005P,250,54,13,2
3118100007P,31,181,00007P,199,19,5.999999999999999,1
3118300001P,31,183,00001P,271,36,13,4
3118300002P,31,183,00002P,106,26,4,0
3118500001P,31,185,00001P,457.0135047116867,88.0041434910857,18.00122770106243,1.0003069252656072
3118500001W,31,185,00001W,352.39523825736904,81.85905554744728,32.942680358026955,2.3578705552974288e-4
3118500002P,31,185,00002P,251,57,19,3
3118500003W,31,185,00003W,351.9864952883133,107.9958565089143,31.99877229893757,7.999693074734393
3118500004P,31,185,00004P,438.60476174263096,90.14094445255272,21.057319641973045,5.99976421294447
3118500004W,31,185,00004W,281.7414369820334,90.14354395741226,26.024946516429168,6.0186449179980075
3118500005P,31,185,00005P,691,146,28,4
3118500005W,31,185,00005W,519.901263421072,151.6794472936717,41.91142622588297,12.972584308011394
3118500006P,31,185,00006P,209.35804692037922,49.17725785674427,11.06373773159429,5.008770773990598
3118500006W,31,185,00006W,443,146,37,6
3118500007P,31,185,00007P,359,63,27,0
3118500012P,31,185,00012P,344.99925267651537,114.99975089217179,50.999889526093575,0
