GEOID20,STATEFP,COUNTYFP,DISTRICT,G16PREDCLI,G16PRERTRU,G16PRELJOH,G16PREGSTE,G16PREOWRI,G16DELDNOR,G16DELLMOU,G16DELGSTR,G16DELOWRI,G16COUDWHI,G16COURCEL,G16COULKLO,G16COUGAIK,G16COUIGRO,G16COUICHE,G16COUOWRI,G16HALDGAR,G16HALOWRI
1100102-001,11,001,02-001,3697.378388604745,194.33659994014158,87.70061946016645,33.8843302459734,86.70402151175547,3381.4568389584633,360.7684573247756,185.36721840444272,31.89113434915144,2994.776834975002,498.2989742054912,289.01340503918493,371.73103475729647,1131.138671446465,367.7446429636525,43.850309730083225,3441.2527158631224,82.71762971811154
1100102-002,11,001,02-002,745.5898319689788,58.0340370529944,30.492460146488582,12.787160706591987,22.623438173201208,649.1943127962086,103.28091339939681,37.377854373115035,7.869021973287376,571.4877208099957,133.7733735458854,85.57561395950022,91.47738043946575,156.3968117190866,71.80482550624731,8.852649719948298,712.1464885825076,19.67255493321844
1100102-003,11,001,02-003,1391.9147829562512,217.26966319844547,40.67605566728888,29.762967561430887,50.59704485443251,1317.507364052674,202.38817941773004,95.24149619657884,22.818275130430347,1039.7196668126523,328.3847420944541,102.18618862757937,157.7437280755837,538.709712861899,116.07557348958046,15.873582699429805,1278.8155062228138,54.56544052928996
1100102-004,11,001,02-004,1793.3998705790964,194.51186152783825,45.173705838038224,26.47501101740242,60.546424510401515,1617.663612013845,247.21970837626012,100.66738300060389,23.447282568997384,1315.3310171643227,422.25396267665406,153.5914352166379,184.9704798563432,641.1933479418028,142.8619764930736,21.482021848876023,1617.4509994876512,52.81381383122607
1100102-005,11,001,02-005,2205.6832898721536,276.1326212002888,92.64024917026829,30.96908186471228,121.21016969084381,2009.2590858962149,370.04165997993516,142.68649109200632,34.858870964107474,1520.1780463131129,692.4575123044443,175.61401538039541,223.76661128126912,838.5431353892823,116.23624276660766,23.78731528018468,1864.2393115736381,76.93374358160946
1100102-006,11,001,02-006,2215,309,85,29,122,2009,362,166,34,1555,711,175,199,855,170,21,1992,76
1100102-007,11,001,02-007,1227,166,54,22,62,1140,206,91,25,937,333,106,150,541,85,15,1108,67
1100102-008,11,001,02-008,2384,300,89,23,126,2208,341,186,53,1770,663,162,229,1031,129,42,1980,113
1100102-009,11,001,02-009,1519.0033132020474,286.828734215259,56.32889427719605,16.63649399662146,92.62837587168953,1450.0067921000289,253.4068646970182,99.77886873513805,36.882136869781945,1112.789955267587,536.9742363025291,112.28531905204238,134.99249318282526,705.5592621259821,125.42780874239928,22.930612650920416,1309.605355313333,90.5770304723926
1100102-010,11,001,02-010,1728.3050847457628,208.81355932203388,49.40677966101695,16.779661016949152,75.50847457627118,1591.271186440678,223.72881355932202,125.84745762711864,24.23728813559322,1283.6440677966102,421.35593220338984,116.52542372881356,166.864406779661,761.6101694915254,150.08474576271186,17.71186440677966,1468.2203389830509,70.84745762711864
1100102-011,11,001,02-011,3188,363,126.00000000000001,60,147,2868,497,268,48,2265,839,238,381,1511,197,38,2989,131
1100102-012,11,001,02-012,512.4122246235198,95.0518170204331,24.01752917791603,3.0057788498624274,32.02292277112096,457.3756252410578,112.06953882667787,51.026775337695916,13.006549363177418,343.28354889991647,194.13040937856212,50.03274681588709,49.041800347338224,304.15699208792927,42.02138174449098,5.004430451561194,470.3476941333894,34.014447124656066
1100102-013,11,001,02-013,1362.774184011543,109.72995337208816,37.047723715965,14.692188298354365,37.105406074161195,1221.5927304161164,166.18145359542655,76.21081214832239,17.547982402863873,979.9985764186807,238.3728658330843,92.01836516306915,115.30625958025239,619.1946450205182,73.32617686471478,14.77871183564866,1121.1800300141072,26.16308843235739
1100102-014,11,001,02-014,2764,210,77,34,75,2486,308,185,20,2171,461,217,288,1210,175,33,2467,76
1100102-015,11,001,02-015,2918.3655913978496,157.1290322580645,72.57788806175903,29.615108905431487,70.51102839812518,2569.829611248966,290.60283981251723,191.56741108354012,29.54824924179763,2158.1942376619795,411.07664736696995,172.67728149986215,254.76040805073063,1265.4247311827958,134.7976288944031,20.601736972704714,2458.0110283981253,62.056382685414945
1100102-016,11,001,02-016,3298,150,70,41,83,2969,339,156,39,2552,449,226,299,1510,184,33,2881,80
1100102-017,11,001,02-017,4232.634408602151,230.8709677419355,116.42211193824097,45.384891094568516,111.48897160187482,3824.170388751034,413.39716018748277,189.43258891645988,40.45175075820237,3260.8057623380205,595.92335263303,271.32271850013785,351.23959194926937,1654.5752688172042,280.2023711055969,44.398263027295286,3689.9889716018747,77.94361731458505
1100102-018,11,001,02-018,3887.053329578982,98.69327387939549,74.31473236376232,38.12044126686932,87.30904828429199,3623.9327654379995,266.28402931649435,157.65456458896972,28.11612664865271,3186.555511267348,346.77799237123276,207.02518197771712,331.31522817156997,1425.0476250114814,331.29062473996765,48.15612143940045,3490.150580700628,104.29398787837509
1100102-019,11,001,02-019,3108,61,58,55,51,2889,179,189,27,2607,180,146,398,1351,255,41,2849,78
1100102-020,11,001,02-020,1050.9081967213115,15.636065573770491,8.229508196721312,13.99016393442623,8.229508196721312,964.4983606557378,42.79344262295082,27.15737704918033,7.406557377049181,896.1934426229508,47.731147540983606,72.41967213114754,104.51475409836065,253.4688524590164,101.22295081967214,11.521311475409835,955.4459016393444,15.636065573770491
1100102-021,11,001,02-021,903,26,13,15,14,852,44,41,11,754,64,45,94,366,84,30.999999999999996,814,30.999999999999996
1100102-022,11,001,02-022,3326,103,77,34,83,2961,282,188,43,2637,397,175,300,1591,196,53,2936,94
1100102-023,11,001,02-023,2523,66,42,45,45,2322,167,115,17,2083,219,144,289,1056,175,19,2291,48
1100102-024,11,001,02-024,2494,89,56,33,37,2232,210,152,18,2000,243,156,284,1267,135,26,2201,63
1100102-025,11,001,02-025,3860.471758664955,157.9788189987163,86.298459563543,59.298459563543005,86.52759948652118,3481.284980744544,336.4229781771502,232.35365853658536,39.534659820282414,3007.410783055199,429.7073170731707,210.66623876765084,458.7836970474968,1987.0173299101411,186.88831835686779,37.22913992297818,3323.826700898588,98.75673940949935
1100102-026,11,001,02-026,2787.2258159884573,159.27004662791182,68.952276284035,23.307811701645633,70.8945939258388,2545.4072695838836,241.81854640457345,141.7891878516776,18.452017597136127,2155.001423581319,416.6271341669157,168.98163483693085,279.6937404197476,1420.8053549794818,145.6738231352852,26.22128816435134,2396.819969985893,72.8369115676426
1100102-027,11,001,02-027,2249.941251596424,123.24393358876118,51.26947637292465,27.606641123882504,74.93231162196679,2035.0038314176245,196.2043422733078,159.72413793103448,34.50830140485313,1762.8812260536397,338.18135376756067,109.44061302681992,250.43167305236273,1149.6194125159643,123.24393358876118,18.733077905491697,1843.7292464878672,82.8199233716475
1100102-028,11,001,02-028,2356,264,51,52,91,2183,238,182,33,1858,469,146,285,1103,157,24,2038,67
1100102-029,11,001,02-029,1295,102,46,33,32,1170,146,115,12,1000.0000000000001,250.00000000000003,88,191,632,110,6,1177,42
1100102-030,11,001,02-030,1142.7541528239203,121.07419712070875,27.940199335548172,13.03875968992248,43.77297895902547,1054.2768549280177,114.55481727574751,91.27131782945736,23.283499446290143,922.0265780730897,224.452934662237,46.56699889258029,83.82059800664452,707.8183831672204,66.12513842746401,17.695459579180508,974.1816168327796,47.498338870431894
1100102-031,11,001,02-031,2206.9374492282695,206.28350934199838,51.32412672623883,34.545085296506905,69.09017059301381,2092.4451665312754,204.30950446791226,144.10235580828595,30.597075548334686,1781.5393988627131,363.21689683184405,104.62225832656377,203.3225020308692,1290.0121852152722,124.36230706742485,25.662063363119415,1898.9926888708367,70.07717303005687
1100102-032,11,001,02-032,2479.867390219561,181.7443862275449,38.73241017964072,28.801022954091817,60.58146207584831,2286.2053393213573,192.6689121756487,155.92277944111777,40.7186876247505,1987.2705838323354,374.4132984031936,96.33445608782435,216.50424151696606,1352.6549401197606,119.17664670658682,37.73927145708583,2080.625623752495,72.49912674650699
1100102-033,11,001,02-033,2751.3223462079673,178.87470413578973,57.968921830668165,36.570629335199335,63.44056761955017,2501.067775368803,224.9815359702052,198.23556765778787,32.74232234764188,2187.350435623007,377.1231622005032,144.15232609493657,279.9009117779766,1571.706186286431,132.48959934537058,23.499207523650018,2279.0770159871827,95.62630916328263
1100102-034,11,001,02-034,2764.5468582436642,150.27113218270918,74.39894289438053,34.621290257781034,70.7158269095102,2539.1401599696005,225.40669827406376,180.47268325864582,25.78181189409226,2180.4046630432313,354.31575774452506,151.7443785766573,293.9126555926518,1305.2963050380424,165.00359612219046,26.518435091066323,2441.905897969024,66.2960877276658
1100102-035,11,001,02-035,3168,73,48,59,51,2886,162,220,21,2563,229,146,394,1672,142,27,2830,61
1100102-036,11,001,02-036,3387,108,53,51,41,3144,161,197,13,2802,262,173,447,1298,279,34,3094,56
1100102-037,11,001,02-037,2672.0918032786885,59.36393442622951,39.77049180327869,54.00983606557377,37.77049180327869,2432.5016393442625,134.2065573770492,152.84262295081967,15.59344262295082,2276.806557377049,152.2688524590164,118.58032786885246,302.48524590163936,953.5311475409836,221.77704918032788,38.47868852459017,2403.5540983606556,41.363934426229505
1100102-038,11,001,02-038,2132,61,34,31,39,2007,96,128,12,1819,123,85,239,857,175,32,1963,43
1100102-039,11,001,02-039,3020.5462889790188,65.29902415952171,43.843630507107434,69.03039696863723,55.037748934454015,2758.417349138653,142.72500994866888,226.68089815376823,20.522550450135395,2483.228604466383,205.22550450135395,121.26961629625461,430.9735594528433,1524.2657925236927,186.56864045577632,29.850982472924212,2688.454108967737,66.2318673618006
1100102-040,11,001,02-040,3201.05758188966,99.90816422876593,58.94581689497189,89.91734780588934,53.950408683533595,2985.255947155526,166.8466342620391,252.7676554987778,14.986224634314889,2701.5167607458307,221.79612458786033,133.87694006654635,528.5141887701717,1849.3001198744573,190.82459367694292,26.975204341766798,2840.3891090238153,69.93571496013614
1100102-041,11,001,02-041,2721,79,35,52,45,2480,137,179,15,2247,195,120,370,1140,189,30.999999999999996,2434,48
1100102-042,11,001,02-042,1471,28,26,29,23,1374,68,87,5,1223,112,70,186,700,101,19,1354,31
1100102-043,11,001,02-043,1355.30532868696,23.987704932512564,15.991803288341709,29.984631165640707,20.989241815948493,1290.3386278280716,52.97284839263191,64.96670085888819,2.9984631165640705,1145.4129105274749,83.95696726379397,55.97131150919598,166.9144468220666,547.71926262570355,121.93750007360553,15.991803288341709,1244.3621933740892,30.98411887116206
1100102-044,11,001,02-044,1970,158,23,39,46,1924,97,101,11,1709,151,88,237,671,246,33,1831,34
1100102-045,11,001,02-045,1791,35,22,39,25,1698,58,97,13,1463,81,67,198,777,125,20,1604,32
1100102-046,11,001,02-046,2129,52,27,43,40,2039,70,110,9,1778,106,71,211,854,176,33,1928,38
1100102-047,11,001,02-047,2663.6354286537235,69.84115758896132,17.409200868225,54.672567856655405,23.33887991895066,2471.355962930527,111.26630303156064,160.44787552532205,21.486874117721964,2186.56123362227,133.69530109297204,105.87788201218852,332.6465331788821,1094.94296590526,171.14151385761306,33.503893197535966,2386.495997727005,45.26040455973971
1100102-048,11,001,02-048,2204,65,25,50,31,2056,93,119,15,1830,126,71,241,949,185,33,1909,53
1100102-049,11,001,02-049,719.6946713130402,12.012295067487436,14.008196711658291,10.015368834359297,10.010758184051507,662.6613721719284,28.02715160736809,52.033299141111804,5.0015368834359295,598.5870894725251,36.04303273620603,33.02868849080402,102.08555317793342,317.2807373742965,50.062499926394466,11.008196711658291,647.6378066259108,15.01588112883794
1100102-050,11,001,02-050,1936.8690119760479,182.1369760479042,33.02919161676647,35.02170658682635,48.04565868263473,1819.7230538922156,174.14520958083833,133.1175149700599,29.030688622754493,1592.497754491018,308.2821856287425,107.07260479041916,195.1631736526946,1127.0194610778444,132.08982035928145,19.028443113772454,1694.568113772455,75.05464071856288
1100102-051,11,001,02-051,3076.282704126427,309.7304653204565,56.147497805092186,35.28797190517998,107.23880597014926,2886.355575065847,295.72344161545215,190.99034240561897,59.182616330114136,2387.5899912203686,500.9762949956102,140.3441615452151,190.83318700614575,2164.9060579455663,158.5943810359965,38.280948200175594,2584,114.5478489903424
1100102-052,11,001,02-052,1190,81,10,26,28,1105,77,82,20,928,156,38,90,744,60,14,968,36
1100102-053,11,001,02-053,976.3157399261235,48.61482274020658,15.872261625645072,21.827456512691512,6.945761160329076,934.6454986215109,40.677905444227335,57.54250293025763,4.960499577191086,860.22955026971,63.49809105888243,40.683214205535116,114.09502944960016,421.6623227609492,80.37409255068499,18.850448931535823,862.2203172349449,21.825490304799743
1100102-054,11,001,02-054,1771.970280414419,68.95992631054422,13.991869106487233,38.977349653785865,22.98664210351474,1694.015581106847,60.96457253540866,107.93727596433008,8.994772997027507,1552.098051598191,111.93495285189786,49.97096109459726,178.89604071865818,668.6114594457114,173.89894460919848,23.986061325406684,1623.056816352519,30.981995878650302
1100102-055,11,001,02-055,1791,43,17,30,30,1719,52,73,14,1530,98,74,173,592,161,32,1601,33
1100102-056,11,001,02-056,2285,58,27,47,28,2195,75,99,13,1909,96,83,227,744,214,29,2075,19
1100102-057,11,001,02-057,1832,57,16,37,35,1789,52,85,7,1587,78,58,203,653,201,28,1701,21
1100102-058,11,001,02-058,1640,33,8,34,11,1577,45,62,13,1460,60,58,160,590,182,24,1502,21
1100102-059,11,001,02-059,1878,58,19,37,29,1833,61,92,12,1687,83,70,225,761,217,23,1709,40
1100102-060,11,001,02-060,1566.0297195855812,57.04007368945578,8.008130893512767,23.02265034621414,12.01335789648526,1450.984418893153,48.03542746459134,59.062724035669916,6.005227002972493,1298.901948401809,96.06504714810214,83.02903890540274,123.10395928134182,461.3885405542887,180.10105539080155,17.013938674593316,1339.943183647481,16.018004121349698
1100102-061,11,001,02-061,1241.7557969798422,48.99036558133032,5.998820275264938,23.995281101059753,10.997837171319052,1197.764448294566,41.991741926854566,49.99016896054115,3.999213516843292,1094.7847002358512,69.9862365447576,68.98643316554679,109.97837171319053,440.91329023197295,135.9732595726719,17.996460825794813,1129.77781850823,13.997247308951522
1100102-062,11,001,02-062,2584.717295873573,103.26953467954345,20.852502194907814,40.71202809482001,33.76119402985075,2453.6444249341525,102.27655838454784,140.00965759438103,25.817383669885864,2345.4100087796314,138.02370500438983,48.6558384547849,259.16681299385425,1259.0939420544337,225.4056189640035,39.719051799824406,2262,77.4521510096576
1100102-063,11,001,02-063,2828,83,23,77,38,2679,92,177,16,2413,130,97,383,1263,246,45,2551,49
1100102-064,11,001,02-064,1793,37,13,34,24,1727,47,77,11,1583,67,68,209,659,215,25,1615,37
1100102-065,11,001,02-065,2046,40,18,30,24,1968,55,67,11,1761,78,54,207,627,222,14,1806,28
1100102-066,11,001,02-066,3319,64,34,57,37,3265,82,92,9,2991,116,103,348,1122,333,34,3085,41
1100102-067,11,001,02-067,2150,71,19,30,26,2094,57,78,22,1936,109,60,231,954,286,37,1991,37
1100102-068,11,001,02-068,1467.3136152529944,81.07797604497678,31.640185773649474,33.61769738450257,49.4377902713273,1411.9432901491077,86.02175507210951,111.72940601319971,17.79760449767783,1254.731117086287,155.23466145196772,75.14544121241751,214.5600097775605,741.5668540699096,152.2683940356881,20.76387191395747,1389.2019066242972,46.47152285504767
1100102-069,11,001,02-069,1558,42,8,25,17,1507,40,59,10,1395,57,43,166,622,188,22,1419,28
1100102-070,11,001,02-070,1131,20,14,23,24,1068,56,56,11,973,63,53,128,492,141,20,1045,37
1100102-071,11,001,02-071,1671,48,24,23,19,1648,64,50,6,1496,82,66,164,624,201,24,1564,35
1100102-072,11,001,02-072,2745,60,29,34,44,2630,83,98,25,2307,125,107,250,891,326,46,2496,51
1100102-073,11,001,02-073,1478.6863847470056,51.92202395502322,20.359814226350526,23.382302615497434,40.5622097286727,1414.0567098508923,71.97824492789049,85.270593986800293,18.20239550232217,1241.268882913713,120.76533854803226,60.8545587875825,170.4399902224395,732.4331459300904,145.7316059643119,21.23612808604253,1361.7980933757028,47.52847714495233
1100102-074,11,001,02-074,3213,118,49,57,81,3033,201,171,30,2709,262,168,361,1176,325,55,3000,75
1100102-075,11,001,02-075,2871,84,61,51,64,2706,177,154,17,2422,212,151,309,1214,247,30,2678,62
1100102-076,11,001,02-076,971.8456122458284,42.99317008906443,11.99809397834356,21.996505626963195,17.99714096751534,894.8578425514572,49.99205824309817,64.98967571602762,6.998888154033744,810.8711847030522,72.98840503492332,72.98840503492332,105.98316347536812,239.9618795668712,128.97951026719326,11.99809397834356,917.8541893432823,11.99809397834356
1100102-077,11,001,02-077,2035,44,28,35,36,1938,91,79,12,1708,105,88,261,638,197,24,1817,40
1100102-078,11,001,02-078,1894.7952980479001,36.041230546024224,13.0177832378512,36.027310197328944,22.029321059475926,1831.7407284990852,57.04763479738873,62.06589454065404,7.009050454063637,1609.4654122802767,72.09627345144874,93.09627345144874,197.1967783081725,472.5964692026445,197.2851100027194,20.028368048647707,1699.5221006805334,29.03366045404596
1100102-079,11,001,02-079,1367.7557938429609,32.2383258388101,11.128329297820823,24.183327568315462,12.256658595641648,1301.8941542718783,44.42165340712556,43.49498443445175,8.036665513663092,1132.8509166378417,76.78830854375649,63.7149775164303,122.75994465582843,357.4365271532342,140.27326184711174,16.256658595641646,1188.3092355586302,13.256658595641646
1100102-080,11,001,02-080,1014.1446982242809,28.947043551677307,11.978086986900955,15.970782649201274,32.939739213977624,972.2213937701274,47.91234794760382,46.91417403202874,7.985391324600637,876.3966978749198,79.85391324600636,46.91417403202874,107.80278288210859,344.37000087340243,100.81556547308303,19.96347831150159,892.3674805241211,33.937913129552705
1100102-081,11,001,02-081,3585,139,56,48,130,3324,270,195,53,2923,379,207,386,1365,284,66,3257,121
1100102-082,11,001,02-082,2114,83,55,37,85,1965,176,149,34,1759,258,142,266,1004,172,31,1978,81
1100102-083,11,001,02-083,4427,198,124,55,165,4055,423,278,63,3603,667,296,464,1972,390,62,4190,150
1100102-084,11,001,02-084,1876.1766438141194,126.2466008970894,54.11534558089665,26.039774338240225,114.19887169120112,1714.896897635163,236.44282096574116,119.21345561522254,48.09280678922719,1510.4434701792245,361.65495076968904,133.2267137279693,209.35796904416202,1052.876022953664,137.19224263482775,27.05966150736034,1674.8332586939787,110.1895910122784
1100102-085,11,001,02-085,2392.8233561858806,185.7533991029106,86.88465441910334,29.960225661759775,149.80112830879887,2182.103102364837,333.55717903425887,160.78654438477747,69.9071932107728,1840.5565298207755,493.34504923031096,170.77328627203073,269.642030955838,1413.123977046336,144.80775736517225,44.94033849263966,2134.1667413060213,142.81040898772162
1100102-086,11,001,02-086,1845,96,50,20,62,1714,160,98,52,1487,251,109,201,942,155,33,1672,101
1100102-087,11,001,02-087,2192.855301775719,94.05295644832269,49.021913013099045,37.029217350798724,76.06026078602237,2050.7786062298724,176.08765205239618,116.08582596797126,42.014608675399366,1761.60330212508,276.14608675399364,119.08582596797126,227.1972171178914,1002.6299991265976,190.18443452691696,37.03652168849841,1970.6325194758788,87.06208687044729
1100102-088,11,001,02-088,1891,113,58,25,88,1722,213,133,38,1469,293,113,186,1056,135,20,1636,82
1100102-089,11,001,02-089,2387,259,78,27,178,2148,386,165,76,1839,616,182,201,1404,138,32,2042,166
1100102-090,11,001,02-090,1363,66,43,17,79,1233,159,87,34,1040,250,102,132,733,87,15,1207,79
1100102-091,11,001,02-091,3383.087869643935,154.65926372963187,63.23657211828606,42.419553409776704,128.2617984308992,3117.010621605311,273.87531683765843,208.214484007242,55.49052504526252,2728.2315027157515,432.51092335546167,159.2649366324683,311.6135184067592,1526.1780325890163,315.70814725407365,40.00156910078455,3029.4333132166566,119.93530476765238
1100102-092,11,001,02-092,1032.3254476686789,13.279728360121126,6.1540102741841,9.21856297267359,10.314795170452113,1015.2091154167094,15.522002510088408,21.60129815265715,3.039647821284371,912.4102495938132,32.962515766477544,32.86289625765707,70.16053106083847,216.3122576537862,102.74947366923922,10.314795170452113,927.9820618583119,12.3080205483682
1100102-093,11,001,02-093,1029.6309349171759,23.008218591105496,7.003793195894844,16.005689793842265,8.006321993158075,1004.6208197281229,21.009482989737112,20.013276185631955,3.001896597947422,915.5582319958579,27.020230378105836,24.020230378105836,85.04298955347491,189.13339405563536,122.06321993158075,14.006321993158075,936.5677149855951,11.007586391789689
1100102-094,11,001,02-094,1254,25,11,15,10,1232,24,33,4,1110,42,50,126,245,151,7,1135,8
1100102-095,11,001,02-095,1121,16,4,20,8,1101,23,26,4,996,36,36,103,218,168,9,1012,10
1100102-096,11,001,02-096,1520,17,5,14,13,1472,32,30,6,1339,44,38,116,225,162,20,1345,20
1100102-097,11,001,02-097,888,16,6,9,12,849,19,25,5,769,30,37,77,188,119,14,793,17
1100102-098,11,001,02-098,1266,23,10,22,12,1244,20,33,5,1101,33,38,117,220,186,12,1110,17
1100102-099,11,001,02-099,971,17,12,20,14,951,32,26,1,858,35,33,104,191,144,10,896,9
1100102-100,11,001,02-100,1448.646913277456,12.43932657487463,6.6979900159054715,9.56860384087654,13.3957622137569,1403.6773395327468,22.00716805256202,25.834870970577487,1.913851459007734,1244.8440047891584,41.14426682528808,37.317217361434736,91.85659294631758,231.5594723678285,118.64942428215564,13.3957622137569,1268.764697573647,13.395980031810943
1100102-101,11,001,02-101,1145,16,2,11,8,1114,19,23,5,1005,25,39,115,264,142,15,1004,14
1100102-102,11,001,02-102,1560,22,4,23,8,1518,26,32,8,1350,39,54,170,295,187,16,1344,22
1100102-103,11,001,02-103,2283.5742520014655,41.013857852125575,9.0110862817004609,23.01662942255069,26.01108628170046,2227.521592163388,49.03464463031394,41.03741620073905,5.006928926062788,1977.3552979378812,88.06097454935252,63.074832401478105,170.1399643064683,368.2383550565599,240.18015207763247,15.006928926062788,2009.3913283534077,15.011086281700461
1100102-104,11,001,02-104,1982,40,8,32,19,1919,38,65,3,1741,73,70,180,377,296,22,1791,25
1100102-105,11,001,02-105,1600,18,9,19,19,1556,33,36,6,1404,48,59,123,284,192,12,1435,14
1100102-106,11,001,02-106,1856,35,13,26,25,1838,40,41,11,1700,47,66,146,332,254,21,1683,27
1100102-107,11,001,02-107,1037.4190064255008,9.13220956360476,7.305767650883809,10.958651476325715,7.305767650883809,1002.7166100838028,22.830523909011905,24.656965821732857,4.56610478180238,893.1300953205457,40.181722079860954,49.313931643465715,92.23531659240808,157.0740044940019,118.7187243268619,4.56610478180238,916.873840185918,7.305767650883809
1100102-108,11,001,02-108,912.0067415730337,18.85393258426966,4.683146067415731,10.024719101123596,17.68314606741573,893.7617977528089,19.134831460674157,28.30561797752809,9.42696629213483,833.514606741573,43.757303370786516,19.61123595505618,92.62471910112359,273.68764044943816,121.10112359550561,12.42696629213483,837.7348314606742,23.68314606741573
1100102-109,11,001,02-109,730,21,6,23,12,717,24,34,8,692,35,30,66,253,116,13,698,17
1100102-110,11,001,02-110,2614,53,14,29,37,2597,51,53,12,2359,94,61,208,585,293,22,2361,48
1100102-111,11,001,02-111,1572.6417099137902,31.008980995415918,11.002843269263087,26.003562377832093,12.008460265514309,1530.6222450275402,39.01649667168877,45.012722635697095,8.000418678775286,1368.5652199032438,56.01974160742547,45.020494401175185,142.06366661319316,352.1082664097943,164.06263940578262,14.00771756146798,1408.568348218892,23.005585301846274
1100102-112,11,001,02-112,1407,15,6,18,20,1377,26,31,3,1246,42,47,92,254,145,23,1231,11
1100102-113,11,001,02-113,1669,36,8,25,22,1633,27,49,10,1474,57,45,141,426,185,29,1470,30
1100102-114,11,001,02-114,1681.836302895323,30.22327394209354,14.22271714922049,27.556514476614698,24.000835189309576,1638.279231625835,40.89031180400891,46.22383073496659,7.111358574610245,1467.6066258351893,59.5576280623608,69.33574610244989,161.78340757238308,313.78869710467706,165.3390868596882,21.334075723830736,1530.7199331848553,17.77839643652561
1100102-115,11,001,02-115,1493,18,14,20,4,1424,29,29,2,1301,33,50,103,228,111,15,1266,14
1100102-116,11,001,02-116,2251,31,9,13,29,2134,55,51,5,1936,87,80,163,349,237,30,1974,21
1100102-117,11,001,02-117,1405,29,5,13,10,1313,44,45,8,1233,46,51,131,225,133,34,1235,28
1100102-118,11,001,02-118,1698,24,9,20,13,1615,45,44,9,1483,54,64,153,290,219,17,1515,12
1100102-119,11,001,02-119,1759.0756988992573,36.86111015227,7.795366685848744,21.467583031558522,14.112729167075956,1680.4630068371268,56.27847779259681,46.90476780417892,8.887624874620002,1492.6101648599952,66.60260648421655,79.7701941231625,132.89590264863335,313.27534936724885,200.11497789494624,20.727714280635585,1560.4590793825216,20.283393567940706
1100102-120,11,001,02-120,1264,17,9,17,14,1207,23,41,4,1119,41,61,134,252,165,31,1103,19
1100102-121,11,001,02-121,2235.663006177734,25.160146470694833,10.945786378685618,32.98898113887773,20.296641510193787,2158.5760346482393,41.575925821164994,55.72317556443857,6.385525423826321,1982.898274491605,65.68051870723023,62.48485577775881,165.63590535975737,309.1267029998878,213.3670233829591,16.797734575080614,1937.2782636376623,15.354425330724041
1100102-122,11,001,02-122,915.4301833568406,13.077574047954867,5.721438645980254,17.98166431593794,8.173483779971791,894.1791255289139,26.97249647390691,17.98166431593794,2.4520451339915375,826.3392101551481,23.703102961918194,27.789844851904093,77.64809590973202,190.44217207334273,111.15937940761637,10.625528913963329,825.5218617771509,8.173483779971791
1100102-123,11,001,02-123,1477.4183176721335,80.13453343269714,18.803912851876657,22.798076701099216,16.841008850095466,1430.7617524232967,77.23288852930206,55.47002011321723,8.910992441942668,1302.8047305858352,106.8936245155411,72.32414845003498,138.72127228108243,296.2676932400899,202.1213888018374,24.758989878624302,1388.889372680225,26.729944133283116
1100102-124,11,001,02-124,1701.805589512294,34.73530035571029,4.561014439690173,21.305644423089017,24.734088967416145,1670.579026510519,36.3885607691266,41.967865909304464,6.270542872666584,1525.5470762039756,47.91373949666488,52.6022194175998,174.39776320471304,312.02289333953036,181.92416830040523,15.877051595635066,1546.0295319305983,11.796431180757496
1100102-125,11,001,02-125,2570.027397260274,22.356164383561644,10.246575342465754,13.972602739726026,26.08219178082192,2442.4109589041095,64.27397260273972,45.64383561643835,6.52054794520548,2219.780821917808,76.38356164383562,65.20547945205479,162.08219178082192,299.94520547945206,204,35.397260273972606,2221.6438356164385,20.493150684931507
1100102-126,11,001,02-126,2390.7595493394524,42.60266720019007,20.73334250326679,38.9892411671658,24.894713741770506,2307.450291666406,71.65875218046429,63.29591792075927,3.476439731654402,2119.2531351794078,77.54414260080154,62.73628230056958,188.7400811539111,330.74452523711574,225.78813327247832,25.57964524861982,2128.381084511357,19.488775376227782
1100102-127,11,001,02-127,3245,170,80,52,76,3041,258,201,27,2717,317,204,441,1277,376,38,2992,92
1100102-128,11,001,02-128,2039.4235380870005,98.02930777728403,41.015060941104295,54.0046811033162,68.01282215256177,1921.3822222620793,158.0514921364782,125.0213702542696,17.00712341808987,1723.326049022285,236.0755082317526,150.03785587899188,239.045386349544,777.1827665555629,229.03459945929364,15.006309313165312,1893.3956549933343,54.01139746894379
1100102-129,11,001,02-129,2076.8077945878267,143.70735756285686,73.8473981935304,22.954561520079505,62.87059442588675,1874.2430168896603,252.4706979139377,104.7936823945531,34.924832591388544,1598.8233724664883,370.22484326047226,185.61313258141746,222.56233318577085,896.1844010987024,169.68630524555257,30.94207294288887,1940.0879302981277,55.89105575142598
1100102-130,11,001,02-130,765,114,33,7,77,697,170,63,26,552,274,73,88,395,57,17,676,75
1100102-131,11,001,02-131,2183.912130356065,201.34073627036815,99.76342788171394,23.580446590223296,148.7382015691008,1997.989378394689,369.12468316234157,128.785515992758,53.50947495473748,1707.7684972842487,560.4890766445384,226.7350633675317,220.3864815932408,956.8219674109837,260.2918527459264,38.99843089921545,2099.5666867833434,126.06469523234762
1100102-132,11,001,02-132,1245.8792412977616,13.999730563305683,9.998899042481234,10.999922245656549,7.999380137335132,1222.880411910696,19.99918413401011,20.999473546513144,1.000452477096873,1119.8877811502794,40.99637477620949,48.99387967071546,114.98860273913645,218.98494726852687,144.98440301131404,15.997944951701061,1127.8894441919283,9.000077211322765
1100102-133,11,001,02-133,938,14,4,10,10,913,18,25,3,857,35,25,82,190,106,15,843,8
1100102-134,11,001,02-134,1469,25,8,9,7,1393,31,29,0,1228,26,39,95,173,138,14,1260,10
1100102-135,11,001,02-135,2302,71,52,36,27,2172,118,131,16,1913,177,102,290,1014,192,24,2133,49
1100102-136,11,001,02-136,1923.7420835689782,91.70170284132557,44.103949271772144,32.459937547493986,46.42953606703034,1753.5456000611498,152.33237630651743,130.27722902690073,16.687879083453076,1528.8779550670865,240.25999500011784,104.56494428070239,237.16936595795428,916.1774867484065,128.57333753060945,13.922344973728523,1709.928185413831,48.51918598115838
1100102-137,11,001,02-137,950.0000000000001,35,19,21,24,872,77,66,6,797.0000000000001,125,62,93,452,73,8,880.0000000000001,24
1100102-138,11,001,02-138,2051.928463094034,137.3948116784631,49.12891809908999,32.177262386248735,61.05640166835187,1893.590053083923,174.3303526289181,131.46732810920122,44.04028690596562,1684.9857494944388,305.51567239635995,117.33035262891809,222.9265988372093,1027.424387007078,152.65264787664307,34.153090242669364,1771.001864256825,98.17726238624873
1100102-139,11,001,02-139,1798,56,17,24,20,1795,51,42,7,1636,75,60,162,655,227,23,1663,24
1100102-140,11,001,02-140,1186.4630036751396,19.84051845610601,3.9681036912212027,7.936207382442405,17.85646661049541,1144.797914917317,35.71293322099082,27.77672583854842,1.9840518456106013,1031.7069597175127,36.704959143796124,32.73685545257492,119.04311073663608,212.29354748033435,107.13879966297247,12.896336996468909,1042.619244868371,12.896336996468909
1100102-141,11,001,02-141,2361,108.00000000000001,59.00000000000001,20,52,2117,210.00000000000003,130,19,1841,303,168.00000000000003,257,1051,150,22.000000000000004,2098,56.00000000000001
1100102-142,11,001,02-142,1368.3369491414464,89.23346084032205,41.12218904143654,17.03598586376157,36.10351362550402,1290.985156451798,124.42532330831413,80.16316435776486,13.06078299271744,1161.5182322688772,184.62268193105118,96.31042452268865,171.3460175358187,576.4465358877883,173.24382759153363,30.045186574462146,1287.1131181447877,45.0859291831436
1100102-143,11,001,02-143,1427,144,55,15,72,1286,239,94,22,1112,359,170,179,524,142,25,1374,52
